-- phpMyAdmin SQL Dump
-- version 5.2.1
-- https://www.phpmyadmin.net/
--
-- Host: 127.0.0.1
-- Waktu pembuatan: 13 Jan 2026 pada 09.57
-- Versi server: 10.4.32-MariaDB
-- Versi PHP: 8.2.12

SET SQL_MODE = "NO_AUTO_VALUE_ON_ZERO";
START TRANSACTION;
SET time_zone = "+00:00";


/*!40101 SET @OLD_CHARACTER_SET_CLIENT=@@CHARACTER_SET_CLIENT */;
/*!40101 SET @OLD_CHARACTER_SET_RESULTS=@@CHARACTER_SET_RESULTS */;
/*!40101 SET @OLD_COLLATION_CONNECTION=@@COLLATION_CONNECTION */;
/*!40101 SET NAMES utf8mb4 */;

--
-- Database: `sidemi`
--

-- --------------------------------------------------------

--
-- Struktur dari tabel `check_schemas`
--

CREATE TABLE `check_schemas` (
  `id` int(11) NOT NULL,
  `name` varchar(255) DEFAULT NULL,
  `createdAt` datetime NOT NULL,
  `updatedAt` datetime NOT NULL
) ENGINE=InnoDB DEFAULT CHARSET=utf8mb4 COLLATE=utf8mb4_general_ci;

-- --------------------------------------------------------

--
-- Struktur dari tabel `dosens`
--

CREATE TABLE `dosens` (
  `id` int(11) NOT NULL,
  `userId` int(11) NOT NULL,
  `nidn` varchar(255) NOT NULL,
  `nama` varchar(255) NOT NULL,
  `createdAt` datetime NOT NULL,
  `updatedAt` datetime NOT NULL
) ENGINE=InnoDB DEFAULT CHARSET=utf8mb4 COLLATE=utf8mb4_general_ci;

--
-- Dumping data untuk tabel `dosens`
--

INSERT INTO `dosens` (`id`, `userId`, `nidn`, `nama`, `createdAt`, `updatedAt`) VALUES
(10, 40, '0725118604', 'M. Taufiq, M.Kom', '2026-01-07 05:12:57', '2026-01-07 05:12:57'),
(11, 41, '718128501', 'Abdul Haris, M.Kom', '2026-01-07 05:30:52', '2026-01-07 05:30:52'),
(12, 42, '722109203', 'Agus Eko Musantono, M.Kom.', '2026-01-07 05:31:15', '2026-01-07 05:31:15'),
(13, 43, '718029002', 'Arif Hadi Sumitro, S.Kom, M.Kom', '2026-01-07 05:31:54', '2026-01-07 05:31:54'),
(14, 44, '726067101', 'Djuniharto, SE, S.Kom, M.Kom', '2026-01-07 05:32:18', '2026-01-07 05:32:18'),
(15, 45, '713078001', 'Dwi Yulian R.L., S.Kom, M.Kom', '2026-01-07 05:32:48', '2026-01-07 05:32:48'),
(16, 46, '721017404', 'Faruk Alfiyan, S.Kom, M.Kom', '2026-01-07 05:33:15', '2026-01-07 05:33:15'),
(17, 47, '730076801', 'H. Chairul Anam, S.Kom, MM', '2026-01-07 05:34:11', '2026-01-07 05:34:11'),
(18, 48, '713077804', 'Hadiq, M.Kom', '2026-01-07 05:34:28', '2026-01-07 05:34:28'),
(19, 49, '724107301', 'Nur Ahmadi Indartono ST, M.Kom', '2026-01-07 05:35:07', '2026-01-07 05:35:07'),
(20, 50, '704068408', 'Pelsri Ramadar N.S., M.Kom', '2026-01-07 05:35:26', '2026-01-07 05:35:26'),
(21, 51, '711077704', 'Rachman Yulianto, S.Kom, M.Kom', '2026-01-07 05:42:03', '2026-01-07 05:42:03'),
(22, 52, '708027201', 'Rudi Hartono, SE, S.Kom, M.Kom', '2026-01-07 05:42:20', '2026-01-07 05:42:20'),
(23, 53, '723048302', 'Solehatin, S.Kom, M.Kom', '2026-01-07 05:42:38', '2026-01-07 05:42:38'),
(24, 54, '711068402', 'Sony Panca Budiarto, M.Kom', '2026-01-07 05:42:59', '2026-01-07 05:42:59'),
(25, 55, '712058304', 'Sulaibatul Aslamiyah, S.Kom, M.Kom', '2026-01-07 05:43:17', '2026-01-07 05:43:17'),
(26, 56, '715096904', 'Tintin Harlina, S.Kom, M.Kom', '2026-01-07 05:43:33', '2026-01-07 05:43:33'),
(27, 57, '708107502', 'Yoyon Arie Budi, ST, M.Kom', '2026-01-07 05:43:54', '2026-01-07 05:43:54');

-- --------------------------------------------------------

--
-- Struktur dari tabel `instansis`
--

CREATE TABLE `instansis` (
  `id` int(11) NOT NULL,
  `userId` int(11) DEFAULT NULL,
  `nama` varchar(255) NOT NULL,
  `alamat` text DEFAULT NULL,
  `kontak` varchar(255) DEFAULT NULL,
  `mapsUrl` varchar(255) DEFAULT NULL,
  `pimpinan` varchar(255) DEFAULT NULL,
  `logoUrl` varchar(255) DEFAULT NULL,
  `noSurat` varchar(255) DEFAULT NULL,
  `isProposed` tinyint(1) DEFAULT 0,
  `createdAt` datetime NOT NULL,
  `updatedAt` datetime NOT NULL
) ENGINE=InnoDB DEFAULT CHARSET=utf8mb4 COLLATE=utf8mb4_general_ci;

--
-- Dumping data untuk tabel `instansis`
--

INSERT INTO `instansis` (`id`, `userId`, `nama`, `alamat`, `kontak`, `mapsUrl`, `pimpinan`, `logoUrl`, `noSurat`, `isProposed`, `createdAt`, `updatedAt`) VALUES
(1, NULL, 'SMA PGRI PURWOHARJO', 'Jl. Jajag No.7, Tanjungrejo, Kradenan, Kec. Purwoharjo, Kabupaten Banyuwangi, Jawa Timur 68483', NULL, NULL, NULL, NULL, NULL, 0, '2026-01-06 09:48:52', '2026-01-07 05:02:47'),
(2, NULL, 'SMA NEGERI SRONO', 'Jl.Raya Wonosobo kec.srono, kab.Banyuwangi', '022-1234567', NULL, 'Ririek Adriansyah', NULL, NULL, 0, '2026-01-06 09:48:55', '2026-01-07 05:03:08'),
(3, NULL, 'SMK NUHUUDLIYYAH', 'Jl. karangsari, Desa Parijatah Kulon, Kec. Srono', '021-7654321', NULL, 'Darmawan Prasodjo', NULL, NULL, 0, '2026-01-06 09:48:55', '2026-01-09 05:13:40'),
(4, NULL, 'Klinik Alhikmah', 'Desa Gladag Kec. Rogojampi', '022-9876543', NULL, 'Didiek Hartantyo', NULL, NULL, 0, '2026-01-06 09:48:55', '2026-01-07 05:03:53'),
(5, NULL, 'SMK PGRI 1 Giri Banyuwangi', 'SMK PGRI 1, Jl. Simpang Gajah Mada, Lingkungan Cuking Rw., Mojopanggung, Kec. Giri, Kabupaten Banyuwangi, Jawa Timur 68422', '', NULL, NULL, NULL, NULL, 0, '2026-01-07 05:04:19', '2026-01-07 05:04:19'),
(6, NULL, 'Atap Langit Coffee House & Space', 'Jl. MH.Tamrin, Pengantigan, Kec. Banyuwangi, Kabupaten Banyuwangi, Jawa Timur 68414\n', '', NULL, NULL, NULL, NULL, 0, '2026-01-07 05:04:34', '2026-01-07 05:04:34'),
(7, NULL, 'MA Unggulan Al - Anwari', 'Jl. KH. Abdul Wahid No.25 Kertosari, Banyuwangi\n', '', NULL, NULL, NULL, NULL, 0, '2026-01-07 05:05:01', '2026-01-07 05:05:01'),
(8, NULL, 'MA Muhammadiyah 1 Pakis Duren Banyuwangi', 'Masjid At-Taqwa, Jl. Kutilang Kompleks, Pakis, duren, Kec. Banyuwangi, Kabupaten Banyuwangi, Jawa Timur 68419\n', '', NULL, NULL, NULL, NULL, 0, '2026-01-07 05:05:16', '2026-01-07 05:05:16'),
(9, NULL, 'Puskesmas Kabat', 'Jl. Raya Jember No. 8, Kecamatan Kabat, Kabupaten Banyuwangi\n', '', NULL, NULL, NULL, NULL, 0, '2026-01-07 05:05:37', '2026-01-07 05:05:37'),
(10, NULL, 'STIKOM PGRI Banyuwangi', 'Jl. Jenderal Ahmad Yani No.80, Taman Baru, Kec. Banyuwangi, Kabupaten Banyuwangi, Jawa Timur 68416\n', '', NULL, NULL, NULL, NULL, 0, '2026-01-07 05:05:51', '2026-01-07 05:05:51'),
(11, NULL, 'Griya Matematika 2 Taman Baru', 'jln pejajaran gg 3 ( depan kelurahan taman baru persis) msk ke barat notok ada musholah dekat lapangan voli, rmh no 4 dari musholah menghadap ke timur\"\n', '', NULL, NULL, NULL, NULL, 0, '2026-01-07 05:06:08', '2026-01-07 05:06:08'),
(12, NULL, 'MAN 1 Banyuwangi', 'Jl. Ikan Tengiri No.02, Sobo, Kec. Banyuwangi, Kabupaten Banyuwangi, Jawa Timur 68418', '', NULL, NULL, NULL, NULL, 0, '2026-01-07 05:06:24', '2026-01-07 05:06:24'),
(13, NULL, 'Mentari Resto', 'Jl. Kolonel Sugiono No.17, Tukangkayu, Kec. Banyuwangi, Kabupaten Banyuwangi, Jawa Timur 68416\n', '', NULL, NULL, NULL, NULL, 0, '2026-01-07 05:06:41', '2026-01-07 05:06:41'),
(14, NULL, 'SMA 17 Agustus Muncar', 'Muncar', '', NULL, NULL, NULL, NULL, 0, '2026-01-08 08:47:10', '2026-01-08 08:47:10'),
(15, NULL, 'Riyad Network ', 'Banyuwangi', '', NULL, NULL, NULL, NULL, 0, '2026-01-08 09:02:17', '2026-01-08 09:02:17'),
(16, NULL, 'Notaris YOGA PANDAWA', 'Banyuwangi', '', NULL, NULL, NULL, NULL, 0, '2026-01-08 09:02:29', '2026-01-08 09:02:29'),
(17, NULL, 'Khansa Advertising', '', '', NULL, NULL, NULL, NULL, 0, '2026-01-08 09:02:35', '2026-01-08 09:02:35'),
(18, NULL, 'SMPN 1 Songgon', '', '', NULL, NULL, NULL, NULL, 0, '2026-01-08 09:02:39', '2026-01-08 09:02:39'),
(19, NULL, 'Bank BRI Banyuwangi', '', '', NULL, NULL, NULL, NULL, 0, '2026-01-08 09:02:46', '2026-01-08 09:02:46'),
(20, NULL, 'Ankara Outdoor Banyuwangi Kota', '', '', NULL, NULL, NULL, NULL, 0, '2026-01-08 09:02:52', '2026-01-08 09:02:52'),
(21, NULL, 'Koperasi Merah Putih - Giri', '', '', NULL, NULL, NULL, NULL, 0, '2026-01-08 09:03:01', '2026-01-08 09:03:01'),
(22, NULL, 'SD Nurul Islam Yapis - Papua', '', '', NULL, NULL, NULL, NULL, 0, '2026-01-08 09:03:19', '2026-01-08 09:03:19'),
(23, NULL, 'Tani Bangkit', '', '', NULL, NULL, NULL, NULL, 0, '2026-01-08 09:03:27', '2026-01-08 09:03:27'),
(24, NULL, 'CV. Juna Network Indonesia', '', '', NULL, NULL, NULL, NULL, 0, '2026-01-08 09:03:33', '2026-01-08 09:03:33'),
(25, NULL, 'Yufi Network', '', '', NULL, NULL, NULL, NULL, 0, '2026-01-08 09:03:37', '2026-01-08 09:03:37'),
(26, NULL, 'Rumah Literasi Indonesia', '', '', NULL, NULL, NULL, NULL, 0, '2026-01-08 09:03:46', '2026-01-08 09:03:46'),
(27, NULL, 'SD Negeri 4 Bajulmati ', '', '', NULL, NULL, NULL, NULL, 0, '2026-01-08 09:03:50', '2026-01-08 09:03:50'),
(28, NULL, 'Banyucindih Creative', '', '', NULL, NULL, NULL, NULL, 0, '2026-01-08 09:03:58', '2026-01-08 09:03:58'),
(29, NULL, 'Trijaya Group', '', '', NULL, NULL, NULL, NULL, 0, '2026-01-08 09:04:05', '2026-01-08 09:04:05'),
(30, NULL, 'Bank Mandiri Jember', '', '', NULL, NULL, NULL, NULL, 0, '2026-01-08 09:04:13', '2026-01-08 09:04:13'),
(31, NULL, 'Matahari Grosir Gianyar ', '', '', NULL, NULL, NULL, NULL, 0, '2026-01-08 09:04:17', '2026-01-08 09:04:17'),
(32, NULL, 'PT. PUTERA MASTER SARANA PENYEBRANGAN', '', '', NULL, NULL, NULL, NULL, 0, '2026-01-08 09:04:24', '2026-01-08 09:04:24'),
(33, NULL, 'PT Nutech Integrasi (Pelabuhan Gilimanuk)', '', '', NULL, NULL, NULL, NULL, 0, '2026-01-08 09:04:30', '2026-01-08 09:04:30'),
(34, NULL, 'PT. Mudapedia Digital Indonesia', '', '', NULL, NULL, NULL, NULL, 0, '2026-01-08 09:04:38', '2026-01-08 09:04:38'),
(35, NULL, 'SMKS PGRI 2 Giri Banyuwangi', '', '', NULL, NULL, NULL, NULL, 0, '2026-01-08 09:04:44', '2026-01-08 09:04:44'),
(36, NULL, 'ACS Multi Technology', '', '', NULL, NULL, NULL, NULL, 0, '2026-01-08 09:04:48', '2026-01-08 09:04:48'),
(37, NULL, 'UPTD Puskesmas Genteng Kulon', '', '', NULL, NULL, NULL, NULL, 0, '2026-01-08 09:04:55', '2026-01-08 09:04:55'),
(38, NULL, 'LSP Pariwisata Buseba', '', '', NULL, NULL, NULL, NULL, 0, '2026-01-08 09:05:06', '2026-01-08 09:05:06'),
(39, NULL, 'PT. Alexa Computindo Groups', '', '', NULL, NULL, NULL, NULL, 0, '2026-01-08 09:05:10', '2026-01-08 09:05:10'),
(40, NULL, 'Kejaya Handicraft', '', '', NULL, NULL, NULL, NULL, 0, '2026-01-08 09:05:16', '2026-01-08 09:05:16'),
(41, NULL, 'Dinas Perhubungan Kabupaten Banyuwangi', '', '', NULL, NULL, NULL, NULL, 0, '2026-01-08 09:05:26', '2026-01-08 09:05:26'),
(42, NULL, 'UD. Manfaat', '', '', NULL, NULL, NULL, NULL, 0, '2026-01-08 09:05:34', '2026-01-08 09:05:34'),
(43, NULL, 'PT. INDOFOOD CBP SUKSES MAKMUR Tbk', '', '', NULL, NULL, NULL, NULL, 0, '2026-01-08 09:05:39', '2026-01-08 09:05:39'),
(44, NULL, 'SMK Gajah Mada ', '', '', NULL, NULL, NULL, NULL, 0, '2026-01-08 09:05:46', '2026-01-08 09:05:46'),
(45, NULL, 'PT. Kinarya Alihdaya Mandiri (PLN Icon+ UP3 Bwi)', '', '', NULL, NULL, NULL, NULL, 0, '2026-01-08 09:05:53', '2026-01-08 09:05:53'),
(46, NULL, 'Pemda bagian Organisasi Setda Kab. Bwi', '', '', NULL, NULL, NULL, NULL, 0, '2026-01-08 09:06:00', '2026-01-08 09:06:00'),
(47, NULL, 'Naskah ID ', '', '', NULL, NULL, NULL, NULL, 0, '2026-01-08 09:06:06', '2026-01-08 09:06:06'),
(48, NULL, 'RSI Fatimah', '', '', NULL, NULL, NULL, NULL, 0, '2026-01-08 09:39:30', '2026-01-08 09:39:30'),
(49, NULL, 'Rian Studio Foto', '', '', NULL, NULL, NULL, NULL, 0, '2026-01-08 09:40:16', '2026-01-08 09:40:16');

-- --------------------------------------------------------

--
-- Struktur dari tabel `komponennilais`
--

CREATE TABLE `komponennilais` (
  `id` int(11) NOT NULL,
  `pendaftaranId` int(11) NOT NULL,
  `kriteriaNilaiId` int(11) DEFAULT NULL,
  `jenis` enum('HARIAN','LOGBOOK','MONEV','PEMBIMBING','PENGUJI','INSTANSI') NOT NULL,
  `nilai` float NOT NULL DEFAULT 0,
  `createdAt` datetime NOT NULL,
  `updatedAt` datetime NOT NULL
) ENGINE=InnoDB DEFAULT CHARSET=utf8mb4 COLLATE=utf8mb4_general_ci;

--
-- Dumping data untuk tabel `komponennilais`
--

INSERT INTO `komponennilais` (`id`, `pendaftaranId`, `kriteriaNilaiId`, `jenis`, `nilai`, `createdAt`, `updatedAt`) VALUES
(13, 5, NULL, 'LOGBOOK', 0, '2026-01-07 08:20:14', '2026-01-08 04:30:58'),
(14, 5, NULL, 'MONEV', 8, '2026-01-07 08:20:14', '2026-01-13 06:57:23'),
(15, 6, 22, 'PEMBIMBING', 95, '2026-01-08 04:25:58', '2026-01-13 08:41:01'),
(16, 6, 23, 'PEMBIMBING', 95, '2026-01-08 04:25:58', '2026-01-13 08:41:01'),
(17, 6, 24, 'PEMBIMBING', 80, '2026-01-08 04:25:58', '2026-01-13 08:41:01'),
(18, 6, 25, 'PEMBIMBING', 85, '2026-01-08 04:25:58', '2026-01-13 08:41:01'),
(19, 6, 26, 'PEMBIMBING', 95, '2026-01-08 04:25:58', '2026-01-13 08:41:01'),
(20, 5, 22, 'PEMBIMBING', 14, '2026-01-08 04:27:50', '2026-01-08 04:27:50'),
(21, 5, 23, 'PEMBIMBING', 10, '2026-01-08 04:27:50', '2026-01-08 04:27:50'),
(22, 5, 24, 'PEMBIMBING', 0, '2026-01-08 04:27:50', '2026-01-08 04:27:50'),
(23, 5, 25, 'PEMBIMBING', 0, '2026-01-08 04:27:50', '2026-01-08 04:27:50'),
(24, 5, 26, 'PEMBIMBING', 0, '2026-01-08 04:27:50', '2026-01-08 04:27:50'),
(25, 5, 27, 'PENGUJI', 0, '2026-01-11 05:51:23', '2026-01-11 05:51:23'),
(26, 5, 28, 'PENGUJI', 0, '2026-01-11 05:51:23', '2026-01-11 05:51:23'),
(27, 5, 29, 'PENGUJI', 0, '2026-01-11 05:51:23', '2026-01-11 05:51:23'),
(28, 5, 30, 'PENGUJI', 0, '2026-01-11 05:51:23', '2026-01-11 05:51:23'),
(29, 5, 31, 'PENGUJI', 0, '2026-01-11 05:51:23', '2026-01-11 05:51:23'),
(30, 6, 27, 'PENGUJI', 77, '2026-01-12 01:28:32', '2026-01-13 08:41:01'),
(31, 6, 28, 'PENGUJI', 75, '2026-01-12 01:28:32', '2026-01-13 08:41:01'),
(32, 6, 29, 'PENGUJI', 75, '2026-01-12 01:28:32', '2026-01-13 08:41:01'),
(33, 6, 30, 'PENGUJI', 80, '2026-01-12 01:28:32', '2026-01-13 08:41:01'),
(34, 6, 31, 'PENGUJI', 72, '2026-01-12 01:28:32', '2026-01-13 08:41:01'),
(35, 11, 22, 'PEMBIMBING', 60, '2026-01-12 01:31:16', '2026-01-12 01:31:16'),
(36, 11, 23, 'PEMBIMBING', 60, '2026-01-12 01:31:16', '2026-01-12 01:31:16'),
(37, 11, 24, 'PEMBIMBING', 80, '2026-01-12 01:31:16', '2026-01-12 01:31:16'),
(38, 11, 25, 'PEMBIMBING', 80, '2026-01-12 01:31:16', '2026-01-12 01:31:16'),
(39, 11, 26, 'PEMBIMBING', 70, '2026-01-12 01:31:16', '2026-01-12 01:31:16'),
(40, 11, 27, 'PENGUJI', 78, '2026-01-12 02:03:29', '2026-01-12 02:03:29'),
(41, 11, 28, 'PENGUJI', 78, '2026-01-12 02:03:29', '2026-01-12 02:03:29'),
(42, 11, 29, 'PENGUJI', 78, '2026-01-12 02:03:29', '2026-01-12 02:03:29'),
(43, 11, 30, 'PENGUJI', 75, '2026-01-12 02:03:29', '2026-01-12 02:03:29'),
(44, 11, 31, 'PENGUJI', 78, '2026-01-12 02:03:29', '2026-01-12 02:03:29'),
(45, 13, 22, 'PEMBIMBING', 90, '2026-01-12 02:04:32', '2026-01-12 02:04:32'),
(46, 13, 23, 'PEMBIMBING', 90, '2026-01-12 02:04:32', '2026-01-12 02:04:32'),
(47, 13, 24, 'PEMBIMBING', 90, '2026-01-12 02:04:32', '2026-01-12 02:04:32'),
(48, 13, 25, 'PEMBIMBING', 90, '2026-01-12 02:04:32', '2026-01-12 02:04:32'),
(49, 13, 26, 'PEMBIMBING', 90, '2026-01-12 02:04:32', '2026-01-12 02:04:32'),
(50, 14, 22, 'PEMBIMBING', 90, '2026-01-12 02:05:00', '2026-01-12 02:05:00'),
(51, 14, 23, 'PEMBIMBING', 90, '2026-01-12 02:05:00', '2026-01-12 02:05:00'),
(52, 14, 24, 'PEMBIMBING', 90, '2026-01-12 02:05:00', '2026-01-12 02:05:00'),
(53, 14, 25, 'PEMBIMBING', 90, '2026-01-12 02:05:00', '2026-01-12 02:05:00'),
(54, 14, 26, 'PEMBIMBING', 90, '2026-01-12 02:05:00', '2026-01-12 02:05:00'),
(55, 35, 37, 'PEMBIMBING', 90, '2026-01-12 02:06:07', '2026-01-12 02:06:07'),
(56, 35, 38, 'PEMBIMBING', 90, '2026-01-12 02:06:07', '2026-01-12 02:06:07'),
(57, 35, 39, 'PEMBIMBING', 90, '2026-01-12 02:06:07', '2026-01-12 02:06:07'),
(58, 35, 40, 'PEMBIMBING', 90, '2026-01-12 02:06:07', '2026-01-12 02:06:07'),
(59, 35, 41, 'PEMBIMBING', 90, '2026-01-12 02:06:07', '2026-01-12 02:06:07'),
(60, 35, 42, 'PEMBIMBING', 90, '2026-01-12 02:06:07', '2026-01-12 02:06:07'),
(61, 35, 43, 'PEMBIMBING', 90, '2026-01-12 02:06:07', '2026-01-12 02:06:07'),
(62, 35, 44, 'PEMBIMBING', 90, '2026-01-12 02:06:07', '2026-01-12 02:06:07'),
(63, 35, 45, 'PEMBIMBING', 90, '2026-01-12 02:06:07', '2026-01-12 02:06:07'),
(64, 36, 37, 'PEMBIMBING', 90, '2026-01-12 02:06:25', '2026-01-12 02:06:25'),
(65, 36, 38, 'PEMBIMBING', 90, '2026-01-12 02:06:25', '2026-01-12 02:06:25'),
(66, 36, 39, 'PEMBIMBING', 90, '2026-01-12 02:06:25', '2026-01-12 02:06:25'),
(67, 36, 40, 'PEMBIMBING', 90, '2026-01-12 02:06:25', '2026-01-12 02:06:25'),
(68, 36, 41, 'PEMBIMBING', 90, '2026-01-12 02:06:25', '2026-01-12 02:06:25'),
(69, 36, 42, 'PEMBIMBING', 90, '2026-01-12 02:06:25', '2026-01-12 02:06:25'),
(70, 36, 43, 'PEMBIMBING', 90, '2026-01-12 02:06:25', '2026-01-12 02:06:25'),
(71, 36, 44, 'PEMBIMBING', 90, '2026-01-12 02:06:25', '2026-01-12 02:06:25'),
(72, 36, 45, 'PEMBIMBING', 90, '2026-01-12 02:06:25', '2026-01-12 02:06:25'),
(73, 23, 27, 'PENGUJI', 85, '2026-01-12 02:16:22', '2026-01-13 08:29:21'),
(74, 23, 28, 'PENGUJI', 85, '2026-01-12 02:16:22', '2026-01-13 08:29:21'),
(75, 23, 29, 'PENGUJI', 88, '2026-01-12 02:16:22', '2026-01-13 08:29:21'),
(76, 23, 30, 'PENGUJI', 88, '2026-01-12 02:16:22', '2026-01-13 08:29:21'),
(77, 23, 31, 'PENGUJI', 88, '2026-01-12 02:16:22', '2026-01-13 08:29:21'),
(78, 7, 27, 'PENGUJI', 85, '2026-01-12 02:35:06', '2026-01-12 02:35:06'),
(79, 7, 28, 'PENGUJI', 85, '2026-01-12 02:35:06', '2026-01-12 02:35:06'),
(80, 7, 29, 'PENGUJI', 80, '2026-01-12 02:35:06', '2026-01-12 02:35:06'),
(81, 7, 30, 'PENGUJI', 90, '2026-01-12 02:35:06', '2026-01-12 02:35:06'),
(82, 7, 31, 'PENGUJI', 90, '2026-01-12 02:35:07', '2026-01-12 02:35:07'),
(83, 7, 22, 'PEMBIMBING', 90, '2026-01-12 02:36:38', '2026-01-12 02:36:38'),
(84, 7, 23, 'PEMBIMBING', 95, '2026-01-12 02:36:38', '2026-01-12 02:36:38'),
(85, 7, 24, 'PEMBIMBING', 80, '2026-01-12 02:36:38', '2026-01-12 02:36:38'),
(86, 7, 25, 'PEMBIMBING', 90, '2026-01-12 02:36:38', '2026-01-12 02:36:38'),
(87, 7, 26, 'PEMBIMBING', 85, '2026-01-12 02:36:38', '2026-01-12 02:36:38'),
(88, 19, 27, 'PENGUJI', 75, '2026-01-12 02:38:04', '2026-01-13 08:25:46'),
(89, 19, 28, 'PENGUJI', 90, '2026-01-12 02:38:04', '2026-01-13 08:25:46'),
(90, 19, 29, 'PENGUJI', 75, '2026-01-12 02:38:04', '2026-01-13 08:25:46'),
(91, 19, 30, 'PENGUJI', 75, '2026-01-12 02:38:04', '2026-01-13 08:25:46'),
(92, 19, 31, 'PENGUJI', 90, '2026-01-12 02:38:04', '2026-01-13 08:25:46'),
(93, 13, 27, 'PENGUJI', 80, '2026-01-12 02:38:31', '2026-01-12 02:38:31'),
(94, 13, 28, 'PENGUJI', 80, '2026-01-12 02:38:31', '2026-01-12 02:38:31'),
(95, 13, 29, 'PENGUJI', 80, '2026-01-12 02:38:31', '2026-01-12 02:38:31'),
(96, 13, 30, 'PENGUJI', 78, '2026-01-12 02:38:31', '2026-01-12 02:38:31'),
(97, 13, 31, 'PENGUJI', 82, '2026-01-12 02:38:31', '2026-01-12 02:38:31'),
(98, 20, 27, 'PENGUJI', 75, '2026-01-12 02:38:45', '2026-01-13 08:27:16'),
(99, 20, 28, 'PENGUJI', 90, '2026-01-12 02:38:45', '2026-01-13 08:27:16'),
(100, 20, 29, 'PENGUJI', 75, '2026-01-12 02:38:45', '2026-01-13 08:27:16'),
(101, 20, 30, 'PENGUJI', 75, '2026-01-12 02:38:45', '2026-01-13 08:27:16'),
(102, 20, 31, 'PENGUJI', 90, '2026-01-12 02:38:45', '2026-01-13 08:27:16'),
(103, 24, 27, 'PENGUJI', 85, '2026-01-12 02:49:27', '2026-01-13 08:31:23'),
(104, 24, 28, 'PENGUJI', 88, '2026-01-12 02:49:27', '2026-01-13 08:31:23'),
(105, 24, 29, 'PENGUJI', 85, '2026-01-12 02:49:27', '2026-01-13 08:31:23'),
(106, 24, 30, 'PENGUJI', 88, '2026-01-12 02:49:27', '2026-01-13 08:31:23'),
(107, 24, 31, 'PENGUJI', 88, '2026-01-12 02:49:27', '2026-01-13 08:31:23'),
(108, 14, 27, 'PENGUJI', 80, '2026-01-12 03:06:46', '2026-01-12 03:06:46'),
(109, 14, 28, 'PENGUJI', 80, '2026-01-12 03:06:46', '2026-01-12 03:06:46'),
(110, 14, 29, 'PENGUJI', 80, '2026-01-12 03:06:46', '2026-01-12 03:06:46'),
(111, 14, 30, 'PENGUJI', 78, '2026-01-12 03:06:46', '2026-01-12 03:06:46'),
(112, 14, 31, 'PENGUJI', 82, '2026-01-12 03:06:46', '2026-01-12 03:06:46'),
(113, 8, 27, 'PENGUJI', 75, '2026-01-12 03:13:49', '2026-01-12 03:13:49'),
(114, 8, 28, 'PENGUJI', 75, '2026-01-12 03:13:49', '2026-01-12 03:13:49'),
(115, 8, 29, 'PENGUJI', 82, '2026-01-12 03:13:49', '2026-01-12 03:13:49'),
(116, 8, 30, 'PENGUJI', 80, '2026-01-12 03:13:49', '2026-01-12 03:13:49'),
(117, 8, 31, 'PENGUJI', 85, '2026-01-12 03:13:49', '2026-01-12 03:13:49'),
(118, 25, 27, 'PENGUJI', 85, '2026-01-12 03:27:43', '2026-01-13 08:33:06'),
(119, 25, 28, 'PENGUJI', 88, '2026-01-12 03:27:43', '2026-01-13 08:33:06'),
(120, 25, 29, 'PENGUJI', 88, '2026-01-12 03:27:43', '2026-01-13 08:33:06'),
(121, 25, 30, 'PENGUJI', 88, '2026-01-12 03:27:43', '2026-01-13 08:33:06'),
(122, 25, 31, 'PENGUJI', 85, '2026-01-12 03:27:43', '2026-01-13 08:33:06'),
(123, 27, NULL, 'MONEV', 87.5, '2026-01-12 03:53:59', '2026-01-12 03:53:59'),
(124, 26, 27, 'PENGUJI', 88, '2026-01-12 03:58:40', '2026-01-13 08:35:24'),
(125, 26, 28, 'PENGUJI', 88, '2026-01-12 03:58:41', '2026-01-13 08:35:24'),
(126, 26, 29, 'PENGUJI', 90, '2026-01-12 03:58:41', '2026-01-13 08:35:24'),
(127, 26, 30, 'PENGUJI', 90, '2026-01-12 03:58:41', '2026-01-13 08:35:24'),
(128, 26, 31, 'PENGUJI', 88, '2026-01-12 03:58:41', '2026-01-13 08:35:24'),
(129, 27, 53, 'INSTANSI', 100, '2026-01-12 04:03:54', '2026-01-12 04:03:54'),
(130, 27, 54, 'INSTANSI', 100, '2026-01-12 04:03:54', '2026-01-12 04:03:54'),
(131, 27, 55, 'INSTANSI', 100, '2026-01-12 04:03:54', '2026-01-12 04:03:54'),
(132, 27, 56, 'INSTANSI', 100, '2026-01-12 04:03:54', '2026-01-12 04:03:54'),
(133, 27, 57, 'INSTANSI', 100, '2026-01-12 04:03:54', '2026-01-12 04:03:54'),
(134, 27, 58, 'INSTANSI', 100, '2026-01-12 04:03:54', '2026-01-12 04:03:54'),
(135, 27, 59, 'INSTANSI', 100, '2026-01-12 04:03:54', '2026-01-12 04:03:54'),
(136, 27, 60, 'INSTANSI', 98, '2026-01-12 04:03:54', '2026-01-12 04:03:54'),
(137, 27, 61, 'INSTANSI', 100, '2026-01-12 04:03:54', '2026-01-12 04:03:54'),
(138, 16, 22, 'PEMBIMBING', 85, '2026-01-12 04:56:57', '2026-01-12 04:56:57'),
(139, 16, 23, 'PEMBIMBING', 90, '2026-01-12 04:56:58', '2026-01-12 04:56:58'),
(140, 16, 24, 'PEMBIMBING', 85, '2026-01-12 04:56:58', '2026-01-12 04:56:58'),
(141, 16, 25, 'PEMBIMBING', 85, '2026-01-12 04:56:58', '2026-01-12 04:56:58'),
(142, 16, 26, 'PEMBIMBING', 90, '2026-01-12 04:56:58', '2026-01-12 04:56:58'),
(143, 16, 27, 'PENGUJI', 95, '2026-01-12 04:59:09', '2026-01-12 04:59:09'),
(144, 16, 28, 'PENGUJI', 95, '2026-01-12 04:59:09', '2026-01-12 04:59:09'),
(145, 16, 29, 'PENGUJI', 89, '2026-01-12 04:59:09', '2026-01-12 04:59:09'),
(146, 16, 30, 'PENGUJI', 90, '2026-01-12 04:59:10', '2026-01-12 04:59:10'),
(147, 16, 31, 'PENGUJI', 98, '2026-01-12 04:59:10', '2026-01-12 04:59:10'),
(148, 17, 16, 'INSTANSI', 95, '2026-01-12 05:42:02', '2026-01-12 05:42:02'),
(149, 17, 17, 'INSTANSI', 95, '2026-01-12 05:42:02', '2026-01-12 05:42:02'),
(150, 17, 18, 'INSTANSI', 95, '2026-01-12 05:42:02', '2026-01-12 05:42:02'),
(151, 17, 19, 'INSTANSI', 95, '2026-01-12 05:42:02', '2026-01-12 05:42:02'),
(152, 17, 20, 'INSTANSI', 95, '2026-01-12 05:42:02', '2026-01-12 05:42:02'),
(153, 17, 21, 'INSTANSI', 95, '2026-01-12 05:42:02', '2026-01-12 05:42:02'),
(154, 17, 22, 'PEMBIMBING', 0, '2026-01-12 05:42:02', '2026-01-12 05:42:02'),
(155, 17, 23, 'PEMBIMBING', 0, '2026-01-12 05:42:02', '2026-01-12 05:42:02'),
(156, 17, 24, 'PEMBIMBING', 0, '2026-01-12 05:42:02', '2026-01-12 05:42:02'),
(157, 17, 25, 'PEMBIMBING', 0, '2026-01-12 05:42:02', '2026-01-12 05:42:02'),
(158, 17, 26, 'PEMBIMBING', 0, '2026-01-12 05:42:02', '2026-01-12 05:42:02'),
(159, 17, 27, 'PENGUJI', 0, '2026-01-12 05:42:03', '2026-01-12 05:42:03'),
(160, 17, 28, 'PENGUJI', 0, '2026-01-12 05:42:03', '2026-01-12 05:42:03'),
(161, 17, 29, 'PENGUJI', 0, '2026-01-12 05:42:03', '2026-01-12 05:42:03'),
(162, 17, 30, 'PENGUJI', 0, '2026-01-12 05:42:03', '2026-01-12 05:42:03'),
(163, 17, 31, 'PENGUJI', 0, '2026-01-12 05:42:03', '2026-01-12 05:42:03'),
(164, 17, NULL, 'LOGBOOK', 0, '2026-01-12 05:42:03', '2026-01-12 05:42:03'),
(165, 17, NULL, 'MONEV', 65, '2026-01-12 05:42:03', '2026-01-13 07:20:12'),
(166, 18, 16, 'INSTANSI', 95, '2026-01-12 05:42:28', '2026-01-12 05:42:28'),
(167, 18, 17, 'INSTANSI', 95, '2026-01-12 05:42:28', '2026-01-12 05:42:28'),
(168, 18, 18, 'INSTANSI', 95, '2026-01-12 05:42:28', '2026-01-12 05:42:28'),
(169, 18, 19, 'INSTANSI', 95, '2026-01-12 05:42:28', '2026-01-12 05:42:28'),
(170, 18, 20, 'INSTANSI', 95, '2026-01-12 05:42:28', '2026-01-12 05:42:28'),
(171, 18, 21, 'INSTANSI', 95, '2026-01-12 05:42:28', '2026-01-12 05:42:28'),
(172, 18, 22, 'PEMBIMBING', 0, '2026-01-12 05:42:28', '2026-01-12 05:42:28'),
(173, 18, 23, 'PEMBIMBING', 0, '2026-01-12 05:42:28', '2026-01-12 05:42:28'),
(174, 18, 24, 'PEMBIMBING', 0, '2026-01-12 05:42:28', '2026-01-12 05:42:28'),
(175, 18, 25, 'PEMBIMBING', 0, '2026-01-12 05:42:28', '2026-01-12 05:42:28'),
(176, 18, 26, 'PEMBIMBING', 0, '2026-01-12 05:42:29', '2026-01-12 05:42:29'),
(177, 18, 27, 'PENGUJI', 0, '2026-01-12 05:42:29', '2026-01-12 05:42:29'),
(178, 18, 28, 'PENGUJI', 0, '2026-01-12 05:42:29', '2026-01-12 05:42:29'),
(179, 18, 29, 'PENGUJI', 0, '2026-01-12 05:42:29', '2026-01-12 05:42:29'),
(180, 18, 30, 'PENGUJI', 0, '2026-01-12 05:42:29', '2026-01-12 05:42:29'),
(181, 18, 31, 'PENGUJI', 0, '2026-01-12 05:42:29', '2026-01-12 05:42:29'),
(182, 18, NULL, 'LOGBOOK', 0, '2026-01-12 05:42:29', '2026-01-12 05:42:29'),
(183, 18, NULL, 'MONEV', 65, '2026-01-12 05:42:29', '2026-01-13 07:21:50'),
(184, 9, 16, 'INSTANSI', 95, '2026-01-12 05:43:05', '2026-01-12 05:43:05'),
(185, 9, 17, 'INSTANSI', 95, '2026-01-12 05:43:05', '2026-01-12 05:43:05'),
(186, 9, 18, 'INSTANSI', 95, '2026-01-12 05:43:05', '2026-01-12 05:43:05'),
(187, 9, 19, 'INSTANSI', 95, '2026-01-12 05:43:05', '2026-01-12 05:43:05'),
(188, 9, 20, 'INSTANSI', 95, '2026-01-12 05:43:05', '2026-01-12 05:43:05'),
(189, 9, 21, 'INSTANSI', 95, '2026-01-12 05:43:05', '2026-01-12 05:43:05'),
(190, 9, 22, 'PEMBIMBING', 0, '2026-01-12 05:43:06', '2026-01-12 05:43:06'),
(191, 9, 23, 'PEMBIMBING', 0, '2026-01-12 05:43:06', '2026-01-12 05:43:06'),
(192, 9, 24, 'PEMBIMBING', 0, '2026-01-12 05:43:06', '2026-01-12 05:43:06'),
(193, 9, 25, 'PEMBIMBING', 0, '2026-01-12 05:43:06', '2026-01-12 05:43:06'),
(194, 9, 26, 'PEMBIMBING', 0, '2026-01-12 05:43:06', '2026-01-12 05:43:06'),
(195, 9, 27, 'PENGUJI', 0, '2026-01-12 05:43:06', '2026-01-12 05:43:06'),
(196, 9, 28, 'PENGUJI', 0, '2026-01-12 05:43:06', '2026-01-12 05:43:06'),
(197, 9, 29, 'PENGUJI', 0, '2026-01-12 05:43:06', '2026-01-12 05:43:06'),
(198, 9, 30, 'PENGUJI', 0, '2026-01-12 05:43:06', '2026-01-12 05:43:06'),
(199, 9, 31, 'PENGUJI', 0, '2026-01-12 05:43:06', '2026-01-12 05:43:06'),
(200, 9, NULL, 'LOGBOOK', 0, '2026-01-12 05:43:06', '2026-01-12 05:43:06'),
(201, 9, NULL, 'MONEV', 100, '2026-01-12 05:43:06', '2026-01-13 07:10:05'),
(202, 22, 16, 'INSTANSI', 90, '2026-01-12 05:44:14', '2026-01-12 05:44:14'),
(203, 22, 17, 'INSTANSI', 95, '2026-01-12 05:44:14', '2026-01-12 05:44:14'),
(204, 22, 18, 'INSTANSI', 95, '2026-01-12 05:44:14', '2026-01-12 05:44:14'),
(205, 22, 19, 'INSTANSI', 90, '2026-01-12 05:44:14', '2026-01-12 05:44:14'),
(206, 22, 20, 'INSTANSI', 95, '2026-01-12 05:44:14', '2026-01-12 05:44:14'),
(207, 22, 21, 'INSTANSI', 95, '2026-01-12 05:44:14', '2026-01-12 05:44:14'),
(208, 22, 22, 'PEMBIMBING', 40, '2026-01-12 05:44:14', '2026-01-12 08:01:22'),
(209, 22, 23, 'PEMBIMBING', 40, '2026-01-12 05:44:14', '2026-01-12 08:01:22'),
(210, 22, 24, 'PEMBIMBING', 60, '2026-01-12 05:44:14', '2026-01-13 02:15:33'),
(211, 22, 25, 'PEMBIMBING', 75, '2026-01-12 05:44:14', '2026-01-12 08:01:22'),
(212, 22, 26, 'PEMBIMBING', 70, '2026-01-12 05:44:14', '2026-01-13 02:15:33'),
(213, 22, 27, 'PENGUJI', 85, '2026-01-12 05:44:14', '2026-01-12 06:00:57'),
(214, 22, 28, 'PENGUJI', 80, '2026-01-12 05:44:14', '2026-01-12 06:00:57'),
(215, 22, 29, 'PENGUJI', 85, '2026-01-12 05:44:14', '2026-01-12 06:00:57'),
(216, 22, 30, 'PENGUJI', 85, '2026-01-12 05:44:14', '2026-01-12 06:00:57'),
(217, 22, 31, 'PENGUJI', 78, '2026-01-12 05:44:14', '2026-01-12 06:00:57'),
(218, 22, NULL, 'LOGBOOK', 0, '2026-01-12 05:44:14', '2026-01-12 05:44:14'),
(219, 22, NULL, 'MONEV', 43, '2026-01-12 05:44:14', '2026-01-13 07:19:46'),
(220, 21, 27, 'PENGUJI', 80, '2026-01-12 05:49:14', '2026-01-13 08:27:56'),
(221, 21, 28, 'PENGUJI', 80, '2026-01-12 05:49:14', '2026-01-13 08:27:56'),
(222, 21, 29, 'PENGUJI', 80, '2026-01-12 05:49:14', '2026-01-13 08:27:56'),
(223, 21, 30, 'PENGUJI', 80, '2026-01-12 05:49:14', '2026-01-13 08:27:56'),
(224, 21, 31, 'PENGUJI', 70, '2026-01-12 05:49:14', '2026-01-13 08:27:56'),
(225, 10, 16, 'INSTANSI', 95, '2026-01-12 05:59:46', '2026-01-12 05:59:46'),
(226, 10, 17, 'INSTANSI', 95, '2026-01-12 05:59:46', '2026-01-12 05:59:46'),
(227, 10, 18, 'INSTANSI', 95, '2026-01-12 05:59:46', '2026-01-12 05:59:46'),
(228, 10, 19, 'INSTANSI', 95, '2026-01-12 05:59:46', '2026-01-12 05:59:46'),
(229, 10, 20, 'INSTANSI', 95, '2026-01-12 05:59:46', '2026-01-12 05:59:46'),
(230, 10, 21, 'INSTANSI', 95, '2026-01-12 05:59:46', '2026-01-12 05:59:46'),
(231, 10, 22, 'PEMBIMBING', 0, '2026-01-12 05:59:46', '2026-01-12 05:59:46'),
(232, 10, 23, 'PEMBIMBING', 0, '2026-01-12 05:59:46', '2026-01-12 05:59:46'),
(233, 10, 24, 'PEMBIMBING', 0, '2026-01-12 05:59:46', '2026-01-12 05:59:46'),
(234, 10, 25, 'PEMBIMBING', 0, '2026-01-12 05:59:46', '2026-01-12 05:59:46'),
(235, 10, 26, 'PEMBIMBING', 0, '2026-01-12 05:59:46', '2026-01-12 05:59:46'),
(236, 10, 27, 'PENGUJI', 0, '2026-01-12 05:59:46', '2026-01-12 05:59:46'),
(237, 10, 28, 'PENGUJI', 0, '2026-01-12 05:59:46', '2026-01-12 05:59:46'),
(238, 10, 29, 'PENGUJI', 0, '2026-01-12 05:59:46', '2026-01-12 05:59:46'),
(239, 10, 30, 'PENGUJI', 0, '2026-01-12 05:59:46', '2026-01-12 05:59:46'),
(240, 10, 31, 'PENGUJI', 0, '2026-01-12 05:59:46', '2026-01-12 05:59:46'),
(241, 10, NULL, 'LOGBOOK', 0, '2026-01-12 05:59:46', '2026-01-12 05:59:46'),
(242, 10, NULL, 'MONEV', 100, '2026-01-12 05:59:46', '2026-01-13 07:10:55'),
(243, 23, 22, 'PEMBIMBING', 60, '2026-01-12 06:05:29', '2026-01-13 08:29:21'),
(244, 23, 23, 'PEMBIMBING', 70, '2026-01-12 06:05:29', '2026-01-13 08:29:21'),
(245, 23, 24, 'PEMBIMBING', 75, '2026-01-12 06:05:29', '2026-01-13 08:29:21'),
(246, 23, 25, 'PEMBIMBING', 78, '2026-01-12 06:05:29', '2026-01-13 08:29:21'),
(247, 23, 26, 'PEMBIMBING', 85, '2026-01-12 06:05:29', '2026-01-13 08:29:21'),
(248, 77, 37, 'PEMBIMBING', 90, '2026-01-13 01:29:17', '2026-01-13 01:29:17'),
(249, 77, 38, 'PEMBIMBING', 90, '2026-01-13 01:29:17', '2026-01-13 01:29:17'),
(250, 77, 39, 'PEMBIMBING', 90, '2026-01-13 01:29:17', '2026-01-13 01:29:17'),
(251, 77, 40, 'PEMBIMBING', 90, '2026-01-13 01:29:17', '2026-01-13 01:29:17'),
(252, 77, 41, 'PEMBIMBING', 95, '2026-01-13 01:29:17', '2026-01-13 01:29:17'),
(253, 77, 42, 'PEMBIMBING', 95, '2026-01-13 01:29:17', '2026-01-13 01:29:17'),
(254, 77, 43, 'PEMBIMBING', 95, '2026-01-13 01:29:17', '2026-01-13 01:29:17'),
(255, 77, 44, 'PEMBIMBING', 95, '2026-01-13 01:29:17', '2026-01-13 01:29:17'),
(256, 77, 45, 'PEMBIMBING', 95, '2026-01-13 01:29:17', '2026-01-13 01:29:17'),
(257, 44, 46, 'PENGUJI', 90, '2026-01-13 01:33:21', '2026-01-13 01:33:21'),
(258, 44, 47, 'PENGUJI', 90, '2026-01-13 01:33:21', '2026-01-13 01:33:21'),
(259, 44, 48, 'PENGUJI', 80, '2026-01-13 01:33:21', '2026-01-13 01:33:21'),
(260, 44, 49, 'PENGUJI', 88, '2026-01-13 01:33:21', '2026-01-13 01:33:21'),
(261, 44, 50, 'PENGUJI', 90, '2026-01-13 01:33:21', '2026-01-13 01:33:21'),
(262, 44, 51, 'PENGUJI', 90, '2026-01-13 01:33:21', '2026-01-13 01:33:21'),
(263, 44, 52, 'PENGUJI', 88, '2026-01-13 01:33:21', '2026-01-13 01:33:21'),
(264, 78, 37, 'PEMBIMBING', 80, '2026-01-13 02:00:13', '2026-01-13 02:00:13'),
(265, 78, 38, 'PEMBIMBING', 80, '2026-01-13 02:00:13', '2026-01-13 02:00:13'),
(266, 78, 39, 'PEMBIMBING', 80, '2026-01-13 02:00:13', '2026-01-13 02:00:13'),
(267, 78, 40, 'PEMBIMBING', 80, '2026-01-13 02:00:13', '2026-01-13 02:00:13'),
(268, 78, 41, 'PEMBIMBING', 10, '2026-01-13 02:00:13', '2026-01-13 02:01:03'),
(269, 78, 42, 'PEMBIMBING', 10, '2026-01-13 02:00:13', '2026-01-13 02:01:03'),
(270, 78, 43, 'PEMBIMBING', 10, '2026-01-13 02:00:13', '2026-01-13 02:01:03'),
(271, 78, 44, 'PEMBIMBING', 10, '2026-01-13 02:00:13', '2026-01-13 02:01:03'),
(272, 78, 45, 'PEMBIMBING', 10, '2026-01-13 02:00:13', '2026-01-13 02:01:03'),
(273, 27, 46, 'PENGUJI', 80, '2026-01-13 02:00:16', '2026-01-13 02:00:16'),
(274, 27, 47, 'PENGUJI', 80, '2026-01-13 02:00:16', '2026-01-13 02:00:16'),
(275, 27, 48, 'PENGUJI', 78, '2026-01-13 02:00:16', '2026-01-13 02:00:16'),
(276, 27, 49, 'PENGUJI', 80, '2026-01-13 02:00:16', '2026-01-13 02:00:16'),
(277, 27, 50, 'PENGUJI', 80, '2026-01-13 02:00:16', '2026-01-13 02:00:16'),
(278, 27, 51, 'PENGUJI', 80, '2026-01-13 02:00:16', '2026-01-13 02:00:16'),
(279, 27, 52, 'PENGUJI', 80, '2026-01-13 02:00:16', '2026-01-13 02:00:16'),
(280, 45, 46, 'PENGUJI', 90, '2026-01-13 02:05:38', '2026-01-13 02:05:38'),
(281, 45, 47, 'PENGUJI', 90, '2026-01-13 02:05:39', '2026-01-13 02:05:39'),
(282, 45, 48, 'PENGUJI', 90, '2026-01-13 02:05:39', '2026-01-13 02:05:39'),
(283, 45, 49, 'PENGUJI', 78, '2026-01-13 02:05:39', '2026-01-13 02:05:39'),
(284, 45, 50, 'PENGUJI', 80, '2026-01-13 02:05:39', '2026-01-13 02:05:39'),
(285, 45, 51, 'PENGUJI', 80, '2026-01-13 02:05:39', '2026-01-13 02:05:39'),
(286, 45, 52, 'PENGUJI', 88, '2026-01-13 02:05:39', '2026-01-13 02:05:39'),
(287, 28, 46, 'PENGUJI', 85, '2026-01-13 02:17:42', '2026-01-13 02:17:42'),
(288, 28, 47, 'PENGUJI', 85, '2026-01-13 02:17:42', '2026-01-13 02:17:42'),
(289, 28, 48, 'PENGUJI', 84, '2026-01-13 02:17:42', '2026-01-13 02:17:42'),
(290, 28, 49, 'PENGUJI', 85, '2026-01-13 02:17:42', '2026-01-13 02:17:42'),
(291, 28, 50, 'PENGUJI', 85, '2026-01-13 02:17:42', '2026-01-13 02:17:42'),
(292, 28, 51, 'PENGUJI', 85, '2026-01-13 02:17:42', '2026-01-13 02:17:42'),
(293, 28, 52, 'PENGUJI', 75, '2026-01-13 02:17:42', '2026-01-13 02:17:42'),
(294, 46, 46, 'PENGUJI', 90, '2026-01-13 02:39:03', '2026-01-13 02:39:03'),
(295, 46, 47, 'PENGUJI', 90, '2026-01-13 02:39:03', '2026-01-13 02:39:03'),
(296, 46, 48, 'PENGUJI', 89, '2026-01-13 02:39:03', '2026-01-13 02:39:03'),
(297, 46, 49, 'PENGUJI', 90, '2026-01-13 02:39:03', '2026-01-13 02:39:03'),
(298, 46, 50, 'PENGUJI', 90, '2026-01-13 02:39:03', '2026-01-13 02:39:03'),
(299, 46, 51, 'PENGUJI', 87, '2026-01-13 02:39:03', '2026-01-13 02:39:03'),
(300, 46, 52, 'PENGUJI', 80, '2026-01-13 02:39:03', '2026-01-13 02:39:03'),
(301, 63, 37, 'PEMBIMBING', 85, '2026-01-13 02:39:17', '2026-01-13 02:39:17'),
(302, 63, 38, 'PEMBIMBING', 87, '2026-01-13 02:39:17', '2026-01-13 02:39:17'),
(303, 63, 39, 'PEMBIMBING', 85, '2026-01-13 02:39:18', '2026-01-13 02:39:18'),
(304, 63, 40, 'PEMBIMBING', 86, '2026-01-13 02:39:18', '2026-01-13 02:39:18'),
(305, 63, 41, 'PEMBIMBING', 75, '2026-01-13 02:39:18', '2026-01-13 02:39:18'),
(306, 63, 42, 'PEMBIMBING', 86, '2026-01-13 02:39:18', '2026-01-13 02:39:18'),
(307, 63, 43, 'PEMBIMBING', 85, '2026-01-13 02:39:18', '2026-01-13 02:39:18'),
(308, 63, 44, 'PEMBIMBING', 85, '2026-01-13 02:39:18', '2026-01-13 02:39:18'),
(309, 63, 45, 'PEMBIMBING', 85, '2026-01-13 02:39:18', '2026-01-13 02:39:18'),
(310, 64, 37, 'PEMBIMBING', 82, '2026-01-13 02:42:35', '2026-01-13 02:42:35'),
(311, 64, 38, 'PEMBIMBING', 83, '2026-01-13 02:42:35', '2026-01-13 02:42:35'),
(312, 64, 39, 'PEMBIMBING', 70, '2026-01-13 02:42:35', '2026-01-13 02:42:35'),
(313, 64, 40, 'PEMBIMBING', 79, '2026-01-13 02:42:35', '2026-01-13 02:42:35'),
(314, 64, 41, 'PEMBIMBING', 60, '2026-01-13 02:42:35', '2026-01-13 02:42:35'),
(315, 64, 42, 'PEMBIMBING', 80, '2026-01-13 02:42:35', '2026-01-13 02:42:35'),
(316, 64, 43, 'PEMBIMBING', 80, '2026-01-13 02:42:35', '2026-01-13 02:42:35'),
(317, 64, 44, 'PEMBIMBING', 85, '2026-01-13 02:42:35', '2026-01-13 02:42:35'),
(318, 64, 45, 'PEMBIMBING', 83, '2026-01-13 02:42:35', '2026-01-13 02:42:35'),
(319, 37, 37, 'PEMBIMBING', 90, '2026-01-13 02:43:07', '2026-01-13 02:43:07'),
(320, 37, 38, 'PEMBIMBING', 90, '2026-01-13 02:43:07', '2026-01-13 02:43:07'),
(321, 37, 39, 'PEMBIMBING', 90, '2026-01-13 02:43:07', '2026-01-13 02:43:07'),
(322, 37, 40, 'PEMBIMBING', 98, '2026-01-13 02:43:07', '2026-01-13 02:43:07'),
(323, 37, 41, 'PEMBIMBING', 98, '2026-01-13 02:43:07', '2026-01-13 02:43:07'),
(324, 37, 42, 'PEMBIMBING', 98, '2026-01-13 02:43:07', '2026-01-13 02:43:07'),
(325, 37, 43, 'PEMBIMBING', 90, '2026-01-13 02:43:08', '2026-01-13 02:43:08'),
(326, 37, 44, 'PEMBIMBING', 90, '2026-01-13 02:43:08', '2026-01-13 02:43:08'),
(327, 37, 45, 'PEMBIMBING', 98, '2026-01-13 02:43:08', '2026-01-13 02:43:08'),
(328, 38, 37, 'PEMBIMBING', 90, '2026-01-13 02:43:52', '2026-01-13 02:43:52'),
(329, 38, 38, 'PEMBIMBING', 90, '2026-01-13 02:43:52', '2026-01-13 02:43:52'),
(330, 38, 39, 'PEMBIMBING', 90, '2026-01-13 02:43:52', '2026-01-13 02:43:52'),
(331, 38, 40, 'PEMBIMBING', 90, '2026-01-13 02:43:52', '2026-01-13 02:43:52'),
(332, 38, 41, 'PEMBIMBING', 90, '2026-01-13 02:43:52', '2026-01-13 02:43:52'),
(333, 38, 42, 'PEMBIMBING', 90, '2026-01-13 02:43:52', '2026-01-13 02:43:52'),
(334, 38, 43, 'PEMBIMBING', 90, '2026-01-13 02:43:52', '2026-01-13 02:43:52'),
(335, 38, 44, 'PEMBIMBING', 90, '2026-01-13 02:43:52', '2026-01-13 02:43:52'),
(336, 38, 45, 'PEMBIMBING', 90, '2026-01-13 02:43:53', '2026-01-13 02:43:53'),
(337, 39, 37, 'PEMBIMBING', 90, '2026-01-13 02:44:19', '2026-01-13 02:44:19'),
(338, 39, 38, 'PEMBIMBING', 90, '2026-01-13 02:44:19', '2026-01-13 02:44:19'),
(339, 39, 39, 'PEMBIMBING', 90, '2026-01-13 02:44:19', '2026-01-13 02:44:19'),
(340, 39, 40, 'PEMBIMBING', 90, '2026-01-13 02:44:19', '2026-01-13 02:44:19'),
(341, 39, 41, 'PEMBIMBING', 90, '2026-01-13 02:44:19', '2026-01-13 02:44:19'),
(342, 39, 42, 'PEMBIMBING', 90, '2026-01-13 02:44:19', '2026-01-13 02:44:19'),
(343, 39, 43, 'PEMBIMBING', 90, '2026-01-13 02:44:19', '2026-01-13 02:44:19'),
(344, 39, 44, 'PEMBIMBING', 90, '2026-01-13 02:44:19', '2026-01-13 02:44:19'),
(345, 39, 45, 'PEMBIMBING', 90, '2026-01-13 02:44:19', '2026-01-13 02:44:19'),
(346, 44, 37, 'PEMBIMBING', 90, '2026-01-13 02:45:27', '2026-01-13 02:45:27'),
(347, 44, 38, 'PEMBIMBING', 98, '2026-01-13 02:45:27', '2026-01-13 02:45:27'),
(348, 44, 39, 'PEMBIMBING', 90, '2026-01-13 02:45:27', '2026-01-13 02:45:27'),
(349, 44, 40, 'PEMBIMBING', 90, '2026-01-13 02:45:27', '2026-01-13 02:45:27'),
(350, 44, 41, 'PEMBIMBING', 90, '2026-01-13 02:45:27', '2026-01-13 02:45:27'),
(351, 44, 42, 'PEMBIMBING', 89, '2026-01-13 02:45:27', '2026-01-13 02:45:27'),
(352, 44, 43, 'PEMBIMBING', 89, '2026-01-13 02:45:27', '2026-01-13 02:45:27'),
(353, 44, 44, 'PEMBIMBING', 90, '2026-01-13 02:45:27', '2026-01-13 02:45:27'),
(354, 44, 45, 'PEMBIMBING', 90, '2026-01-13 02:45:27', '2026-01-13 02:45:27'),
(355, 45, 37, 'PEMBIMBING', 89, '2026-01-13 02:46:49', '2026-01-13 02:46:49'),
(356, 45, 38, 'PEMBIMBING', 90, '2026-01-13 02:46:49', '2026-01-13 02:46:49'),
(357, 45, 39, 'PEMBIMBING', 90, '2026-01-13 02:46:49', '2026-01-13 02:46:49'),
(358, 45, 40, 'PEMBIMBING', 89, '2026-01-13 02:46:49', '2026-01-13 02:46:49'),
(359, 45, 41, 'PEMBIMBING', 90, '2026-01-13 02:46:49', '2026-01-13 02:46:49'),
(360, 45, 42, 'PEMBIMBING', 90, '2026-01-13 02:46:49', '2026-01-13 02:46:49'),
(361, 45, 43, 'PEMBIMBING', 95, '2026-01-13 02:46:49', '2026-01-13 02:46:49'),
(362, 45, 44, 'PEMBIMBING', 90, '2026-01-13 02:46:49', '2026-01-13 02:46:49'),
(363, 45, 45, 'PEMBIMBING', 93, '2026-01-13 02:46:49', '2026-01-13 02:46:49'),
(364, 46, 37, 'PEMBIMBING', 95, '2026-01-13 02:47:57', '2026-01-13 02:47:57'),
(365, 46, 38, 'PEMBIMBING', 95, '2026-01-13 02:47:57', '2026-01-13 02:47:57'),
(366, 46, 39, 'PEMBIMBING', 95, '2026-01-13 02:47:57', '2026-01-13 02:47:57'),
(367, 46, 40, 'PEMBIMBING', 95, '2026-01-13 02:47:57', '2026-01-13 02:47:57'),
(368, 46, 41, 'PEMBIMBING', 95, '2026-01-13 02:47:57', '2026-01-13 02:47:57'),
(369, 46, 42, 'PEMBIMBING', 90, '2026-01-13 02:47:57', '2026-01-13 02:47:57'),
(370, 46, 43, 'PEMBIMBING', 95, '2026-01-13 02:47:57', '2026-01-13 02:47:57'),
(371, 46, 44, 'PEMBIMBING', 95, '2026-01-13 02:47:57', '2026-01-13 02:47:57'),
(372, 46, 45, 'PEMBIMBING', 95, '2026-01-13 02:47:57', '2026-01-13 02:47:57'),
(373, 47, 37, 'PEMBIMBING', 89, '2026-01-13 02:49:27', '2026-01-13 02:49:27'),
(374, 47, 38, 'PEMBIMBING', 89, '2026-01-13 02:49:27', '2026-01-13 02:49:27'),
(375, 47, 39, 'PEMBIMBING', 89, '2026-01-13 02:49:27', '2026-01-13 02:49:27'),
(376, 47, 40, 'PEMBIMBING', 89, '2026-01-13 02:49:27', '2026-01-13 02:49:27'),
(377, 47, 41, 'PEMBIMBING', 89, '2026-01-13 02:49:27', '2026-01-13 02:49:27'),
(378, 47, 42, 'PEMBIMBING', 90, '2026-01-13 02:49:27', '2026-01-13 02:49:27'),
(379, 47, 43, 'PEMBIMBING', 90, '2026-01-13 02:49:27', '2026-01-13 02:49:27'),
(380, 47, 44, 'PEMBIMBING', 90, '2026-01-13 02:49:27', '2026-01-13 02:49:27'),
(381, 47, 45, 'PEMBIMBING', 90, '2026-01-13 02:49:27', '2026-01-13 02:49:27'),
(382, 32, 37, 'PEMBIMBING', 80, '2026-01-13 02:54:19', '2026-01-13 02:54:19'),
(383, 32, 38, 'PEMBIMBING', 80, '2026-01-13 02:54:19', '2026-01-13 02:54:19'),
(384, 32, 39, 'PEMBIMBING', 90, '2026-01-13 02:54:19', '2026-01-13 02:54:19'),
(385, 32, 40, 'PEMBIMBING', 90, '2026-01-13 02:54:19', '2026-01-13 02:54:19'),
(386, 32, 41, 'PEMBIMBING', 90, '2026-01-13 02:54:19', '2026-01-13 02:54:19'),
(387, 32, 42, 'PEMBIMBING', 90, '2026-01-13 02:54:19', '2026-01-13 02:54:19'),
(388, 32, 43, 'PEMBIMBING', 90, '2026-01-13 02:54:19', '2026-01-13 02:54:19'),
(389, 32, 44, 'PEMBIMBING', 90, '2026-01-13 02:54:19', '2026-01-13 02:54:19'),
(390, 32, 45, 'PEMBIMBING', 80, '2026-01-13 02:54:19', '2026-01-13 02:54:19'),
(391, 47, 46, 'PENGUJI', 90, '2026-01-13 03:02:53', '2026-01-13 03:02:53'),
(392, 47, 47, 'PENGUJI', 90, '2026-01-13 03:02:53', '2026-01-13 03:02:53'),
(393, 47, 48, 'PENGUJI', 90, '2026-01-13 03:02:53', '2026-01-13 03:02:53'),
(394, 47, 49, 'PENGUJI', 90, '2026-01-13 03:02:53', '2026-01-13 03:02:53'),
(395, 47, 50, 'PENGUJI', 88, '2026-01-13 03:02:53', '2026-01-13 03:02:53'),
(396, 47, 51, 'PENGUJI', 90, '2026-01-13 03:02:54', '2026-01-13 03:02:54'),
(397, 47, 52, 'PENGUJI', 80, '2026-01-13 03:02:54', '2026-01-13 03:02:54'),
(398, 39, 46, 'PENGUJI', 90, '2026-01-13 03:04:08', '2026-01-13 03:04:08'),
(399, 39, 47, 'PENGUJI', 90, '2026-01-13 03:04:08', '2026-01-13 03:04:08'),
(400, 39, 48, 'PENGUJI', 88, '2026-01-13 03:04:08', '2026-01-13 03:04:08'),
(401, 39, 49, 'PENGUJI', 90, '2026-01-13 03:04:08', '2026-01-13 03:04:08'),
(402, 39, 50, 'PENGUJI', 95, '2026-01-13 03:04:08', '2026-01-13 03:04:08'),
(403, 39, 51, 'PENGUJI', 90, '2026-01-13 03:04:08', '2026-01-13 03:04:08'),
(404, 39, 52, 'PENGUJI', 85, '2026-01-13 03:04:08', '2026-01-13 03:04:08'),
(405, 33, 37, 'PEMBIMBING', 80, '2026-01-13 03:13:35', '2026-01-13 08:30:55'),
(406, 33, 38, 'PEMBIMBING', 80, '2026-01-13 03:13:35', '2026-01-13 08:30:55'),
(407, 33, 39, 'PEMBIMBING', 90, '2026-01-13 03:13:35', '2026-01-13 08:30:55'),
(408, 33, 40, 'PEMBIMBING', 90, '2026-01-13 03:13:35', '2026-01-13 08:30:55'),
(409, 33, 41, 'PEMBIMBING', 90, '2026-01-13 03:13:35', '2026-01-13 08:30:55'),
(410, 33, 42, 'PEMBIMBING', 90, '2026-01-13 03:13:35', '2026-01-13 08:30:55'),
(411, 33, 43, 'PEMBIMBING', 90, '2026-01-13 03:13:35', '2026-01-13 08:30:55'),
(412, 33, 44, 'PEMBIMBING', 90, '2026-01-13 03:13:35', '2026-01-13 08:30:55'),
(413, 33, 45, 'PEMBIMBING', 80, '2026-01-13 03:13:35', '2026-01-13 08:30:55'),
(414, 79, 46, 'PENGUJI', 76, '2026-01-13 03:28:56', '2026-01-13 03:28:56'),
(415, 79, 47, 'PENGUJI', 75, '2026-01-13 03:28:56', '2026-01-13 03:28:56'),
(416, 79, 48, 'PENGUJI', 75, '2026-01-13 03:28:56', '2026-01-13 03:28:56'),
(417, 79, 49, 'PENGUJI', 76, '2026-01-13 03:28:56', '2026-01-13 03:28:56'),
(418, 79, 50, 'PENGUJI', 76, '2026-01-13 03:28:56', '2026-01-13 03:28:56'),
(419, 79, 51, 'PENGUJI', 73, '2026-01-13 03:28:56', '2026-01-13 03:28:56'),
(420, 79, 52, 'PENGUJI', 75, '2026-01-13 03:28:56', '2026-01-13 03:28:56'),
(421, 63, 46, 'PENGUJI', 90, '2026-01-13 03:30:07', '2026-01-13 03:30:07'),
(422, 63, 47, 'PENGUJI', 90, '2026-01-13 03:30:07', '2026-01-13 03:30:07'),
(423, 63, 48, 'PENGUJI', 90, '2026-01-13 03:30:08', '2026-01-13 03:30:08'),
(424, 63, 49, 'PENGUJI', 90, '2026-01-13 03:30:08', '2026-01-13 03:30:08'),
(425, 63, 50, 'PENGUJI', 90, '2026-01-13 03:30:08', '2026-01-13 03:30:08'),
(426, 63, 51, 'PENGUJI', 88, '2026-01-13 03:30:08', '2026-01-13 03:30:08'),
(427, 63, 52, 'PENGUJI', 89, '2026-01-13 03:30:08', '2026-01-13 03:30:08'),
(428, 35, 46, 'PENGUJI', 90, '2026-01-13 03:50:48', '2026-01-13 03:50:48'),
(429, 35, 47, 'PENGUJI', 90, '2026-01-13 03:50:48', '2026-01-13 03:50:48'),
(430, 35, 48, 'PENGUJI', 85, '2026-01-13 03:50:48', '2026-01-13 03:50:48'),
(431, 35, 49, 'PENGUJI', 90, '2026-01-13 03:50:48', '2026-01-13 03:50:48'),
(432, 35, 50, 'PENGUJI', 90, '2026-01-13 03:50:48', '2026-01-13 03:50:48'),
(433, 35, 51, 'PENGUJI', 85, '2026-01-13 03:50:48', '2026-01-13 03:50:48'),
(434, 35, 52, 'PENGUJI', 90, '2026-01-13 03:50:48', '2026-01-13 03:50:48'),
(435, 34, 37, 'PEMBIMBING', 90, '2026-01-13 03:52:37', '2026-01-13 03:52:37'),
(436, 34, 38, 'PEMBIMBING', 90, '2026-01-13 03:52:37', '2026-01-13 03:52:37'),
(437, 34, 39, 'PEMBIMBING', 90, '2026-01-13 03:52:37', '2026-01-13 03:52:37'),
(438, 34, 40, 'PEMBIMBING', 90, '2026-01-13 03:52:37', '2026-01-13 03:52:37'),
(439, 34, 41, 'PEMBIMBING', 90, '2026-01-13 03:52:37', '2026-01-13 03:52:37'),
(440, 34, 42, 'PEMBIMBING', 90, '2026-01-13 03:52:37', '2026-01-13 03:52:37'),
(441, 34, 43, 'PEMBIMBING', 90, '2026-01-13 03:52:37', '2026-01-13 03:52:37'),
(442, 34, 44, 'PEMBIMBING', 90, '2026-01-13 03:52:37', '2026-01-13 03:52:37'),
(443, 34, 45, 'PEMBIMBING', 90, '2026-01-13 03:52:37', '2026-01-13 03:52:37'),
(444, 36, 46, 'PENGUJI', 85, '2026-01-13 03:58:33', '2026-01-13 03:58:33'),
(445, 36, 47, 'PENGUJI', 85, '2026-01-13 03:58:33', '2026-01-13 03:58:33'),
(446, 36, 48, 'PENGUJI', 80, '2026-01-13 03:58:33', '2026-01-13 03:58:33'),
(447, 36, 49, 'PENGUJI', 85, '2026-01-13 03:58:33', '2026-01-13 03:58:33'),
(448, 36, 50, 'PENGUJI', 85, '2026-01-13 03:58:33', '2026-01-13 03:58:33'),
(449, 36, 51, 'PENGUJI', 85, '2026-01-13 03:58:33', '2026-01-13 03:58:33'),
(450, 36, 52, 'PENGUJI', 85, '2026-01-13 03:58:33', '2026-01-13 03:58:33'),
(451, 56, 37, 'PEMBIMBING', 90, '2026-01-13 04:23:02', '2026-01-13 04:23:02'),
(452, 56, 38, 'PEMBIMBING', 90, '2026-01-13 04:23:02', '2026-01-13 04:23:02'),
(453, 56, 39, 'PEMBIMBING', 90, '2026-01-13 04:23:02', '2026-01-13 04:23:02'),
(454, 56, 40, 'PEMBIMBING', 90, '2026-01-13 04:23:02', '2026-01-13 04:23:02'),
(455, 56, 41, 'PEMBIMBING', 90, '2026-01-13 04:23:02', '2026-01-13 04:23:02'),
(456, 56, 42, 'PEMBIMBING', 80, '2026-01-13 04:23:02', '2026-01-13 04:50:53'),
(457, 56, 43, 'PEMBIMBING', 90, '2026-01-13 04:23:02', '2026-01-13 04:23:02'),
(458, 56, 44, 'PEMBIMBING', 80, '2026-01-13 04:23:02', '2026-01-13 04:50:53'),
(459, 56, 45, 'PEMBIMBING', 90, '2026-01-13 04:23:02', '2026-01-13 04:23:02'),
(460, 57, 37, 'PEMBIMBING', 90, '2026-01-13 04:46:28', '2026-01-13 04:46:28'),
(461, 57, 38, 'PEMBIMBING', 90, '2026-01-13 04:46:28', '2026-01-13 04:46:28'),
(462, 57, 39, 'PEMBIMBING', 90, '2026-01-13 04:46:28', '2026-01-13 04:46:28'),
(463, 57, 40, 'PEMBIMBING', 90, '2026-01-13 04:46:28', '2026-01-13 04:47:37'),
(464, 57, 41, 'PEMBIMBING', 90, '2026-01-13 04:46:28', '2026-01-13 04:47:37'),
(465, 57, 42, 'PEMBIMBING', 90, '2026-01-13 04:46:28', '2026-01-13 04:46:28'),
(466, 57, 43, 'PEMBIMBING', 90, '2026-01-13 04:46:28', '2026-01-13 04:46:28'),
(467, 57, 44, 'PEMBIMBING', 90, '2026-01-13 04:46:28', '2026-01-13 04:47:37'),
(468, 57, 45, 'PEMBIMBING', 90, '2026-01-13 04:46:28', '2026-01-13 04:46:28'),
(469, 56, 46, 'PENGUJI', 90, '2026-01-13 04:50:53', '2026-01-13 04:50:53'),
(470, 56, 47, 'PENGUJI', 90, '2026-01-13 04:50:53', '2026-01-13 04:50:53'),
(471, 56, 48, 'PENGUJI', 85, '2026-01-13 04:50:53', '2026-01-13 04:50:53'),
(472, 56, 49, 'PENGUJI', 90, '2026-01-13 04:50:53', '2026-01-13 04:50:53'),
(473, 56, 50, 'PENGUJI', 90, '2026-01-13 04:50:53', '2026-01-13 06:01:47'),
(474, 56, 51, 'PENGUJI', 85, '2026-01-13 04:50:53', '2026-01-13 04:50:53'),
(475, 56, 52, 'PENGUJI', 85, '2026-01-13 04:50:53', '2026-01-13 04:50:53'),
(476, 57, 46, 'PENGUJI', 85, '2026-01-13 06:18:01', '2026-01-13 06:18:01'),
(477, 57, 47, 'PENGUJI', 85, '2026-01-13 06:18:01', '2026-01-13 06:18:01'),
(478, 57, 48, 'PENGUJI', 80, '2026-01-13 06:18:01', '2026-01-13 06:18:01'),
(479, 57, 49, 'PENGUJI', 85, '2026-01-13 06:18:01', '2026-01-13 06:18:01'),
(480, 57, 50, 'PENGUJI', 80, '2026-01-13 06:18:01', '2026-01-13 06:18:01'),
(481, 57, 51, 'PENGUJI', 80, '2026-01-13 06:18:01', '2026-01-13 06:18:01'),
(482, 57, 52, 'PENGUJI', 80, '2026-01-13 06:18:01', '2026-01-13 06:18:01'),
(483, 6, 16, 'INSTANSI', 95, '2026-01-13 06:55:48', '2026-01-13 08:41:00'),
(484, 6, 17, 'INSTANSI', 95, '2026-01-13 06:55:48', '2026-01-13 08:41:00'),
(485, 6, 18, 'INSTANSI', 95, '2026-01-13 06:55:48', '2026-01-13 08:41:00'),
(486, 6, 19, 'INSTANSI', 95, '2026-01-13 06:55:48', '2026-01-13 08:41:01'),
(487, 6, 20, 'INSTANSI', 92, '2026-01-13 06:55:48', '2026-01-13 08:41:01'),
(488, 6, 21, 'INSTANSI', 92, '2026-01-13 06:55:48', '2026-01-13 08:41:01'),
(489, 6, NULL, 'LOGBOOK', 0, '2026-01-13 06:55:48', '2026-01-13 08:41:01'),
(490, 6, NULL, 'MONEV', 88, '2026-01-13 06:55:48', '2026-01-13 08:41:01'),
(491, 5, 16, 'INSTANSI', 0, '2026-01-13 06:57:23', '2026-01-13 06:57:23'),
(492, 5, 17, 'INSTANSI', 0, '2026-01-13 06:57:23', '2026-01-13 06:57:23'),
(493, 5, 18, 'INSTANSI', 0, '2026-01-13 06:57:23', '2026-01-13 06:57:23'),
(494, 5, 19, 'INSTANSI', 0, '2026-01-13 06:57:23', '2026-01-13 06:57:23'),
(495, 5, 20, 'INSTANSI', 0, '2026-01-13 06:57:23', '2026-01-13 06:57:23'),
(496, 5, 21, 'INSTANSI', 0, '2026-01-13 06:57:23', '2026-01-13 06:57:23'),
(497, 8, 16, 'INSTANSI', 95, '2026-01-13 06:58:02', '2026-01-13 07:29:14'),
(498, 8, 17, 'INSTANSI', 88, '2026-01-13 06:58:02', '2026-01-13 07:29:14'),
(499, 8, 18, 'INSTANSI', 95, '2026-01-13 06:58:03', '2026-01-13 07:29:15'),
(500, 8, 19, 'INSTANSI', 95, '2026-01-13 06:58:03', '2026-01-13 07:29:15'),
(501, 8, 20, 'INSTANSI', 95, '2026-01-13 06:58:03', '2026-01-13 07:29:15'),
(502, 8, 21, 'INSTANSI', 98, '2026-01-13 06:58:03', '2026-01-13 07:29:15'),
(503, 8, 22, 'PEMBIMBING', 0, '2026-01-13 06:58:03', '2026-01-13 06:58:03'),
(504, 8, 23, 'PEMBIMBING', 0, '2026-01-13 06:58:03', '2026-01-13 06:58:03'),
(505, 8, 24, 'PEMBIMBING', 0, '2026-01-13 06:58:03', '2026-01-13 06:58:03'),
(506, 8, 25, 'PEMBIMBING', 0, '2026-01-13 06:58:03', '2026-01-13 06:58:03'),
(507, 8, 26, 'PEMBIMBING', 0, '2026-01-13 06:58:03', '2026-01-13 06:58:03'),
(508, 8, NULL, 'LOGBOOK', 0, '2026-01-13 06:58:03', '2026-01-13 06:58:03'),
(509, 8, NULL, 'MONEV', 90, '2026-01-13 06:58:03', '2026-01-13 06:58:03'),
(510, 7, 16, 'INSTANSI', 95, '2026-01-13 07:08:20', '2026-01-13 07:30:40'),
(511, 7, 17, 'INSTANSI', 97, '2026-01-13 07:08:20', '2026-01-13 07:30:40'),
(512, 7, 18, 'INSTANSI', 95, '2026-01-13 07:08:20', '2026-01-13 07:30:40'),
(513, 7, 19, 'INSTANSI', 98, '2026-01-13 07:08:20', '2026-01-13 07:30:40'),
(514, 7, 20, 'INSTANSI', 97, '2026-01-13 07:08:20', '2026-01-13 07:30:41'),
(515, 7, 21, 'INSTANSI', 98, '2026-01-13 07:08:20', '2026-01-13 07:30:41'),
(516, 7, NULL, 'LOGBOOK', 0, '2026-01-13 07:08:20', '2026-01-13 07:08:20'),
(517, 7, NULL, 'MONEV', 88, '2026-01-13 07:08:20', '2026-01-13 07:08:20'),
(518, 11, 16, 'INSTANSI', 0, '2026-01-13 07:12:05', '2026-01-13 07:12:05'),
(519, 11, 17, 'INSTANSI', 0, '2026-01-13 07:12:05', '2026-01-13 07:12:05'),
(520, 11, 18, 'INSTANSI', 0, '2026-01-13 07:12:06', '2026-01-13 07:12:06'),
(521, 11, 19, 'INSTANSI', 0, '2026-01-13 07:12:06', '2026-01-13 07:12:06'),
(522, 11, 20, 'INSTANSI', 0, '2026-01-13 07:12:06', '2026-01-13 07:12:06'),
(523, 11, 21, 'INSTANSI', 0, '2026-01-13 07:12:06', '2026-01-13 07:12:06'),
(524, 11, NULL, 'LOGBOOK', 0, '2026-01-13 07:12:06', '2026-01-13 07:12:06'),
(525, 11, NULL, 'MONEV', 45, '2026-01-13 07:12:06', '2026-01-13 07:12:06'),
(526, 12, 16, 'INSTANSI', 0, '2026-01-13 07:13:43', '2026-01-13 07:13:43'),
(527, 12, 17, 'INSTANSI', 0, '2026-01-13 07:13:43', '2026-01-13 07:13:43'),
(528, 12, 18, 'INSTANSI', 0, '2026-01-13 07:13:43', '2026-01-13 07:13:43'),
(529, 12, 19, 'INSTANSI', 0, '2026-01-13 07:13:43', '2026-01-13 07:13:43'),
(530, 12, 20, 'INSTANSI', 0, '2026-01-13 07:13:44', '2026-01-13 07:13:44'),
(531, 12, 21, 'INSTANSI', 0, '2026-01-13 07:13:44', '2026-01-13 07:13:44'),
(532, 12, 22, 'PEMBIMBING', 0, '2026-01-13 07:13:44', '2026-01-13 07:13:44'),
(533, 12, 23, 'PEMBIMBING', 0, '2026-01-13 07:13:44', '2026-01-13 07:13:44'),
(534, 12, 24, 'PEMBIMBING', 0, '2026-01-13 07:13:44', '2026-01-13 07:13:44'),
(535, 12, 25, 'PEMBIMBING', 0, '2026-01-13 07:13:44', '2026-01-13 07:13:44'),
(536, 12, 26, 'PEMBIMBING', 0, '2026-01-13 07:13:44', '2026-01-13 07:13:44'),
(537, 12, 27, 'PENGUJI', 0, '2026-01-13 07:13:44', '2026-01-13 07:13:44'),
(538, 12, 28, 'PENGUJI', 0, '2026-01-13 07:13:44', '2026-01-13 07:13:44'),
(539, 12, 29, 'PENGUJI', 0, '2026-01-13 07:13:44', '2026-01-13 07:13:44'),
(540, 12, 30, 'PENGUJI', 0, '2026-01-13 07:13:44', '2026-01-13 07:13:44'),
(541, 12, 31, 'PENGUJI', 0, '2026-01-13 07:13:44', '2026-01-13 07:13:44'),
(542, 12, NULL, 'LOGBOOK', 0, '2026-01-13 07:13:44', '2026-01-13 07:13:44'),
(543, 12, NULL, 'MONEV', 35, '2026-01-13 07:13:44', '2026-01-13 07:13:44'),
(544, 13, 16, 'INSTANSI', 95, '2026-01-13 07:14:25', '2026-01-13 07:32:46'),
(545, 13, 17, 'INSTANSI', 89, '2026-01-13 07:14:25', '2026-01-13 07:32:46'),
(546, 13, 18, 'INSTANSI', 87, '2026-01-13 07:14:25', '2026-01-13 07:32:46'),
(547, 13, 19, 'INSTANSI', 89, '2026-01-13 07:14:25', '2026-01-13 07:32:46'),
(548, 13, 20, 'INSTANSI', 95, '2026-01-13 07:14:25', '2026-01-13 07:32:46'),
(549, 13, 21, 'INSTANSI', 89, '2026-01-13 07:14:25', '2026-01-13 07:32:46'),
(550, 13, NULL, 'LOGBOOK', 0, '2026-01-13 07:14:25', '2026-01-13 07:14:25'),
(551, 13, NULL, 'MONEV', 98, '2026-01-13 07:14:25', '2026-01-13 07:14:25'),
(552, 14, 16, 'INSTANSI', 95, '2026-01-13 07:15:09', '2026-01-13 07:35:24'),
(553, 14, 17, 'INSTANSI', 89, '2026-01-13 07:15:09', '2026-01-13 07:35:24'),
(554, 14, 18, 'INSTANSI', 87, '2026-01-13 07:15:09', '2026-01-13 07:35:24'),
(555, 14, 19, 'INSTANSI', 89, '2026-01-13 07:15:09', '2026-01-13 07:35:24'),
(556, 14, 20, 'INSTANSI', 95, '2026-01-13 07:15:09', '2026-01-13 07:35:25'),
(557, 14, 21, 'INSTANSI', 89, '2026-01-13 07:15:09', '2026-01-13 07:35:25'),
(558, 14, NULL, 'LOGBOOK', 0, '2026-01-13 07:15:09', '2026-01-13 07:15:09'),
(559, 14, NULL, 'MONEV', 98, '2026-01-13 07:15:09', '2026-01-13 07:15:09'),
(560, 15, 16, 'INSTANSI', 0, '2026-01-13 07:16:31', '2026-01-13 07:16:31'),
(561, 15, 17, 'INSTANSI', 0, '2026-01-13 07:16:31', '2026-01-13 07:16:31'),
(562, 15, 18, 'INSTANSI', 0, '2026-01-13 07:16:31', '2026-01-13 07:16:31'),
(563, 15, 19, 'INSTANSI', 0, '2026-01-13 07:16:31', '2026-01-13 07:16:31'),
(564, 15, 20, 'INSTANSI', 0, '2026-01-13 07:16:31', '2026-01-13 07:16:31'),
(565, 15, 21, 'INSTANSI', 0, '2026-01-13 07:16:31', '2026-01-13 07:16:31'),
(566, 15, 22, 'PEMBIMBING', 0, '2026-01-13 07:16:31', '2026-01-13 07:16:31'),
(567, 15, 23, 'PEMBIMBING', 0, '2026-01-13 07:16:31', '2026-01-13 07:16:31'),
(568, 15, 24, 'PEMBIMBING', 0, '2026-01-13 07:16:31', '2026-01-13 07:16:31'),
(569, 15, 25, 'PEMBIMBING', 0, '2026-01-13 07:16:31', '2026-01-13 07:16:31'),
(570, 15, 26, 'PEMBIMBING', 0, '2026-01-13 07:16:31', '2026-01-13 07:16:31'),
(571, 15, 27, 'PENGUJI', 0, '2026-01-13 07:16:31', '2026-01-13 07:16:31'),
(572, 15, 28, 'PENGUJI', 0, '2026-01-13 07:16:31', '2026-01-13 07:16:31'),
(573, 15, 29, 'PENGUJI', 0, '2026-01-13 07:16:31', '2026-01-13 07:16:31'),
(574, 15, 30, 'PENGUJI', 0, '2026-01-13 07:16:31', '2026-01-13 07:16:31'),
(575, 15, 31, 'PENGUJI', 0, '2026-01-13 07:16:31', '2026-01-13 07:16:31'),
(576, 15, NULL, 'LOGBOOK', 0, '2026-01-13 07:16:31', '2026-01-13 07:16:31'),
(577, 15, NULL, 'MONEV', 90, '2026-01-13 07:16:31', '2026-01-13 07:16:31'),
(578, 16, 16, 'INSTANSI', 0, '2026-01-13 07:17:04', '2026-01-13 07:17:04'),
(579, 16, 17, 'INSTANSI', 0, '2026-01-13 07:17:04', '2026-01-13 07:17:04'),
(580, 16, 18, 'INSTANSI', 0, '2026-01-13 07:17:04', '2026-01-13 07:17:04'),
(581, 16, 19, 'INSTANSI', 0, '2026-01-13 07:17:04', '2026-01-13 07:17:04'),
(582, 16, 20, 'INSTANSI', 0, '2026-01-13 07:17:04', '2026-01-13 07:17:04'),
(583, 16, 21, 'INSTANSI', 0, '2026-01-13 07:17:04', '2026-01-13 07:17:04'),
(584, 16, NULL, 'LOGBOOK', 0, '2026-01-13 07:17:04', '2026-01-13 07:17:04'),
(585, 16, NULL, 'MONEV', 90, '2026-01-13 07:17:04', '2026-01-13 07:17:04'),
(586, 31, 46, 'PENGUJI', 90, '2026-01-13 07:19:26', '2026-01-13 07:19:26'),
(587, 31, 47, 'PENGUJI', 90, '2026-01-13 07:19:26', '2026-01-13 07:19:26'),
(588, 31, 48, 'PENGUJI', 80, '2026-01-13 07:19:26', '2026-01-13 07:19:26'),
(589, 31, 49, 'PENGUJI', 80, '2026-01-13 07:19:26', '2026-01-13 07:19:26'),
(590, 31, 50, 'PENGUJI', 80, '2026-01-13 07:19:26', '2026-01-13 07:19:26'),
(591, 31, 51, 'PENGUJI', 75, '2026-01-13 07:19:26', '2026-01-13 07:19:26'),
(592, 31, 52, 'PENGUJI', 80, '2026-01-13 07:19:26', '2026-01-13 07:19:26'),
(593, 77, 46, 'PENGUJI', 90, '2026-01-13 07:21:47', '2026-01-13 07:21:47'),
(594, 77, 47, 'PENGUJI', 90, '2026-01-13 07:21:47', '2026-01-13 07:21:47'),
(595, 77, 48, 'PENGUJI', 85, '2026-01-13 07:21:47', '2026-01-13 07:21:47'),
(596, 77, 49, 'PENGUJI', 84, '2026-01-13 07:21:47', '2026-01-13 07:21:47'),
(597, 77, 50, 'PENGUJI', 79, '2026-01-13 07:21:47', '2026-01-13 07:21:47'),
(598, 77, 51, 'PENGUJI', 75, '2026-01-13 07:21:47', '2026-01-13 07:21:47'),
(599, 77, 52, 'PENGUJI', 80, '2026-01-13 07:21:47', '2026-01-13 07:21:47'),
(600, 19, 16, 'INSTANSI', 0, '2026-01-13 07:22:25', '2026-01-13 08:25:45'),
(601, 19, 17, 'INSTANSI', 0, '2026-01-13 07:22:25', '2026-01-13 08:25:45'),
(602, 19, 18, 'INSTANSI', 0, '2026-01-13 07:22:25', '2026-01-13 08:25:46'),
(603, 19, 19, 'INSTANSI', 0, '2026-01-13 07:22:25', '2026-01-13 08:25:46'),
(604, 19, 20, 'INSTANSI', 0, '2026-01-13 07:22:25', '2026-01-13 08:25:46'),
(605, 19, 21, 'INSTANSI', 0, '2026-01-13 07:22:25', '2026-01-13 08:25:46'),
(606, 19, 22, 'PEMBIMBING', 0, '2026-01-13 07:22:25', '2026-01-13 08:25:46'),
(607, 19, 23, 'PEMBIMBING', 0, '2026-01-13 07:22:25', '2026-01-13 08:25:46'),
(608, 19, 24, 'PEMBIMBING', 0, '2026-01-13 07:22:25', '2026-01-13 08:25:46'),
(609, 19, 25, 'PEMBIMBING', 0, '2026-01-13 07:22:25', '2026-01-13 08:25:46'),
(610, 19, 26, 'PEMBIMBING', 0, '2026-01-13 07:22:25', '2026-01-13 08:25:46'),
(611, 19, NULL, 'LOGBOOK', 0, '2026-01-13 07:22:25', '2026-01-13 08:25:46'),
(612, 19, NULL, 'MONEV', 100, '2026-01-13 07:22:25', '2026-01-13 08:25:46'),
(613, 20, 16, 'INSTANSI', 0, '2026-01-13 07:23:12', '2026-01-13 08:27:15'),
(614, 20, 17, 'INSTANSI', 0, '2026-01-13 07:23:12', '2026-01-13 08:27:15'),
(615, 20, 18, 'INSTANSI', 0, '2026-01-13 07:23:12', '2026-01-13 08:27:15'),
(616, 20, 19, 'INSTANSI', 0, '2026-01-13 07:23:12', '2026-01-13 08:27:15'),
(617, 20, 20, 'INSTANSI', 0, '2026-01-13 07:23:12', '2026-01-13 08:27:15'),
(618, 20, 21, 'INSTANSI', 0, '2026-01-13 07:23:12', '2026-01-13 08:27:15'),
(619, 20, 22, 'PEMBIMBING', 0, '2026-01-13 07:23:12', '2026-01-13 08:27:15'),
(620, 20, 23, 'PEMBIMBING', 0, '2026-01-13 07:23:12', '2026-01-13 08:27:16'),
(621, 20, 24, 'PEMBIMBING', 0, '2026-01-13 07:23:12', '2026-01-13 08:27:16'),
(622, 20, 25, 'PEMBIMBING', 0, '2026-01-13 07:23:12', '2026-01-13 08:27:16'),
(623, 20, 26, 'PEMBIMBING', 0, '2026-01-13 07:23:12', '2026-01-13 08:27:16'),
(624, 20, NULL, 'LOGBOOK', 0, '2026-01-13 07:23:12', '2026-01-13 08:27:16'),
(625, 20, NULL, 'MONEV', 100, '2026-01-13 07:23:12', '2026-01-13 08:27:17'),
(626, 30, 46, 'PENGUJI', 85, '2026-01-13 07:23:31', '2026-01-13 07:23:31'),
(627, 30, 47, 'PENGUJI', 85, '2026-01-13 07:23:31', '2026-01-13 07:23:31'),
(628, 30, 48, 'PENGUJI', 80, '2026-01-13 07:23:31', '2026-01-13 07:23:31'),
(629, 30, 49, 'PENGUJI', 79, '2026-01-13 07:23:31', '2026-01-13 07:23:31'),
(630, 30, 50, 'PENGUJI', 79, '2026-01-13 07:23:31', '2026-01-13 07:23:31'),
(631, 30, 51, 'PENGUJI', 75, '2026-01-13 07:23:31', '2026-01-13 07:23:31'),
(632, 30, 52, 'PENGUJI', 80, '2026-01-13 07:23:31', '2026-01-13 07:23:31'),
(633, 21, 16, 'INSTANSI', 0, '2026-01-13 07:24:26', '2026-01-13 08:27:55'),
(634, 21, 17, 'INSTANSI', 0, '2026-01-13 07:24:26', '2026-01-13 08:27:55'),
(635, 21, 18, 'INSTANSI', 0, '2026-01-13 07:24:27', '2026-01-13 08:27:56'),
(636, 21, 19, 'INSTANSI', 0, '2026-01-13 07:24:27', '2026-01-13 08:27:56'),
(637, 21, 20, 'INSTANSI', 0, '2026-01-13 07:24:27', '2026-01-13 08:27:56'),
(638, 21, 21, 'INSTANSI', 0, '2026-01-13 07:24:27', '2026-01-13 08:27:56'),
(639, 21, 22, 'PEMBIMBING', 0, '2026-01-13 07:24:27', '2026-01-13 08:27:56'),
(640, 21, 23, 'PEMBIMBING', 0, '2026-01-13 07:24:27', '2026-01-13 08:27:56'),
(641, 21, 24, 'PEMBIMBING', 0, '2026-01-13 07:24:27', '2026-01-13 08:27:56'),
(642, 21, 25, 'PEMBIMBING', 0, '2026-01-13 07:24:27', '2026-01-13 08:27:56'),
(643, 21, 26, 'PEMBIMBING', 0, '2026-01-13 07:24:27', '2026-01-13 08:27:56'),
(644, 21, NULL, 'LOGBOOK', 0, '2026-01-13 07:24:27', '2026-01-13 08:27:56'),
(645, 21, NULL, 'MONEV', 100, '2026-01-13 07:24:27', '2026-01-13 08:27:56'),
(646, 24, 22, 'PEMBIMBING', 90, '2026-01-13 07:41:26', '2026-01-13 08:31:23'),
(647, 24, 23, 'PEMBIMBING', 90, '2026-01-13 07:41:26', '2026-01-13 08:31:23'),
(648, 24, 24, 'PEMBIMBING', 90, '2026-01-13 07:41:26', '2026-01-13 08:31:23'),
(649, 24, 25, 'PEMBIMBING', 90, '2026-01-13 07:41:26', '2026-01-13 08:31:23'),
(650, 24, 26, 'PEMBIMBING', 90, '2026-01-13 07:41:26', '2026-01-13 08:31:23'),
(651, 25, 22, 'PEMBIMBING', 80, '2026-01-13 07:42:28', '2026-01-13 08:33:05'),
(652, 25, 23, 'PEMBIMBING', 85, '2026-01-13 07:42:28', '2026-01-13 08:33:05'),
(653, 25, 24, 'PEMBIMBING', 85, '2026-01-13 07:42:28', '2026-01-13 08:33:06'),
(654, 25, 25, 'PEMBIMBING', 85, '2026-01-13 07:42:28', '2026-01-13 08:33:06'),
(655, 25, 26, 'PEMBIMBING', 80, '2026-01-13 07:42:28', '2026-01-13 08:33:06'),
(656, 26, 22, 'PEMBIMBING', 80, '2026-01-13 07:43:28', '2026-01-13 08:35:23'),
(657, 26, 23, 'PEMBIMBING', 80, '2026-01-13 07:43:28', '2026-01-13 08:35:23'),
(658, 26, 24, 'PEMBIMBING', 85, '2026-01-13 07:43:28', '2026-01-13 08:35:23'),
(659, 26, 25, 'PEMBIMBING', 85, '2026-01-13 07:43:28', '2026-01-13 08:35:23'),
(660, 26, 26, 'PEMBIMBING', 80, '2026-01-13 07:43:29', '2026-01-13 08:35:24'),
(661, 66, 37, 'PEMBIMBING', 90, '2026-01-13 07:44:44', '2026-01-13 07:44:44'),
(662, 66, 38, 'PEMBIMBING', 90, '2026-01-13 07:44:44', '2026-01-13 07:44:44'),
(663, 66, 39, 'PEMBIMBING', 90, '2026-01-13 07:44:44', '2026-01-13 07:44:44'),
(664, 66, 40, 'PEMBIMBING', 90, '2026-01-13 07:44:44', '2026-01-13 07:44:44'),
(665, 66, 41, 'PEMBIMBING', 90, '2026-01-13 07:44:44', '2026-01-13 07:44:44'),
(666, 66, 42, 'PEMBIMBING', 90, '2026-01-13 07:44:44', '2026-01-13 07:44:44'),
(667, 66, 43, 'PEMBIMBING', 90, '2026-01-13 07:44:44', '2026-01-13 07:44:44'),
(668, 66, 44, 'PEMBIMBING', 85, '2026-01-13 07:44:44', '2026-01-13 07:44:44'),
(669, 66, 45, 'PEMBIMBING', 85, '2026-01-13 07:44:44', '2026-01-13 07:44:44'),
(670, 67, 37, 'PEMBIMBING', 80, '2026-01-13 07:46:23', '2026-01-13 07:46:23'),
(671, 67, 38, 'PEMBIMBING', 80, '2026-01-13 07:46:23', '2026-01-13 07:46:23'),
(672, 67, 39, 'PEMBIMBING', 75, '2026-01-13 07:46:23', '2026-01-13 07:46:23'),
(673, 67, 40, 'PEMBIMBING', 75, '2026-01-13 07:46:23', '2026-01-13 07:46:23'),
(674, 67, 41, 'PEMBIMBING', 70, '2026-01-13 07:46:23', '2026-01-13 07:46:23'),
(675, 67, 42, 'PEMBIMBING', 70, '2026-01-13 07:46:23', '2026-01-13 07:46:23'),
(676, 67, 43, 'PEMBIMBING', 75, '2026-01-13 07:46:23', '2026-01-13 07:46:23');
INSERT INTO `komponennilais` (`id`, `pendaftaranId`, `kriteriaNilaiId`, `jenis`, `nilai`, `createdAt`, `updatedAt`) VALUES
(677, 67, 44, 'PEMBIMBING', 75, '2026-01-13 07:46:23', '2026-01-13 07:46:23'),
(678, 67, 45, 'PEMBIMBING', 75, '2026-01-13 07:46:23', '2026-01-13 07:46:23'),
(679, 73, 37, 'PEMBIMBING', 85, '2026-01-13 07:47:31', '2026-01-13 07:47:31'),
(680, 73, 38, 'PEMBIMBING', 80, '2026-01-13 07:47:31', '2026-01-13 07:47:31'),
(681, 73, 39, 'PEMBIMBING', 75, '2026-01-13 07:47:31', '2026-01-13 07:47:31'),
(682, 73, 40, 'PEMBIMBING', 80, '2026-01-13 07:47:31', '2026-01-13 07:47:31'),
(683, 73, 41, 'PEMBIMBING', 65, '2026-01-13 07:47:31', '2026-01-13 07:47:31'),
(684, 73, 42, 'PEMBIMBING', 65, '2026-01-13 07:47:31', '2026-01-13 07:47:31'),
(685, 73, 43, 'PEMBIMBING', 70, '2026-01-13 07:47:31', '2026-01-13 07:47:31'),
(686, 73, 44, 'PEMBIMBING', 70, '2026-01-13 07:47:31', '2026-01-13 07:47:31'),
(687, 73, 45, 'PEMBIMBING', 75, '2026-01-13 07:47:31', '2026-01-13 07:47:31'),
(688, 74, 37, 'PEMBIMBING', 90, '2026-01-13 07:49:06', '2026-01-13 07:49:06'),
(689, 74, 38, 'PEMBIMBING', 90, '2026-01-13 07:49:06', '2026-01-13 07:49:06'),
(690, 74, 39, 'PEMBIMBING', 90, '2026-01-13 07:49:06', '2026-01-13 07:49:06'),
(691, 74, 40, 'PEMBIMBING', 85, '2026-01-13 07:49:06', '2026-01-13 07:49:06'),
(692, 74, 41, 'PEMBIMBING', 100, '2026-01-13 07:49:06', '2026-01-13 07:49:06'),
(693, 74, 42, 'PEMBIMBING', 100, '2026-01-13 07:49:06', '2026-01-13 07:49:06'),
(694, 74, 43, 'PEMBIMBING', 90, '2026-01-13 07:49:06', '2026-01-13 07:49:06'),
(695, 74, 44, 'PEMBIMBING', 90, '2026-01-13 07:49:06', '2026-01-13 07:49:06'),
(696, 74, 45, 'PEMBIMBING', 90, '2026-01-13 07:49:06', '2026-01-13 07:49:06'),
(697, 28, 37, 'PEMBIMBING', 95, '2026-01-13 08:00:20', '2026-01-13 08:08:27'),
(698, 28, 38, 'PEMBIMBING', 95, '2026-01-13 08:00:20', '2026-01-13 08:08:27'),
(699, 28, 39, 'PEMBIMBING', 95, '2026-01-13 08:00:21', '2026-01-13 08:08:27'),
(700, 28, 40, 'PEMBIMBING', 95, '2026-01-13 08:00:21', '2026-01-13 08:08:27'),
(701, 28, 41, 'PEMBIMBING', 80, '2026-01-13 08:00:21', '2026-01-13 08:08:27'),
(702, 28, 42, 'PEMBIMBING', 85, '2026-01-13 08:00:21', '2026-01-13 08:08:27'),
(703, 28, 43, 'PEMBIMBING', 90, '2026-01-13 08:00:21', '2026-01-13 08:08:27'),
(704, 28, 44, 'PEMBIMBING', 85, '2026-01-13 08:00:21', '2026-01-13 08:08:27'),
(705, 28, 45, 'PEMBIMBING', 80, '2026-01-13 08:00:21', '2026-01-13 08:08:28'),
(706, 28, 53, 'INSTANSI', 100, '2026-01-13 08:00:21', '2026-01-13 08:01:04'),
(707, 28, 54, 'INSTANSI', 100, '2026-01-13 08:00:21', '2026-01-13 08:01:04'),
(708, 28, 55, 'INSTANSI', 100, '2026-01-13 08:00:21', '2026-01-13 08:01:05'),
(709, 28, 56, 'INSTANSI', 100, '2026-01-13 08:00:21', '2026-01-13 08:01:05'),
(710, 28, 57, 'INSTANSI', 100, '2026-01-13 08:00:21', '2026-01-13 08:01:05'),
(711, 28, 58, 'INSTANSI', 100, '2026-01-13 08:00:21', '2026-01-13 08:01:05'),
(712, 28, 59, 'INSTANSI', 100, '2026-01-13 08:00:21', '2026-01-13 08:01:05'),
(713, 28, 60, 'INSTANSI', 98, '2026-01-13 08:00:21', '2026-01-13 08:01:05'),
(714, 28, 61, 'INSTANSI', 100, '2026-01-13 08:00:21', '2026-01-13 08:01:05'),
(715, 28, NULL, 'LOGBOOK', 0, '2026-01-13 08:00:21', '2026-01-13 08:00:21'),
(716, 28, NULL, 'MONEV', 87.5, '2026-01-13 08:00:21', '2026-01-13 08:00:21'),
(717, 29, 37, 'PEMBIMBING', 0, '2026-01-13 08:03:51', '2026-01-13 08:28:41'),
(718, 29, 38, 'PEMBIMBING', 0, '2026-01-13 08:03:51', '2026-01-13 08:28:41'),
(719, 29, 39, 'PEMBIMBING', 0, '2026-01-13 08:03:51', '2026-01-13 08:28:41'),
(720, 29, 40, 'PEMBIMBING', 0, '2026-01-13 08:03:51', '2026-01-13 08:28:41'),
(721, 29, 41, 'PEMBIMBING', 0, '2026-01-13 08:03:51', '2026-01-13 08:28:41'),
(722, 29, 42, 'PEMBIMBING', 0, '2026-01-13 08:03:51', '2026-01-13 08:28:41'),
(723, 29, 43, 'PEMBIMBING', 0, '2026-01-13 08:03:51', '2026-01-13 08:28:41'),
(724, 29, 44, 'PEMBIMBING', 0, '2026-01-13 08:03:51', '2026-01-13 08:28:42'),
(725, 29, 44, 'PEMBIMBING', 0, '2026-01-13 08:03:51', '2026-01-13 08:28:42'),
(726, 29, 45, 'PEMBIMBING', 0, '2026-01-13 08:03:51', '2026-01-13 08:28:42'),
(727, 29, 45, 'PEMBIMBING', 0, '2026-01-13 08:03:51', '2026-01-13 08:28:42'),
(728, 29, 46, 'PENGUJI', 0, '2026-01-13 08:03:51', '2026-01-13 08:28:42'),
(729, 29, 47, 'PENGUJI', 0, '2026-01-13 08:03:51', '2026-01-13 08:28:42'),
(730, 29, 48, 'PENGUJI', 0, '2026-01-13 08:03:51', '2026-01-13 08:28:42'),
(731, 29, 49, 'PENGUJI', 0, '2026-01-13 08:03:51', '2026-01-13 08:28:42'),
(732, 29, 50, 'PENGUJI', 0, '2026-01-13 08:03:51', '2026-01-13 08:28:42'),
(733, 29, 51, 'PENGUJI', 0, '2026-01-13 08:03:51', '2026-01-13 08:28:42'),
(734, 29, 51, 'PENGUJI', 0, '2026-01-13 08:03:51', '2026-01-13 08:28:42'),
(735, 29, 52, 'PENGUJI', 0, '2026-01-13 08:03:51', '2026-01-13 08:28:42'),
(736, 29, 53, 'INSTANSI', 100, '2026-01-13 08:03:51', '2026-01-13 08:28:42'),
(737, 29, 54, 'INSTANSI', 100, '2026-01-13 08:03:51', '2026-01-13 08:28:42'),
(738, 29, 54, 'INSTANSI', 100, '2026-01-13 08:03:51', '2026-01-13 08:28:42'),
(739, 29, 55, 'INSTANSI', 100, '2026-01-13 08:03:51', '2026-01-13 08:28:42'),
(740, 29, 55, 'INSTANSI', 100, '2026-01-13 08:03:51', '2026-01-13 08:28:42'),
(741, 29, 56, 'INSTANSI', 100, '2026-01-13 08:03:51', '2026-01-13 08:28:42'),
(742, 29, 57, 'INSTANSI', 100, '2026-01-13 08:03:51', '2026-01-13 08:28:42'),
(743, 29, 58, 'INSTANSI', 100, '2026-01-13 08:03:51', '2026-01-13 08:28:42'),
(744, 29, 59, 'INSTANSI', 100, '2026-01-13 08:03:51', '2026-01-13 08:28:42'),
(745, 29, 60, 'INSTANSI', 100, '2026-01-13 08:03:52', '2026-01-13 08:28:42'),
(746, 29, 61, 'INSTANSI', 100, '2026-01-13 08:03:52', '2026-01-13 08:28:42'),
(747, 29, NULL, 'LOGBOOK', 0, '2026-01-13 08:03:52', '2026-01-13 08:28:42'),
(748, 29, NULL, 'MONEV', 85, '2026-01-13 08:03:52', '2026-01-13 08:28:42'),
(749, 29, NULL, 'MONEV', 85, '2026-01-13 08:03:52', '2026-01-13 08:28:42'),
(750, 27, 37, 'PEMBIMBING', 95, '2026-01-13 08:05:16', '2026-01-13 08:05:16'),
(751, 27, 38, 'PEMBIMBING', 95, '2026-01-13 08:05:16', '2026-01-13 08:05:16'),
(752, 27, 39, 'PEMBIMBING', 95, '2026-01-13 08:05:16', '2026-01-13 08:05:16'),
(753, 27, 40, 'PEMBIMBING', 95, '2026-01-13 08:05:16', '2026-01-13 08:05:16'),
(754, 27, 41, 'PEMBIMBING', 90, '2026-01-13 08:05:16', '2026-01-13 08:05:16'),
(755, 27, 42, 'PEMBIMBING', 90, '2026-01-13 08:05:16', '2026-01-13 08:05:16'),
(756, 27, 43, 'PEMBIMBING', 95, '2026-01-13 08:05:16', '2026-01-13 08:05:16'),
(757, 27, 44, 'PEMBIMBING', 85, '2026-01-13 08:05:16', '2026-01-13 08:05:16'),
(758, 27, 45, 'PEMBIMBING', 85, '2026-01-13 08:05:16', '2026-01-13 08:05:16'),
(759, 79, 37, 'PEMBIMBING', 95, '2026-01-13 08:15:32', '2026-01-13 08:15:32'),
(760, 79, 38, 'PEMBIMBING', 95, '2026-01-13 08:15:32', '2026-01-13 08:15:32'),
(761, 79, 39, 'PEMBIMBING', 95, '2026-01-13 08:15:32', '2026-01-13 08:15:32'),
(762, 79, 40, 'PEMBIMBING', 94, '2026-01-13 08:15:32', '2026-01-13 08:15:32'),
(763, 79, 41, 'PEMBIMBING', 80, '2026-01-13 08:15:32', '2026-01-13 08:15:32'),
(764, 79, 42, 'PEMBIMBING', 80, '2026-01-13 08:15:32', '2026-01-13 08:15:32'),
(765, 79, 43, 'PEMBIMBING', 80, '2026-01-13 08:15:32', '2026-01-13 08:15:32'),
(766, 79, 44, 'PEMBIMBING', 75, '2026-01-13 08:15:33', '2026-01-13 08:15:33'),
(767, 79, 45, 'PEMBIMBING', 75, '2026-01-13 08:15:33', '2026-01-13 08:15:33'),
(768, 30, 37, 'PEMBIMBING', 0, '2026-01-13 08:19:10', '2026-01-13 08:19:10'),
(769, 30, 38, 'PEMBIMBING', 0, '2026-01-13 08:19:10', '2026-01-13 08:19:10'),
(770, 30, 39, 'PEMBIMBING', 0, '2026-01-13 08:19:10', '2026-01-13 08:19:10'),
(771, 30, 40, 'PEMBIMBING', 0, '2026-01-13 08:19:10', '2026-01-13 08:19:10'),
(772, 30, 41, 'PEMBIMBING', 0, '2026-01-13 08:19:10', '2026-01-13 08:19:10'),
(773, 30, 42, 'PEMBIMBING', 0, '2026-01-13 08:19:10', '2026-01-13 08:19:10'),
(774, 30, 43, 'PEMBIMBING', 0, '2026-01-13 08:19:10', '2026-01-13 08:19:10'),
(775, 30, 44, 'PEMBIMBING', 0, '2026-01-13 08:19:10', '2026-01-13 08:19:10'),
(776, 30, 45, 'PEMBIMBING', 0, '2026-01-13 08:19:10', '2026-01-13 08:19:10'),
(777, 30, 53, 'INSTANSI', 90, '2026-01-13 08:19:10', '2026-01-13 08:19:10'),
(778, 30, 54, 'INSTANSI', 80, '2026-01-13 08:19:11', '2026-01-13 08:19:11'),
(779, 30, 55, 'INSTANSI', 90, '2026-01-13 08:19:11', '2026-01-13 08:19:11'),
(780, 30, 56, 'INSTANSI', 80, '2026-01-13 08:19:11', '2026-01-13 08:19:11'),
(781, 30, 57, 'INSTANSI', 90, '2026-01-13 08:19:11', '2026-01-13 08:19:11'),
(782, 30, 58, 'INSTANSI', 90, '2026-01-13 08:19:11', '2026-01-13 08:19:11'),
(783, 30, 59, 'INSTANSI', 80, '2026-01-13 08:19:11', '2026-01-13 08:19:11'),
(784, 30, 60, 'INSTANSI', 90, '2026-01-13 08:19:11', '2026-01-13 08:19:11'),
(785, 30, 61, 'INSTANSI', 90, '2026-01-13 08:19:11', '2026-01-13 08:19:11'),
(786, 30, NULL, 'LOGBOOK', 0, '2026-01-13 08:19:11', '2026-01-13 08:19:11'),
(787, 30, NULL, 'MONEV', 52.5, '2026-01-13 08:19:11', '2026-01-13 08:19:11'),
(788, 27, NULL, 'LOGBOOK', 0, '2026-01-13 08:19:32', '2026-01-13 08:19:32'),
(789, 31, 37, 'PEMBIMBING', 0, '2026-01-13 08:22:24', '2026-01-13 08:22:24'),
(790, 31, 38, 'PEMBIMBING', 0, '2026-01-13 08:22:24', '2026-01-13 08:22:24'),
(791, 31, 39, 'PEMBIMBING', 0, '2026-01-13 08:22:24', '2026-01-13 08:22:24'),
(792, 31, 40, 'PEMBIMBING', 0, '2026-01-13 08:22:24', '2026-01-13 08:22:24'),
(793, 31, 41, 'PEMBIMBING', 0, '2026-01-13 08:22:24', '2026-01-13 08:22:24'),
(794, 31, 42, 'PEMBIMBING', 0, '2026-01-13 08:22:24', '2026-01-13 08:22:24'),
(795, 31, 43, 'PEMBIMBING', 0, '2026-01-13 08:22:24', '2026-01-13 08:22:24'),
(796, 31, 44, 'PEMBIMBING', 0, '2026-01-13 08:22:24', '2026-01-13 08:22:24'),
(797, 31, 45, 'PEMBIMBING', 0, '2026-01-13 08:22:24', '2026-01-13 08:22:24'),
(798, 31, 53, 'INSTANSI', 90, '2026-01-13 08:22:24', '2026-01-13 08:22:24'),
(799, 31, 54, 'INSTANSI', 80, '2026-01-13 08:22:24', '2026-01-13 08:22:24'),
(800, 31, 55, 'INSTANSI', 90, '2026-01-13 08:22:25', '2026-01-13 08:22:25'),
(801, 31, 56, 'INSTANSI', 80, '2026-01-13 08:22:25', '2026-01-13 08:22:25'),
(802, 31, 57, 'INSTANSI', 80, '2026-01-13 08:22:25', '2026-01-13 08:22:25'),
(803, 31, 58, 'INSTANSI', 90, '2026-01-13 08:22:25', '2026-01-13 08:22:25'),
(804, 31, 59, 'INSTANSI', 80, '2026-01-13 08:22:25', '2026-01-13 08:22:25'),
(805, 31, 60, 'INSTANSI', 80, '2026-01-13 08:22:25', '2026-01-13 08:22:25'),
(806, 31, 61, 'INSTANSI', 90, '2026-01-13 08:22:25', '2026-01-13 08:22:25'),
(807, 31, NULL, 'LOGBOOK', 0, '2026-01-13 08:22:25', '2026-01-13 08:22:25'),
(808, 31, NULL, 'MONEV', 67.5, '2026-01-13 08:22:25', '2026-01-13 08:22:25'),
(809, 80, NULL, 'LOGBOOK', 90, '2026-01-13 08:23:13', '2026-01-13 08:23:13'),
(810, 32, 46, 'PENGUJI', 0, '2026-01-13 08:23:48', '2026-01-13 08:23:48'),
(811, 32, 47, 'PENGUJI', 0, '2026-01-13 08:23:48', '2026-01-13 08:23:48'),
(812, 32, 48, 'PENGUJI', 0, '2026-01-13 08:23:48', '2026-01-13 08:23:48'),
(813, 32, 49, 'PENGUJI', 0, '2026-01-13 08:23:48', '2026-01-13 08:23:48'),
(814, 32, 50, 'PENGUJI', 0, '2026-01-13 08:23:48', '2026-01-13 08:23:48'),
(815, 32, 51, 'PENGUJI', 0, '2026-01-13 08:23:48', '2026-01-13 08:23:48'),
(816, 32, 52, 'PENGUJI', 0, '2026-01-13 08:23:48', '2026-01-13 08:23:48'),
(817, 32, 53, 'INSTANSI', 0, '2026-01-13 08:23:48', '2026-01-13 08:23:48'),
(818, 32, 54, 'INSTANSI', 0, '2026-01-13 08:23:48', '2026-01-13 08:23:48'),
(819, 32, 55, 'INSTANSI', 0, '2026-01-13 08:23:48', '2026-01-13 08:23:48'),
(820, 32, 56, 'INSTANSI', 0, '2026-01-13 08:23:48', '2026-01-13 08:23:48'),
(821, 32, 57, 'INSTANSI', 0, '2026-01-13 08:23:48', '2026-01-13 08:23:48'),
(822, 32, 58, 'INSTANSI', 0, '2026-01-13 08:23:48', '2026-01-13 08:23:48'),
(823, 32, 59, 'INSTANSI', 0, '2026-01-13 08:23:48', '2026-01-13 08:23:48'),
(824, 32, 60, 'INSTANSI', 0, '2026-01-13 08:23:48', '2026-01-13 08:23:48'),
(825, 32, 61, 'INSTANSI', 0, '2026-01-13 08:23:48', '2026-01-13 08:23:48'),
(826, 32, NULL, 'LOGBOOK', 0, '2026-01-13 08:23:48', '2026-01-13 08:23:48'),
(827, 32, NULL, 'MONEV', 100, '2026-01-13 08:23:48', '2026-01-13 08:23:48'),
(828, 80, 1, 'INSTANSI', 95, '2026-01-13 08:23:57', '2026-01-13 08:25:32'),
(829, 23, 16, 'INSTANSI', 0, '2026-01-13 08:29:20', '2026-01-13 08:29:20'),
(830, 23, 17, 'INSTANSI', 0, '2026-01-13 08:29:20', '2026-01-13 08:29:20'),
(831, 23, 18, 'INSTANSI', 0, '2026-01-13 08:29:21', '2026-01-13 08:29:21'),
(832, 23, 19, 'INSTANSI', 0, '2026-01-13 08:29:21', '2026-01-13 08:29:21'),
(833, 23, 20, 'INSTANSI', 0, '2026-01-13 08:29:21', '2026-01-13 08:29:21'),
(834, 23, 21, 'INSTANSI', 0, '2026-01-13 08:29:21', '2026-01-13 08:29:21'),
(835, 23, NULL, 'LOGBOOK', 0, '2026-01-13 08:29:21', '2026-01-13 08:29:21'),
(836, 23, NULL, 'MONEV', 0, '2026-01-13 08:29:21', '2026-01-13 08:29:21'),
(837, 33, 46, 'PENGUJI', 0, '2026-01-13 08:30:55', '2026-01-13 08:30:55'),
(838, 33, 47, 'PENGUJI', 0, '2026-01-13 08:30:55', '2026-01-13 08:30:55'),
(839, 33, 48, 'PENGUJI', 0, '2026-01-13 08:30:55', '2026-01-13 08:30:55'),
(840, 33, 49, 'PENGUJI', 0, '2026-01-13 08:30:55', '2026-01-13 08:30:55'),
(841, 33, 50, 'PENGUJI', 0, '2026-01-13 08:30:55', '2026-01-13 08:30:55'),
(842, 33, 51, 'PENGUJI', 0, '2026-01-13 08:30:55', '2026-01-13 08:30:55'),
(843, 33, 52, 'PENGUJI', 0, '2026-01-13 08:30:55', '2026-01-13 08:30:55'),
(844, 33, 53, 'INSTANSI', 79, '2026-01-13 08:30:55', '2026-01-13 08:30:55'),
(845, 33, 54, 'INSTANSI', 80, '2026-01-13 08:30:55', '2026-01-13 08:30:55'),
(846, 33, 55, 'INSTANSI', 80, '2026-01-13 08:30:55', '2026-01-13 08:30:55'),
(847, 33, 56, 'INSTANSI', 80, '2026-01-13 08:30:55', '2026-01-13 08:30:55'),
(848, 33, 57, 'INSTANSI', 70, '2026-01-13 08:30:55', '2026-01-13 08:30:55'),
(849, 33, 58, 'INSTANSI', 70, '2026-01-13 08:30:55', '2026-01-13 08:30:55'),
(850, 33, 59, 'INSTANSI', 70, '2026-01-13 08:30:55', '2026-01-13 08:30:55'),
(851, 33, 60, 'INSTANSI', 80, '2026-01-13 08:30:55', '2026-01-13 08:30:55'),
(852, 33, 61, 'INSTANSI', 80, '2026-01-13 08:30:55', '2026-01-13 08:30:55'),
(853, 33, NULL, 'LOGBOOK', 0, '2026-01-13 08:30:55', '2026-01-13 08:30:55'),
(854, 33, NULL, 'MONEV', 100, '2026-01-13 08:30:55', '2026-01-13 08:30:55'),
(855, 24, 16, 'INSTANSI', 0, '2026-01-13 08:31:23', '2026-01-13 08:31:23'),
(856, 24, 17, 'INSTANSI', 0, '2026-01-13 08:31:23', '2026-01-13 08:31:23'),
(857, 24, 18, 'INSTANSI', 0, '2026-01-13 08:31:23', '2026-01-13 08:31:23'),
(858, 24, 19, 'INSTANSI', 0, '2026-01-13 08:31:23', '2026-01-13 08:31:23'),
(859, 24, 20, 'INSTANSI', 0, '2026-01-13 08:31:23', '2026-01-13 08:31:23'),
(860, 24, 21, 'INSTANSI', 0, '2026-01-13 08:31:23', '2026-01-13 08:31:23'),
(861, 24, NULL, 'LOGBOOK', 0, '2026-01-13 08:31:24', '2026-01-13 08:31:24'),
(862, 24, NULL, 'MONEV', 0, '2026-01-13 08:31:24', '2026-01-13 08:31:24'),
(863, 25, 16, 'INSTANSI', 0, '2026-01-13 08:33:05', '2026-01-13 08:33:05'),
(864, 25, 17, 'INSTANSI', 0, '2026-01-13 08:33:05', '2026-01-13 08:33:05'),
(865, 25, 18, 'INSTANSI', 0, '2026-01-13 08:33:05', '2026-01-13 08:33:05'),
(866, 25, 19, 'INSTANSI', 0, '2026-01-13 08:33:05', '2026-01-13 08:33:05'),
(867, 25, 20, 'INSTANSI', 0, '2026-01-13 08:33:05', '2026-01-13 08:33:05'),
(868, 25, 21, 'INSTANSI', 0, '2026-01-13 08:33:05', '2026-01-13 08:33:05'),
(869, 25, NULL, 'LOGBOOK', 0, '2026-01-13 08:33:06', '2026-01-13 08:33:06'),
(870, 25, NULL, 'MONEV', 0, '2026-01-13 08:33:06', '2026-01-13 08:33:06'),
(871, 26, 16, 'INSTANSI', 0, '2026-01-13 08:35:23', '2026-01-13 08:35:23'),
(872, 26, 17, 'INSTANSI', 0, '2026-01-13 08:35:23', '2026-01-13 08:35:23'),
(873, 26, 18, 'INSTANSI', 0, '2026-01-13 08:35:23', '2026-01-13 08:35:23'),
(874, 26, 19, 'INSTANSI', 0, '2026-01-13 08:35:23', '2026-01-13 08:35:23'),
(875, 26, 20, 'INSTANSI', 0, '2026-01-13 08:35:23', '2026-01-13 08:35:23'),
(876, 26, 21, 'INSTANSI', 0, '2026-01-13 08:35:23', '2026-01-13 08:35:23'),
(877, 26, NULL, 'LOGBOOK', 0, '2026-01-13 08:35:24', '2026-01-13 08:35:24'),
(878, 26, NULL, 'MONEV', 0, '2026-01-13 08:35:24', '2026-01-13 08:35:24');

-- --------------------------------------------------------

--
-- Struktur dari tabel `kriterianilais`
--

CREATE TABLE `kriterianilais` (
  `id` int(11) NOT NULL,
  `nama` varchar(255) NOT NULL,
  `bobot` float NOT NULL DEFAULT 0,
  `role` enum('PEMBIMBING','PENGUJI','INSTANSI') NOT NULL,
  `tipe` enum('PKL1','PKL2','MBKM') NOT NULL,
  `createdAt` datetime NOT NULL,
  `updatedAt` datetime NOT NULL
) ENGINE=InnoDB DEFAULT CHARSET=utf8mb4 COLLATE=utf8mb4_general_ci;

--
-- Dumping data untuk tabel `kriterianilais`
--

INSERT INTO `kriterianilais` (`id`, `nama`, `bobot`, `role`, `tipe`, `createdAt`, `updatedAt`) VALUES
(1, 'Kemempuan Intelektual', 20, 'INSTANSI', 'PKL1', '2026-01-07 07:07:37', '2026-01-07 07:07:37'),
(2, 'Kemampuan Interpersonal dan komunikasi', 20, 'INSTANSI', 'PKL1', '2026-01-07 07:08:01', '2026-01-07 07:08:16'),
(3, 'Kepribadian', 20, 'INSTANSI', 'PKL1', '2026-01-07 07:08:37', '2026-01-07 07:08:37'),
(4, 'Pengorganisasian', 20, 'INSTANSI', 'PKL1', '2026-01-07 07:08:49', '2026-01-07 07:08:49'),
(5, 'Komitmen Terhadap kepentingan publik', 10, 'INSTANSI', 'PKL1', '2026-01-07 07:09:05', '2026-01-07 07:09:05'),
(6, 'Skeptisisme Profesional Dan Judgment Professional', 10, 'INSTANSI', 'PKL1', '2026-01-07 07:09:57', '2026-01-07 07:09:57'),
(7, 'Ketepatan Waktu dan kelengkapan Logbook ', 20, 'PEMBIMBING', 'PKL1', '2026-01-07 07:10:22', '2026-01-07 07:10:22'),
(8, 'Komunikasi dengan pembimbing ', 20, 'PEMBIMBING', 'PKL1', '2026-01-07 07:10:30', '2026-01-07 07:10:30'),
(9, 'Sikap ', 20, 'PEMBIMBING', 'PKL1', '2026-01-07 07:10:37', '2026-01-07 07:10:37'),
(10, 'Keaktifan', 20, 'PEMBIMBING', 'PKL1', '2026-01-07 07:10:46', '2026-01-07 07:10:46'),
(11, 'Laporan', 20, 'PEMBIMBING', 'PKL1', '2026-01-07 07:10:53', '2026-01-07 07:10:53'),
(12, 'Penyampaian laporan', 25, 'PENGUJI', 'PKL1', '2026-01-07 07:11:12', '2026-01-07 07:11:12'),
(13, 'Sikap mahasiswa', 25, 'PENGUJI', 'PKL1', '2026-01-07 07:11:23', '2026-01-07 07:11:23'),
(14, 'Argumentasi mahasiswa', 25, 'PENGUJI', 'PKL1', '2026-01-07 07:11:38', '2026-01-07 07:11:38'),
(15, 'Kesesuaian Laporan', 25, 'PENGUJI', 'PKL1', '2026-01-07 07:11:49', '2026-01-07 07:11:49'),
(16, 'Etika dan Kepribadian', 20, 'INSTANSI', 'PKL2', '2026-01-07 07:12:43', '2026-01-07 07:12:43'),
(17, 'Kemampuan Komunikasi', 20, 'INSTANSI', 'PKL2', '2026-01-07 07:12:58', '2026-01-07 07:12:58'),
(18, 'Tanggung Jawab', 20, 'INSTANSI', 'PKL2', '2026-01-07 07:13:11', '2026-01-07 07:13:11'),
(19, 'Kedisiplinan', 20, 'INSTANSI', 'PKL2', '2026-01-07 07:13:29', '2026-01-07 07:13:29'),
(20, 'Kreativitas', 15, 'INSTANSI', 'PKL2', '2026-01-07 07:13:42', '2026-01-07 07:13:42'),
(21, 'Kemampuan Penggunaan Teknologi Informasi', 5, 'INSTANSI', 'PKL2', '2026-01-07 07:13:57', '2026-01-07 07:13:57'),
(22, 'Ketepatan Waktu dan kelengkapan Logbook ', 20, 'PEMBIMBING', 'PKL2', '2026-01-07 07:14:23', '2026-01-07 07:14:23'),
(23, 'Keaktifan Komunikasi dengan pembimbing ', 20, 'PEMBIMBING', 'PKL2', '2026-01-07 07:14:33', '2026-01-07 07:14:33'),
(24, 'Kemampuan analisis kebutuhan system', 20, 'PEMBIMBING', 'PKL2', '2026-01-07 07:14:43', '2026-01-07 07:14:43'),
(25, 'Kemampuan implementasi system', 20, 'PEMBIMBING', 'PKL2', '2026-01-07 07:14:54', '2026-01-07 07:14:54'),
(26, 'Kesesuaian laporan dengan panduan', 20, 'PEMBIMBING', 'PKL2', '2026-01-07 07:15:08', '2026-01-07 07:15:08'),
(27, 'Kemampuan menganalisa kebutuhan system', 20, 'PENGUJI', 'PKL2', '2026-01-07 07:15:33', '2026-01-07 07:15:33'),
(28, 'Kemampuan menganalisa kebutuhan database', 20, 'PENGUJI', 'PKL2', '2026-01-07 07:15:47', '2026-01-07 07:15:47'),
(29, 'Kemampuan membuat desain perangkat lunak', 20, 'PENGUJI', 'PKL2', '2026-01-07 07:16:08', '2026-01-07 07:16:08'),
(30, 'Kemampuan dalam implementasi dan uji coba', 20, 'PENGUJI', 'PKL2', '2026-01-07 07:16:25', '2026-01-07 07:16:25'),
(31, 'Kemampuan dalam membuat laporan', 20, 'PENGUJI', 'PKL2', '2026-01-07 07:16:43', '2026-01-07 07:16:43'),
(32, 'Capaian Kinerja Utama - Kesesuaian target kinerja utama', 15, 'PEMBIMBING', '', '2026-01-09 06:07:40', '2026-01-09 06:07:40'),
(33, 'Capaian Kinerja Utama - Capaian progress kegiatan', 15, 'PEMBIMBING', '', '2026-01-09 06:08:05', '2026-01-09 06:08:05'),
(34, 'Capaian Kinerja Utama - Kesesuaian target kinerja utama', 15, 'PEMBIMBING', '', '2026-01-09 06:08:46', '2026-01-09 06:08:46'),
(35, 'Kemampuan Berkomunikasi', 20, 'PEMBIMBING', '', '2026-01-09 06:26:57', '2026-01-09 06:26:57'),
(36, 'Kemampuan Berkomunikasi', 20, 'PEMBIMBING', '', '2026-01-09 06:27:18', '2026-01-09 06:27:18'),
(37, 'Capaian Kinerja Utama - Kesesuaian target kinerja utama', 15, 'PEMBIMBING', 'MBKM', '2026-01-09 08:29:36', '2026-01-09 08:30:44'),
(38, 'Capaian Kinerja Utama - Capaian progress kegiatan', 15, 'PEMBIMBING', 'MBKM', '2026-01-09 08:31:24', '2026-01-09 08:31:24'),
(39, 'Capaian Kinerja Tambahan - Kesesuaian target kinerja tambahan', 10, 'PEMBIMBING', 'MBKM', '2026-01-09 08:32:14', '2026-01-09 08:32:14'),
(40, 'Capaian Kinerja Tambahan - Capaian progress kegiatan', 10, 'PEMBIMBING', 'MBKM', '2026-01-09 08:32:46', '2026-01-09 08:32:46'),
(41, 'Laporan Mingguan - Ketepatan Waktu', 10, 'PEMBIMBING', 'MBKM', '2026-01-09 08:33:48', '2026-01-09 08:33:48'),
(42, 'Laporan Mingguan - Kelengkapan', 10, 'PEMBIMBING', 'MBKM', '2026-01-09 08:34:08', '2026-01-09 08:34:08'),
(43, 'Laporan Akhir Kegiatan - Ketepatan Waktu', 10, 'PEMBIMBING', 'MBKM', '2026-01-09 08:34:32', '2026-01-09 08:34:32'),
(44, 'Laporan Akhir Kegiatan - Kelengkapan', 10, 'PEMBIMBING', 'MBKM', '2026-01-09 08:35:54', '2026-01-09 08:35:54'),
(45, 'Laporan Akhir Kegiatan - Sistematika dan Isi', 10, 'PEMBIMBING', 'MBKM', '2026-01-09 08:36:13', '2026-01-09 08:36:13'),
(46, 'Capaian Kinerja Utama - Kesesuaian target kinerja utama', 20, 'PENGUJI', 'MBKM', '2026-01-09 08:38:18', '2026-01-09 08:38:18'),
(47, 'Capaian Kinerja Utama - Capaian progress kegiatan', 20, 'PENGUJI', 'MBKM', '2026-01-09 08:38:42', '2026-01-09 08:38:42'),
(48, 'Capaian Kinerja Tambahan - Kesesuaian target kinerja tambahan', 15, 'PENGUJI', 'MBKM', '2026-01-09 08:39:12', '2026-01-09 08:39:12'),
(49, 'Capaian Kinerja Tambahan - Capaian progress kegiatan', 15, 'PENGUJI', 'MBKM', '2026-01-09 08:39:31', '2026-01-09 08:39:31'),
(50, 'Laporan Akhir Kegiatan - Ketepatan Waktu', 10, 'PENGUJI', 'MBKM', '2026-01-09 08:40:23', '2026-01-09 08:40:23'),
(51, 'Laporan Akhir Kegiatan - Kelengkapan', 10, 'PENGUJI', 'MBKM', '2026-01-09 08:40:38', '2026-01-09 08:40:38'),
(52, 'Laporan Akhir Kegiatan - Sistematika dan Isi', 10, 'PENGUJI', 'MBKM', '2026-01-09 08:40:59', '2026-01-09 08:40:59'),
(53, 'Etika dan Kepribadian', 15, 'INSTANSI', 'MBKM', '2026-01-09 08:42:49', '2026-01-09 08:42:49'),
(54, 'Penguasaan Materi Pekerjaan', 15, 'INSTANSI', 'MBKM', '2026-01-09 08:43:05', '2026-01-09 08:43:05'),
(55, 'Pelaksanaan & tanggungjawab atas pekerjaan yang dilakukan', 10, 'INSTANSI', 'MBKM', '2026-01-09 08:43:18', '2026-01-09 08:43:18'),
(56, 'Kedisiplinan', 10, 'INSTANSI', 'MBKM', '2026-01-09 08:43:32', '2026-01-09 08:43:32'),
(57, 'Kreativitas', 10, 'INSTANSI', 'MBKM', '2026-01-09 08:43:34', '2026-01-09 08:44:03'),
(58, 'Kerjasama Tim', 10, 'INSTANSI', 'MBKM', '2026-01-09 08:44:48', '2026-01-09 08:44:48'),
(59, 'Leadership', 10, 'INSTANSI', 'MBKM', '2026-01-09 08:44:59', '2026-01-09 08:44:59'),
(60, 'Kemampuan Komunikasi', 10, 'INSTANSI', 'MBKM', '2026-01-09 08:45:11', '2026-01-09 08:45:11'),
(61, 'Kemampuan Penggunaan Teknologi Informasi', 10, 'INSTANSI', 'MBKM', '2026-01-09 08:45:24', '2026-01-09 08:45:24');

-- --------------------------------------------------------

--
-- Struktur dari tabel `laporanakhirs`
--

CREATE TABLE `laporanakhirs` (
  `id` int(11) NOT NULL,
  `pendaftaranId` int(11) NOT NULL,
  `fileUrl` varchar(255) NOT NULL,
  `status` enum('SUBMITTED','APPROVED','REJECTED') DEFAULT 'SUBMITTED',
  `createdAt` datetime NOT NULL,
  `updatedAt` datetime NOT NULL,
  `type_iku` varchar(255) DEFAULT NULL,
  `ikuUrl` varchar(255) DEFAULT NULL,
  `finalUrl` varchar(255) DEFAULT NULL
) ENGINE=InnoDB DEFAULT CHARSET=utf8mb4 COLLATE=utf8mb4_general_ci;

--
-- Dumping data untuk tabel `laporanakhirs`
--

INSERT INTO `laporanakhirs` (`id`, `pendaftaranId`, `fileUrl`, `status`, `createdAt`, `updatedAt`, `type_iku`, `ikuUrl`, `finalUrl`) VALUES
(1, 7, 'https://drive.google.com/open?id=1GKWjAGpvDIh_6_sppVFXNFjnUizzM39E&usp=drive_fs', 'SUBMITTED', '2026-01-08 05:09:11', '2026-01-08 05:09:11', NULL, NULL, NULL),
(2, 8, 'https://drive.google.com/open?id=1Pze6pOjwke1wy_uhmVEzy90sMKG6ZMKK&usp=drive_fs', 'SUBMITTED', '2026-01-08 05:10:53', '2026-01-08 05:10:53', NULL, NULL, NULL),
(3, 6, 'https://drive.google.com/open?id=1xSj8D3tiDDiVZotAGsF3jRrCIAUg-c2H&usp=drive_fs', 'SUBMITTED', '2026-01-08 07:36:48', '2026-01-08 07:36:48', NULL, NULL, NULL),
(4, 11, 'https://drive.google.com/open?id=1LjZhlr4iFsKGxGJysgLVgDcOHmb0rbBQ&usp=drive_fs', 'SUBMITTED', '2026-01-09 01:51:51', '2026-01-09 01:51:51', NULL, NULL, NULL),
(5, 14, 'https://drive.google.com/open?id=1ZjstgDy2UPX73TCXMKSlIncbcqGOM2RC&usp=drive_fs', 'SUBMITTED', '2026-01-09 01:53:08', '2026-01-09 01:53:08', NULL, NULL, NULL),
(6, 24, 'https://drive.google.com/open?id=1bAdYpilaZnOU-bDoPPXSbQ5dLE7NHPnb&usp=drive_fs', 'SUBMITTED', '2026-01-09 01:53:37', '2026-01-09 01:53:37', NULL, NULL, NULL),
(7, 19, 'https://drive.google.com/open?id=1Gn3RrQDtS2qBLEIy2AMmCmeYPcwLaRAJ&usp=drive_fs', 'SUBMITTED', '2026-01-09 01:54:25', '2026-01-09 01:54:25', NULL, NULL, NULL),
(8, 20, 'https://drive.google.com/open?id=19lhkzoUa9cDiJAAwfkdpHvuGJ4b-xO6w&usp=drive_fs', 'SUBMITTED', '2026-01-09 01:54:42', '2026-01-09 01:54:42', NULL, NULL, NULL),
(9, 21, 'https://drive.google.com/open?id=13dBQzRNfnL9G68QT012yrnsRoYlopM9s&usp=drive_fs', 'SUBMITTED', '2026-01-09 01:55:01', '2026-01-09 01:55:01', NULL, NULL, NULL),
(10, 26, 'https://drive.google.com/open?id=1qggeOENnmYFwDNonTcGI-3ZzkYiO_TtV&usp=drive_fs', 'SUBMITTED', '2026-01-09 01:55:33', '2026-01-09 01:55:33', NULL, NULL, NULL),
(11, 13, 'https://drive.google.com/open?id=1Cks9VcrBEabADvmRrMK60XEMQVoRBd3n&usp=drive_fs', 'SUBMITTED', '2026-01-09 03:55:35', '2026-01-09 03:55:35', NULL, NULL, NULL),
(12, 25, 'https://drive.google.com/open?id=1Nwymhb4tUVozSiQMaSZVxDjOjlEkX1Xi&usp=drive_fs', 'SUBMITTED', '2026-01-09 04:01:54', '2026-01-09 04:01:54', NULL, NULL, NULL),
(13, 60, 'https://drive.google.com/file/d/139XKFpF6pnN9_B05HCNevwBNhe1QPwA8/view?usp=sharing', 'SUBMITTED', '2026-01-09 08:13:17', '2026-01-12 08:37:52', NULL, 'https://drive.google.com/file/d/1hrpAhkVttoQUQ408ZNUZUTVVEqPXFKrT/view?usp=sharing', NULL),
(14, 62, 'https://drive.google.com/file/d/1oqHl4H1rIM5vpqHn4LXbCo61oZT8vKAC/view?usp=sharing', 'SUBMITTED', '2026-01-09 08:14:34', '2026-01-12 08:40:19', NULL, 'https://drive.google.com/file/d/1vnBwwblSeUdMAyqPUxRmMKbFMy8yDwXH/view?usp=sharing', NULL),
(15, 61, 'https://drive.google.com/file/d/1yZ8et-HCyB7k-d5G5fGaq8srtZ7rUucg/view?usp=sharing', 'SUBMITTED', '2026-01-09 08:15:23', '2026-01-09 08:15:23', NULL, NULL, NULL),
(16, 51, 'https://drive.google.com/open?id=10NZe1O0wQJddlqyndTrpOpww6xy_Ib7v&usp=drive_fs', 'SUBMITTED', '2026-01-09 08:19:30', '2026-01-12 08:35:47', NULL, 'https://drive.google.com/file/d/1UX8sbegxjI6FNouVWRh3RXWMR4MziJk0/view?usp=sharing', NULL),
(17, 27, 'https://h7.cl/1ms7E', 'SUBMITTED', '2026-01-09 08:20:33', '2026-01-12 08:22:33', NULL, 'https://drive.google.com/file/d/12yr6L21JDlI5Ty-F7B4WDDM3uuxhMmY2/view?usp=sharing', NULL),
(18, 28, 'https://drive.google.com/file/d/1Im_gfjhOevKuUxV-k9CbKGooxZwB4ORN/view?usp=sharing', 'SUBMITTED', '2026-01-09 08:21:37', '2026-01-12 08:36:08', NULL, 'https://drive.google.com/file/d/1cusEoVFQyEBbQcXepDEtcozBLSRaLn13/view?usp=sharing', NULL),
(19, 49, 'https://drive.google.com/file/d/14rAp5tyhzstl8uMQXPj3kcgaT6GIDGsm/view?usp=sharing', 'SUBMITTED', '2026-01-09 08:27:31', '2026-01-12 08:26:12', NULL, 'https://drive.google.com/file/d/1YI8_c7o8Fh8GmVEE-7C2ivHsV7EVjFEG/view?usp=drive_link', NULL),
(20, 48, 'https://drive.google.com/open?id=1dWZJAWUMgR59Q0MT0nlAsaeeeAGO094T&usp=drive_fs', 'SUBMITTED', '2026-01-09 08:32:16', '2026-01-09 08:32:16', NULL, NULL, NULL),
(21, 37, 'https://drive.google.com/file/d/1S0hcTeJHdE3IDzNLnD2MzJVrBs6ACw_T/view', 'SUBMITTED', '2026-01-09 08:33:35', '2026-01-12 08:31:03', NULL, 'https://drive.google.com/file/d/1mWLSxOukqCYouu4lPK4SlIgRkCV-e_e7/view?usp=sharing', NULL),
(22, 39, 'https://drive.google.com/file/d/1ZlYXwL4b2M13zBHFxPXP6pxtjEP75k5T/view', 'SUBMITTED', '2026-01-09 08:37:26', '2026-01-12 08:31:43', NULL, 'https://drive.google.com/file/d/1rON04Ilui--uZ9ZyHUTAoUddECkwq6NM/view?usp=sharing', NULL),
(23, 46, 'https://drive.google.com/file/d/1F376nmXH3QnHWB-1-w-pNmZHXILYrEK7/view?usp=sharing', 'SUBMITTED', '2026-01-09 08:37:54', '2026-01-12 08:27:20', NULL, 'https://drive.google.com/file/d/1CeiPvL22F0rnptKi2wI3Y7zuNgv7zHlg/view?usp=sharing', NULL),
(24, 44, 'https://drive.google.com/file/d/1x5Gt9Xg-NRCye4cE5H0MYPidxO6Hme8D/view?usp=sharing', 'SUBMITTED', '2026-01-09 08:38:31', '2026-01-12 08:26:56', NULL, 'https://drive.google.com/file/d/1ihEys4ERs8SbwBCko-c6x1ZlatEnX3UB/view?usp=sharing', NULL),
(25, 47, 'https://drive.google.com/file/d/17ou5BiVjd8bzihVhf-9p_BpOqDiCCgpK/view?usp=sharing', 'SUBMITTED', '2026-01-09 08:39:05', '2026-01-12 08:36:24', NULL, 'https://drive.google.com/file/d/1uCq2V5LB40scKS-nuGtZ3h_1fp1KUleu/view?usp=sharing', NULL),
(26, 45, 'https://drive.google.com/file/d/1c1vbGQX92JGde1ev4X1CkSdkiHXUVP2E/view?usp=sharing', 'SUBMITTED', '2026-01-09 08:39:42', '2026-01-12 08:34:55', NULL, 'https://drive.google.com/file/d/1oIzG4LeQQh6pOKNu4vFEIV_sC2whb5ef/view?usp=sharing', NULL),
(27, 33, 'https://drive.google.com/drive/folders/1HOaxgvUFLQBG3iVcJEj6teuVizLkpyrh?usp=drive_link', 'SUBMITTED', '2026-01-09 08:40:16', '2026-01-12 08:17:59', NULL, 'https://drive.google.com/file/d/1yeo8kHMoVTJqdrkqfwhyVJR1jB2Mcd52/view?usp=sharing', NULL),
(28, 34, 'https://drive.google.com/file/d/1iig6sVqQMOIjU5PuB2xlcTgI0id-gpCw/view?usp=sharing', 'SUBMITTED', '2026-01-09 08:41:54', '2026-01-09 08:41:54', NULL, NULL, NULL),
(31, 64, 'https://drive.google.com/drive/folders/1866oX6uGsgcEhbOpaGYsns94G48YQnp5?usp=sharing', 'SUBMITTED', '2026-01-09 08:50:02', '2026-01-12 08:34:12', NULL, 'https://drive.google.com/file/d/1V4_Ly7dLdNzDCxaVU1kMrd7qVkLeriq6/view?usp=sharing', NULL),
(32, 63, 'https://drive.google.com/drive/folders/1866oX6uGsgcEhbOpaGYsns94G48YQnp5?usp=sharing', 'SUBMITTED', '2026-01-09 08:52:09', '2026-01-12 08:38:48', NULL, 'https://drive.google.com/file/d/1U9lQ3VRqOshLL4u8OXavzmkBGTQ2SXAe/view?usp=sharing', NULL),
(33, 66, 'https://drive.google.com/file/d/1Aqrm5pOfT5JbuRpz9IRP_O3KuskLqoe4/view?usp=sharing', 'SUBMITTED', '2026-01-09 08:53:06', '2026-01-12 08:40:04', NULL, 'https://drive.google.com/file/d/1vcdZz8_z_pknHNM7n1-JYwurvDNEo7x6/view?usp=sharing', NULL),
(34, 74, 'https://drive.google.com/file/d/1kV6sk06B-zbGf13MmSt6stV6xRQo-4eH/view?usp=sharing', 'SUBMITTED', '2026-01-09 08:53:51', '2026-01-12 08:42:24', NULL, 'https://drive.google.com/file/d/1jLHWutLQtlFH_Ggx9paoepg4749lsoSg/view?usp=sharing', NULL),
(35, 79, 'https://2cm.es/1ms8j', 'SUBMITTED', '2026-01-09 08:54:40', '2026-01-12 08:38:15', NULL, 'https://drive.google.com/file/d/1w9u_z33gEhYDZTYSQnt72sjXewCxf-lm/view?usp=sharing', NULL),
(36, 36, 'https://drive.google.com/file/d/1tia04STLryYTRoAXmE1NZZwF6ET6FILs/view?usp=drive_link', 'SUBMITTED', '2026-01-09 08:55:30', '2026-01-09 08:55:30', NULL, NULL, NULL),
(37, 72, 'https://drive.google.com/file/d/1lzDV5vwXlwRKdWEvGfviYNEZeytUlhQ_/view?usp=drivesdk', 'SUBMITTED', '2026-01-09 08:56:23', '2026-01-12 08:30:39', NULL, 'https://drive.google.com/file/d/1n3SkfJXp25Vo3Swi2rIc-Re7LfWIyzHj/view?usp=sharing', NULL),
(38, 35, 'https://drive.google.com/drive/folders/1IziahLpLlzXfZDDKe5fbVc7eF2HDSqsz?usp=sharing', 'SUBMITTED', '2026-01-09 08:57:05', '2026-01-12 08:24:14', NULL, 'https://drive.google.com/file/d/1bNrywflxBw4YU9uRLyJ8Xgxrg8u45Kzq/view?usp=sharing', NULL),
(39, 70, 'https://drive.google.com/drive/folders/1nxbZ2N_xHLXQ_MtkXFOvEdM4qHlRRzYv?usp=sharing', 'SUBMITTED', '2026-01-09 08:57:55', '2026-01-09 08:57:55', NULL, NULL, NULL),
(40, 68, 'https://drive.google.com/file/d/1jszNYbedMMa9u49GDqyvSZBKoIeV4P0Z/view?usp=sharing', 'SUBMITTED', '2026-01-09 08:58:40', '2026-01-12 08:40:38', NULL, 'https://drive.google.com/file/d/1NWZBr8YqQkvoi8h46Y8E-hnex4xPVFwZ/view?usp=sharing', NULL),
(41, 22, 'https://drive.google.com/file/d/1NTxei9XyHjSV_np5M1txKf0of3sxPW0j/view?usp=drive_link', 'SUBMITTED', '2026-01-09 09:34:04', '2026-01-09 09:34:04', NULL, NULL, NULL),
(42, 32, 'https://drive.google.com/drive/folders/1NGXa8vZDtzjZpYAzwz5gC-8wq2Bsn8Th?usp=sharing', 'SUBMITTED', '2026-01-10 01:37:27', '2026-01-12 08:42:06', NULL, 'https://drive.google.com/file/d/1FkgO21nfk9hIL9XCN46C2Op1vs37hqJF/view?usp=sharing', NULL),
(43, 52, 'https://drive.google.com/file/d/120kaSS8YxBNjJk16es8l_HtmOA0Dbc4P/view?usp=sharing', 'SUBMITTED', '2026-01-10 01:38:28', '2026-01-10 01:38:28', NULL, NULL, NULL),
(44, 54, 'https://drive.google.com/file/d/15kN5LNbA7z0Ue-OntbycyDd-A6VC7iRJ/view?usp=sharing', 'SUBMITTED', '2026-01-10 01:39:45', '2026-01-12 08:35:29', NULL, 'https://drive.google.com/file/d/1fkbVK8fichZlITX2of0IPUizfYzgGMPI/view?usp=sharing', NULL),
(45, 71, 'https://drive.google.com/file/d/1Ewv-u6cTQ4hSMosAkdF1SAXSSdhLbKGv/view?usp=drive_link', 'SUBMITTED', '2026-01-10 01:40:46', '2026-01-12 08:25:30', NULL, 'https://drive.google.com/file/d/10Ve54NhgShMv1Jwxa5Up_sFm77iMkMQw/view?usp=sharing', NULL),
(46, 77, 'https://kandamubarrag365-my.sharepoint.com/:b:/g/personal/djuniharto_stikombanyuwangi_ac_id/IQAZuHzYDDiCRqDAoO8Jrq3gAWP7YBlVA4nX6vGpVdRPx6c?e=rR0aUF', 'SUBMITTED', '2026-01-10 01:42:10', '2026-01-12 08:39:23', NULL, 'https://drive.google.com/file/d/1zvQlVSffpgOpDipHb_YWgKhdVTjPaz48/view?usp=sharing', NULL),
(47, 40, 'https://drive.google.com/file/d/1ecRK8NX2Cht2eOO_5Y1BcPrZuQPdVWi-/view?usp=drivesdk', 'SUBMITTED', '2026-01-10 01:43:08', '2026-01-12 08:35:13', NULL, 'https://drive.google.com/file/d/1JJr832TkKbhIxE73gqNBCXIjhwAe6i_Q/view?usp=sharing', NULL),
(48, 40, '', 'SUBMITTED', '2026-01-10 01:44:26', '2026-01-10 01:44:26', NULL, NULL, NULL),
(49, 43, 'https://drive.google.com/open?id=1AOTgsGCfFm3S6Hfp9xYkG1BebEyKVZo5&usp=drive_fs', 'SUBMITTED', '2026-01-10 01:45:19', '2026-01-12 08:39:45', NULL, 'https://drive.google.com/file/d/1W0dB1j2iZ4SR1RhL1C4bYKxtP2O5q0sd/view?usp=sharing', NULL),
(50, 41, 'https://drive.google.com/open?id=1u8Am9f2A_OxBIysQpSsDontIwOIHNfEx&usp=drive_fs', 'SUBMITTED', '2026-01-10 01:46:20', '2026-01-12 08:25:11', NULL, 'https://drive.google.com/file/d/1YnQI8D9TQSDk45Ivi_LzmpugnEoHM4hu/view?usp=sharing', NULL),
(51, 42, 'https://drive.google.com/open?id=15u7bpFFGNb2bnAizmzeVufb9bomrR8tY&usp=drive_fs', 'SUBMITTED', '2026-01-10 01:47:16', '2026-01-12 08:34:35', NULL, 'https://drive.google.com/file/d/1ITN3UmtOYr-8Yg5y0mMDS1ge0qXLnVMa/view?usp=sharing', NULL),
(52, 76, 'https://drive.google.com/open?id=1PHh7-_7CVYGAfqtvUX1ECIPw3TraVWv8&usp=drive_fs', 'SUBMITTED', '2026-01-10 01:48:05', '2026-01-12 08:20:13', NULL, 'https://drive.google.com/file/d/1fryuSgCF9iOfYcClHHOBydHW-P5F2ufJ/view?usp=sharing', NULL),
(53, 28, 'https://drive.google.com/file/d/1Im_gfjhOevKuUxV-k9CbKGooxZwB4ORN/view?usp=sharing', 'SUBMITTED', '2026-01-10 01:49:20', '2026-01-10 01:49:20', NULL, NULL, NULL),
(54, 28, 'https://drive.google.com/file/d/1Im_gfjhOevKuUxV-k9CbKGooxZwB4ORN/view?usp=sharing', 'SUBMITTED', '2026-01-10 01:49:52', '2026-01-10 01:49:52', NULL, NULL, NULL),
(55, 28, '', 'SUBMITTED', '2026-01-10 01:51:18', '2026-01-10 01:51:18', NULL, NULL, NULL),
(56, 28, 'https://drive.google.com/file/d/1Im_gfjhOevKuUxV-k9CbKGooxZwB4ORN/view?usp=sharing', 'SUBMITTED', '2026-01-10 01:52:26', '2026-01-10 01:52:26', NULL, NULL, NULL),
(57, 29, 'https://drive.google.com/file/d/1Cj3guwe4Cs12nQ8igiOtEXmiF9M6IhuR/view?usp=sharing', 'SUBMITTED', '2026-01-10 01:53:19', '2026-01-12 08:41:46', NULL, 'https://drive.google.com/file/d/1IdJRzbBgVqIP8SZ0FYbfmQMBRmx4RW9N/view?usp=sharing', NULL),
(58, 40, 'https://drive.google.com/file/d/1ecRK8NX2Cht2eOO_5Y1BcPrZuQPdVWi-/view?usp=drivesdk', 'SUBMITTED', '2026-01-10 01:55:25', '2026-01-10 01:55:25', NULL, NULL, NULL),
(59, 31, 'https://drive.google.com/file/d/1B35AY0SwQtcwO2WSv1hq9LSfMSLfyDgF/view?usp=sharing', 'SUBMITTED', '2026-01-10 01:56:57', '2026-01-12 08:41:26', NULL, 'https://drive.google.com/file/d/1dTeB6hO40YfLHfVdJHDtpYdycL1BYx6P/view?usp=sharing', NULL),
(60, 59, 'https://drive.google.com/file/d/1jV0ZIJbaO7Lj_Ajr2-5wTK-YxtusNM0T/view?usp=sharing', 'SUBMITTED', '2026-01-10 01:57:58', '2026-01-12 08:39:05', NULL, 'https://drive.google.com/file/d/1zzFiUFu_eJb-Sh6neq4IGLOsVoOGKlV5/view?usp=sharing', NULL),
(61, 16, 'https://drive.google.com/open?id=1j6x8rmTbiZm4R0ImIpaWrTzUacBc0rUm&usp=drive_fs', 'SUBMITTED', '2026-01-11 05:11:03', '2026-01-11 05:11:03', NULL, NULL, NULL),
(62, 23, 'https://drive.google.com/open?id=1j3Ym65jv-k0enN1o3plGDESlIRHmEePB&usp=drive_fs', 'SUBMITTED', '2026-01-11 05:11:42', '2026-01-11 05:11:42', NULL, NULL, NULL),
(63, 15, 'https://drive.google.com/open?id=18pc9Fvog82Vw_7MXnHZZALArcqQymQkw&usp=drive_fs', 'SUBMITTED', '2026-01-11 05:14:06', '2026-01-11 05:14:06', NULL, NULL, NULL),
(64, 40, 'https://drive.google.com/file/d/1ecRK8NX2Cht2eOO_5Y1BcPrZuQPdVWi-/view?usp=drivesdk', 'SUBMITTED', '2026-01-12 01:18:01', '2026-01-12 01:18:01', NULL, NULL, NULL),
(65, 40, 'https://drive.google.com/file/d/1ecRK8NX2Cht2eOO_5Y1BcPrZuQPdVWi-/view?usp=drivesdk', 'SUBMITTED', '2026-01-12 01:18:01', '2026-01-12 01:18:01', NULL, NULL, NULL),
(66, 40, 'https://drive.google.com/file/d/1ecRK8NX2Cht2eOO_5Y1BcPrZuQPdVWi-/view?usp=drivesdk', 'SUBMITTED', '2026-01-12 01:20:47', '2026-01-12 01:20:47', NULL, NULL, NULL),
(67, 40, 'gttps://drive.google.com/open?id=1ecRK8NX2Cht2eOO_5Y1BcPrZuQPdVWi-&usp=drive_fsad', 'SUBMITTED', '2026-01-12 01:25:57', '2026-01-12 01:25:57', NULL, NULL, NULL),
(68, 40, 'https://drive.google.com/file/d/1ecRK8NX2Cht2eOO_5Y1BcPrZuQPdVWi-/view?usp=drivesdk', 'SUBMITTED', '2026-01-12 01:29:10', '2026-01-12 01:29:10', NULL, NULL, NULL),
(69, 40, 'https://drive.google.com/file/d/1ecRK8NX2Cht2eOO_5Y1BcPrZuQPdVWi-/view?usp=drivesdk', 'SUBMITTED', '2026-01-12 01:30:31', '2026-01-12 01:30:31', NULL, NULL, NULL),
(70, 56, 'https://drive.google.com/file/d/1_yzfY83_W4Vgi4Tn1Op64L1kHMzm1DAh/view?usp=sharing', 'SUBMITTED', '2026-01-12 01:43:01', '2026-01-12 08:24:42', NULL, 'https://drive.google.com/file/d/1YZcLqL0DoMiQFzMVnkJKHfxuiU6aWoMY/view?usp=sharing', NULL),
(71, 30, 'https://drive.google.com/file/d/1LFfw1m0L69W5oNvGB86x97iqPNmsaQ7l/view?usp=sharing', 'SUBMITTED', '2026-01-12 01:46:07', '2026-01-12 08:56:46', NULL, 'https://drive.google.com/file/d/1mTRkv03j5hBLB5RlPmX4WoeYiAvMJMBq/view?usp=sharing', NULL),
(72, 57, 'https://drive.google.com/file/d/1y__4Mu3AAg1DbjILhzQKvF_G9KbvDfj2/view?usp=sharing', 'SUBMITTED', '2026-01-12 02:37:05', '2026-01-12 08:38:32', NULL, 'https://drive.google.com/file/d/1Bn0NkryyKDc8yFrpB0kSMLb6BP0uYcCG/view?usp=sharing', NULL),
(73, 38, 'https://drive.google.com/file/d/1iM5755PukwnNAQ6lyJRbmCmcfaV8ZaQo/view?usp=sharing', 'SUBMITTED', '2026-01-12 03:43:20', '2026-01-12 08:31:25', NULL, 'https://drive.google.com/file/d/1iWoRw5dOJ3_aKhhORqDnyWk5rraIGr19/view?usp=sharing', NULL),
(74, 69, 'https://drive.google.com/drive/folders/1zBv4mt4GtTMi2yrtyed7ei5xTN2khVfG?usp=drive_link', 'SUBMITTED', '2026-01-12 04:24:56', '2026-01-12 08:41:07', NULL, 'https://drive.google.com/file/d/1g-TAPP-6q2W4O7apQybur7dHvPB_R7eq/view?usp=sharing', NULL),
(75, 55, 'https://drive.google.com/file/d/1C6drdCrxa44eDCohAa1Puy1H2KpHAFOD/view?usp=sharing', 'SUBMITTED', '2026-01-12 06:45:39', '2026-01-12 06:45:39', '', '', NULL),
(76, 58, 'https://drive.google.com/open?id=1QsIrnUhRcbvLnFUppgsWOoZzTHkxkmrK&usp=drive_fs', 'SUBMITTED', '2026-01-12 08:19:15', '2026-01-12 08:19:15', '', 'https://drive.google.com/file/d/1xssdsgXhATU3POH_vU81q1-wZYvzbImy/view?usp=sharing', NULL),
(77, 50, '', 'SUBMITTED', '2026-01-12 08:21:38', '2026-01-12 08:21:38', '', 'https://drive.google.com/file/d/1bZPIv2LaCmM4_Vj0LfPuObKzqgL7gYJv/view?usp=sharing', NULL),
(78, 65, '', 'SUBMITTED', '2026-01-12 08:25:52', '2026-01-12 08:25:52', '', 'https://drive.google.com/file/d/1oac30GgRPVQRZmnQyIxL4tPar1rlu8_6/view?usp=sharing', NULL),
(79, 75, '', 'SUBMITTED', '2026-01-12 08:30:10', '2026-01-12 08:30:10', '', 'https://drive.google.com/file/d/1Z_XfWjDeoF5ssimnW3uqoX_OmZ69ygpU/view?usp=sharing', NULL),
(80, 53, 'https://drive.google.com/file/d/11HCrBAqtUdEJnpXyG58XkrDVtB2IEYj6/view?usp=sharing', 'SUBMITTED', '2026-01-13 04:08:20', '2026-01-13 04:08:20', '', '', NULL);

-- --------------------------------------------------------

--
-- Struktur dari tabel `laporanharians`
--

CREATE TABLE `laporanharians` (
  `id` int(11) NOT NULL,
  `pendaftaranId` int(11) NOT NULL,
  `tanggal` date NOT NULL,
  `kegiatan` text NOT NULL,
  `status` enum('DRAFT','SUBMITTED','APPROVED','REJECTED') DEFAULT 'DRAFT',
  `feedback` text DEFAULT NULL,
  `ttdUrl` varchar(255) DEFAULT NULL,
  `createdAt` datetime NOT NULL,
  `updatedAt` datetime NOT NULL
) ENGINE=InnoDB DEFAULT CHARSET=utf8mb4 COLLATE=utf8mb4_general_ci;

--
-- Dumping data untuk tabel `laporanharians`
--

INSERT INTO `laporanharians` (`id`, `pendaftaranId`, `tanggal`, `kegiatan`, `status`, `feedback`, `ttdUrl`, `createdAt`, `updatedAt`) VALUES
(3, 7, '2026-01-07', 'Membantu perencanaan', 'APPROVED', 'Oke sip', NULL, '2026-01-07 08:17:38', '2026-01-07 08:18:06');

-- --------------------------------------------------------

--
-- Struktur dari tabel `laporanmingguans`
--

CREATE TABLE `laporanmingguans` (
  `id` int(11) NOT NULL,
  `pendaftaranId` int(11) NOT NULL,
  `mingguKe` int(11) NOT NULL,
  `fileUrl` varchar(255) NOT NULL,
  `signedFileUrl` varchar(255) DEFAULT NULL,
  `status` enum('PENDING','APPROVED','REJECTED') DEFAULT 'PENDING',
  `createdAt` datetime NOT NULL,
  `updatedAt` datetime NOT NULL
) ENGINE=InnoDB DEFAULT CHARSET=utf8mb4 COLLATE=utf8mb4_general_ci;

-- --------------------------------------------------------

--
-- Struktur dari tabel `laporantengahs`
--

CREATE TABLE `laporantengahs` (
  `id` int(11) NOT NULL,
  `pendaftaranId` int(11) NOT NULL,
  `fileUrl` varchar(255) NOT NULL,
  `status` enum('SUBMITTED','APPROVED','REJECTED') DEFAULT 'SUBMITTED',
  `createdAt` datetime NOT NULL,
  `updatedAt` datetime NOT NULL
) ENGINE=InnoDB DEFAULT CHARSET=utf8mb4 COLLATE=utf8mb4_general_ci;

--
-- Dumping data untuk tabel `laporantengahs`
--

INSERT INTO `laporantengahs` (`id`, `pendaftaranId`, `fileUrl`, `status`, `createdAt`, `updatedAt`) VALUES
(2, 7, 'https://drive.google.com/open?id=1GKWjAGpvDIh_6_sppVFXNFjnUizzM39E&usp=drive_fs', 'SUBMITTED', '2026-01-08 05:46:10', '2026-01-08 05:46:10');

-- --------------------------------------------------------

--
-- Struktur dari tabel `mahasiswas`
--

CREATE TABLE `mahasiswas` (
  `id` int(11) NOT NULL,
  `userId` int(11) NOT NULL,
  `nim` varchar(255) NOT NULL,
  `nama` varchar(255) NOT NULL,
  `kelas` varchar(255) DEFAULT NULL,
  `angkatan` varchar(255) DEFAULT NULL,
  `createdAt` datetime NOT NULL,
  `updatedAt` datetime NOT NULL,
  `prodiId` int(11) DEFAULT NULL
) ENGINE=InnoDB DEFAULT CHARSET=utf8mb4 COLLATE=utf8mb4_general_ci;

--
-- Dumping data untuk tabel `mahasiswas`
--

INSERT INTO `mahasiswas` (`id`, `userId`, `nim`, `nama`, `kelas`, `angkatan`, `createdAt`, `updatedAt`, `prodiId`) VALUES
(10, 58, '3123101266', 'VITA ULVITA SARI', 'DP5', '2023', '2026-01-07 05:46:09', '2026-01-08 08:04:49', 1),
(11, 59, '3123101278', 'SUKMA NASHOHAH', 'DP7', '2023', '2026-01-07 05:46:34', '2026-01-07 05:46:34', NULL),
(12, 60, '3123101258', 'JELITA EKA PUTRI ALIDA', 'DP5', '2023', '2026-01-07 05:47:13', '2026-01-07 05:47:13', NULL),
(13, 61, '3123101283', 'SILVI EKA DEWI UNTARI', 'DP5', '2023', '2026-01-07 05:47:36', '2026-01-07 05:47:36', NULL),
(14, 62, '3123101275', 'MOCH. NURUL BURHAN', 'DP5', '2023', '2026-01-07 05:48:30', '2026-01-07 05:48:30', NULL),
(15, 63, '3123101276', 'WAHYU KUSUMA', 'DP5', '2023', '2026-01-07 05:48:55', '2026-01-07 05:48:55', NULL),
(16, 64, '3123101256', 'PUTRI ELOK NAZWAH AZZURRA', 'DP5', '2023', '2026-01-07 05:49:22', '2026-01-07 05:49:22', NULL),
(17, 65, '3123101279', 'DHAMAR AGENG DANENDRA', 'DP5', '2023', '2026-01-07 05:49:53', '2026-01-07 05:49:53', NULL),
(18, 66, '3123101259', 'RISKANALIA', 'DP5', '2023', '2026-01-07 05:50:32', '2026-01-07 05:50:32', NULL),
(19, 67, '3123101260', 'RIFDA FAUZIYAH', 'DP5', '2023', '2026-01-07 05:50:54', '2026-01-07 05:50:54', NULL),
(20, 68, '3123101257', 'RIFQY RIDHO RIALDY', 'DP5', '2023', '2026-01-07 05:51:42', '2026-01-07 05:51:42', NULL),
(21, 69, '3123101269', 'SABILLA FITRIYA PUTRI', 'DP5', '2023', '2026-01-07 05:52:25', '2026-01-07 05:52:25', NULL),
(22, 70, '3123101270', 'ALESSANDRO HIZKIA GERRARD PRAMONO', 'DP5', '2023', '2026-01-07 05:52:51', '2026-01-07 05:52:51', NULL),
(23, 71, '3123101281', 'ALYA MAULIDANA', 'DP5', '2023', '2026-01-07 05:53:17', '2026-01-07 05:53:17', NULL),
(24, 72, '3123101263', 'RAMA YUDISTIRA PUTRA', 'DP5', '2023', '2026-01-07 05:53:46', '2026-01-07 05:53:46', NULL),
(25, 73, '3123101267', 'TEGUH PAMBUDI', 'DP5', '2023', '2026-01-07 05:54:10', '2026-01-07 05:54:10', NULL),
(26, 74, '3123101277', 'RISKY SURYANINGSIH', 'DP5', '2023', '2026-01-07 05:54:35', '2026-01-07 05:54:35', NULL),
(27, 75, '3123101264', 'RAMZY ABDAT', 'DP5', '2023', '2026-01-07 05:55:06', '2026-01-07 05:55:06', NULL),
(28, 76, '3123101262', 'ARVINA PUTRI SAKHILA', 'DP5', '2023', '2026-01-07 05:55:30', '2026-01-07 05:55:30', NULL),
(29, 77, '3123101261', 'ACHMAD VITO PRAYOGA', 'DP5', '202', '2026-01-07 05:55:51', '2026-01-07 05:55:51', NULL),
(30, 78, '3123101265', 'NAZUA ZUHRIA', 'DP5', '2023', '2026-01-07 05:56:19', '2026-01-07 05:56:19', NULL),
(31, 79, '3123101282', 'ALFITO ADITYA TRISHARDI', 'DP5', '2023', '2026-01-07 05:56:44', '2026-01-07 05:56:44', NULL),
(32, 81, '1122102035', 'Syahrul Fadilah', 'SP7', '2022', '2026-01-08 08:00:17', '2026-01-08 08:00:17', 2),
(33, 82, '1125000597', 'Dwi AYuni Urfiyatul Mukarromah', 'SP7', '2022', '2026-01-08 08:00:19', '2026-01-08 08:00:19', 2),
(34, 83, '1122102033', 'Yoga Dwitara', 'SP7', '2022', '2026-01-08 08:00:19', '2026-01-08 08:00:19', 2),
(35, 84, '1122102079', 'Samsul Muhyidin', 'SP7', '2022', '2026-01-08 08:00:20', '2026-01-08 08:00:20', 2),
(36, 85, '1122102085', 'Ahmad Danda Hidayat', 'SP7', '2022', '2026-01-08 08:00:21', '2026-01-08 08:00:21', 2),
(37, 86, '1125000579', 'Riska Dwi Lestari', 'SP7', '2022', '2026-01-08 08:00:22', '2026-01-08 08:00:22', 2),
(38, 87, '1122102050', 'Ardian Khansa Xavier', 'SP7', '2022', '2026-01-08 08:00:23', '2026-01-08 08:00:23', 2),
(39, 88, '1125000578', 'Danis Apriyono', 'SP7', '2022', '2026-01-08 08:00:24', '2026-01-08 08:00:24', 2),
(40, 89, '1124000556', 'Wisnu Tri Saputra', 'SP7', '2022', '2026-01-08 08:00:25', '2026-01-08 08:00:25', 2),
(41, 90, '1125000600', 'Salman Alfarisi', 'SP7', '2022', '2026-01-08 08:00:25', '2026-01-08 08:00:25', 2),
(42, 91, '1125000593', 'Cahya Abi Karuniawan', 'SP7', '2022', '2026-01-08 08:00:26', '2026-01-08 08:00:26', 2),
(43, 92, '1120101889', 'Raden Dewa Riski Ramadhani', 'SP7', '2022', '2026-01-08 08:00:27', '2026-01-08 08:00:27', 2),
(44, 93, '1125000601', 'Layinatul Ummah', 'SP7', '2022', '2026-01-08 08:00:28', '2026-01-08 08:00:28', 2),
(45, 94, '1121102013', 'Sindi Nofita Wulandari', 'SP7', '2022', '2026-01-08 08:00:29', '2026-01-08 08:00:29', 2),
(46, 95, '1122102049', 'Jibran Al Bukhori', 'SP7', '2022', '2026-01-08 08:00:30', '2026-01-08 08:00:30', 2),
(47, 96, '1122102072', 'Nabila Aisa Pratiwi', 'SP7', '2022', '2026-01-08 08:00:30', '2026-01-08 08:00:30', 2),
(48, 97, '1122102051', 'Choirul Umam', 'SP7', '2022', '2026-01-08 08:00:31', '2026-01-08 08:00:31', 2),
(49, 98, '1122102081', 'Peny Kusumawati', 'SP7', '2022', '2026-01-08 08:00:32', '2026-01-08 08:00:32', 2),
(50, 99, '1122102036', 'Theo Fillus Julianta Guritno', 'SP7', '2022', '2026-01-08 08:00:32', '2026-01-08 08:00:32', 2),
(51, 100, '1122102086', 'Fildzanu Ridwan', 'SP7', '2022', '2026-01-08 08:00:34', '2026-01-08 08:00:34', 2),
(52, 101, '1122102059', 'Yasmin Azzahra', 'SP7', '2022', '2026-01-08 08:00:35', '2026-01-08 08:00:35', 2),
(53, 102, '1122102060', 'Moh. Haris Sofyan', 'SP7', '2022', '2026-01-08 08:00:35', '2026-01-08 08:00:35', 2),
(54, 103, '1122102061', 'Syanofrizk Prasasti Herlambang', 'SP7', '2022', '2026-01-08 08:00:36', '2026-01-08 08:00:36', 2),
(55, 104, '1122102089', 'Cici Diah Utari', 'SP7', '2022', '2026-01-08 08:00:37', '2026-01-08 08:00:37', 2),
(56, 105, '1122102063', 'Imam Bahrul Gausi', 'SP7', '2022', '2026-01-08 08:00:37', '2026-01-08 08:00:37', 2),
(57, 106, '1122102042', 'Noval Rizkiawan', 'SP7', '2022', '2026-01-08 08:00:38', '2026-01-08 08:00:38', 2),
(58, 107, '1122102073', 'Qomarudin', 'SP7', '2022', '2026-01-08 08:00:39', '2026-01-08 08:00:39', 2),
(59, 108, '1122102038', 'Makhruf Tri Ananda', 'SP7', '2022', '2026-01-08 08:00:40', '2026-01-08 08:00:40', 2),
(60, 109, '1122102071', 'Muhamad Zulfikar Pagar Alam', 'SP7', '2022', '2026-01-08 08:00:41', '2026-01-08 08:00:41', 2),
(61, 110, '1122102031', 'Ahmad Zainul Arifin Hidayatullah', 'SP7', '2022', '2026-01-08 08:00:41', '2026-01-08 08:00:41', 2),
(62, 111, '1124000557', 'Maulana Akromiaji', 'SP7', '2022', '2026-01-08 08:00:42', '2026-01-08 08:00:42', 2),
(63, 112, '1125000585', 'Eca Aidina', 'SP7', '2022', '2026-01-08 08:00:43', '2026-01-08 08:00:43', 2),
(64, 113, '1124000561', 'Muhammad Asyroful Umam', 'SP7', '2022', '2026-01-08 08:00:44', '2026-01-08 08:00:44', 2),
(65, 114, '1122102053', 'Mubarok Syakib', 'SP7', '2022', '2026-01-08 08:00:44', '2026-01-08 08:00:44', 2),
(66, 115, '1122102076', 'Hery Mikhael Silalahi Sidabariba', 'SP7', '2022', '2026-01-08 08:00:46', '2026-01-08 08:00:46', 2),
(67, 116, '1122102041', 'Gafa Firli Kurniawan', 'SP7', '2022', '2026-01-08 08:00:46', '2026-01-08 08:00:46', 2),
(68, 117, '1125000574', 'Hendriyanto', 'SP7', '2022', '2026-01-08 08:00:47', '2026-01-08 08:00:47', 2),
(69, 118, '1125000576', 'Muhammad Ghofur', 'SP7', '2022', '2026-01-08 08:00:48', '2026-01-08 08:00:48', 2),
(70, 119, '1122102057', 'Achmad Muzammil', 'SP7', '2022', '2026-01-08 08:00:49', '2026-01-08 08:00:49', 2),
(71, 120, '1122102040', 'Fahmi Iza Arizki', 'SP7', '2022', '2026-01-08 08:00:49', '2026-01-08 08:00:49', 2),
(72, 121, '1125000598', 'Amanda Tarizah Anggraini', 'SP7', '2022', '2026-01-08 08:00:50', '2026-01-08 08:00:50', 2),
(73, 122, '1124000570', 'Hafid Dian Nurfaujan Ahat', 'SP7', '2022', '2026-01-08 08:00:51', '2026-01-08 08:00:51', 2),
(74, 123, '1122102044', 'Chika Nabila Orisandi', 'SP7', '2022', '2026-01-08 08:00:52', '2026-01-08 08:00:52', 2),
(75, 124, '1122102032', 'Lucky Candra Permana', 'SP7', '2022', '2026-01-08 08:00:53', '2026-01-08 08:00:53', 2),
(76, 125, '1122102077', 'M. Shaka Zikrullah', 'SP7', '2022', '2026-01-08 08:00:54', '2026-01-08 08:00:54', 2),
(77, 126, '1122102092', 'Alim Sujito', 'SP7', '2022', '2026-01-08 08:00:55', '2026-01-08 08:00:55', 2),
(78, 127, '1122102084', 'Agung Iswahyudi Sudarsono', 'SP7', '2022', '2026-01-08 08:00:55', '2026-01-08 08:00:55', 2),
(79, 128, '1125000599', 'Nur Hidayati', 'SP7', '2022', '2026-01-08 08:00:56', '2026-01-08 08:00:56', 2),
(80, 129, '1125000571', 'Daris Qothrun Nada', 'SP7', '2022', '2026-01-08 08:00:57', '2026-01-08 08:00:57', 2),
(81, 130, '1124000568', 'Yusufi Busliananda', 'SP7', '2022', '2026-01-08 08:00:58', '2026-01-08 08:00:58', 2),
(82, 131, '1125000594', 'Maghazi Elwafa Hidayatullah', 'SP7', '2022', '2026-01-08 08:00:59', '2026-01-08 08:00:59', 2),
(83, 132, '1125000603', 'Micho Adi Putra Wibowo', 'SP7', '2022', '2026-01-08 08:00:59', '2026-01-08 08:00:59', 2),
(84, 133, '1125000604', 'Holis Setiowandono', 'SP7', '2022', '2026-01-08 08:01:00', '2026-01-08 08:01:00', 2);

-- --------------------------------------------------------

--
-- Struktur dari tabel `pendaftarans`
--

CREATE TABLE `pendaftarans` (
  `id` int(11) NOT NULL,
  `mahasiswaId` int(11) NOT NULL,
  `instansiId` int(11) DEFAULT NULL,
  `dosenPembimbingId` int(11) DEFAULT NULL,
  `periodeId` int(11) DEFAULT NULL,
  `tipe` enum('PKL1','PKL2','MBKM') NOT NULL,
  `status` enum('PENDING','APPROVED','REJECTED','ACTIVE','COMPLETED') DEFAULT 'PENDING',
  `judulProject` varchar(255) DEFAULT NULL,
  `createdAt` datetime NOT NULL,
  `updatedAt` datetime NOT NULL
) ENGINE=InnoDB DEFAULT CHARSET=utf8mb4 COLLATE=utf8mb4_general_ci;

--
-- Dumping data untuk tabel `pendaftarans`
--

INSERT INTO `pendaftarans` (`id`, `mahasiswaId`, `instansiId`, `dosenPembimbingId`, `periodeId`, `tipe`, `status`, `judulProject`, `createdAt`, `updatedAt`) VALUES
(5, 10, 1, 11, 9, 'PKL2', 'PENDING', 'Website Sekolah', '2026-01-07 07:17:49', '2026-01-09 03:52:01'),
(6, 11, 2, 11, 9, 'PKL2', 'ACTIVE', 'Aplikasi Bullying', '2026-01-07 07:18:39', '2026-01-07 07:18:39'),
(7, 12, 3, 13, 9, 'PKL2', 'ACTIVE', 'Rancang Bangun Sistem Penjualan Koperasi Sekolah Berbasis Barcode di SMK Nuhuudiyyah Banyuwangi', '2026-01-07 07:19:34', '2026-01-07 07:19:34'),
(8, 13, 4, 13, 9, 'PKL2', 'ACTIVE', 'E-Lab Klinik', '2026-01-07 07:20:22', '2026-01-07 07:20:22'),
(9, 14, 5, 14, 9, 'PKL2', 'PENDING', 'Aplikasi Jurnal Mengajar', '2026-01-07 07:21:09', '2026-01-09 01:56:12'),
(10, 15, 5, 14, 9, 'PKL2', 'PENDING', 'Aplikasi Jurnal Mengajar', '2026-01-07 07:21:42', '2026-01-09 01:56:48'),
(11, 16, 6, 15, 9, 'PKL2', 'ACTIVE', 'Aplikasi Inventory barang', '2026-01-07 07:22:26', '2026-01-07 07:22:26'),
(12, 17, 6, 15, 9, 'PKL2', 'PENDING', 'Website Cafe atap langit', '2026-01-07 07:23:10', '2026-01-09 01:56:59'),
(13, 18, 7, 16, 9, 'PKL2', 'ACTIVE', 'Pembayaran SPP', '2026-01-07 07:23:56', '2026-01-09 03:54:24'),
(14, 19, 7, 16, 9, 'PKL2', 'ACTIVE', 'Point Pelanggaran', '2026-01-07 07:24:20', '2026-01-07 07:24:20'),
(15, 20, 8, 18, 9, 'PKL2', 'ACTIVE', 'Website Sekolah', '2026-01-07 07:25:05', '2026-01-11 05:13:33'),
(16, 21, 8, 18, 9, 'PKL2', 'ACTIVE', 'Website Sekolah', '2026-01-07 07:25:29', '2026-01-09 09:50:42'),
(17, 22, 5, 22, 9, 'PKL2', 'PENDING', 'Buku tamu Online', '2026-01-07 07:26:06', '2026-01-09 01:59:53'),
(18, 23, 5, 22, 9, 'PKL2', 'PENDING', 'Buku Tamu Online', '2026-01-07 07:26:26', '2026-01-09 01:56:22'),
(19, 24, 9, 23, 9, 'PKL2', 'ACTIVE', 'Sistem Informasi Puskesmas', '2026-01-07 07:27:10', '2026-01-07 07:27:10'),
(20, 25, 9, 23, 9, 'PKL2', 'ACTIVE', 'Sistem Informasi Puskesmas', '2026-01-07 07:27:39', '2026-01-07 07:27:39'),
(21, 26, 9, 23, 9, 'PKL2', 'ACTIVE', 'Sistem Informasi Puskesmas', '2026-01-07 07:28:00', '2026-01-07 07:28:00'),
(22, 27, 10, 24, 9, 'PKL2', 'ACTIVE', 'Sistem Informasi LPPM STIKOM PGRI Banyuwangi', '2026-01-07 07:28:37', '2026-01-09 09:31:42'),
(23, 28, 11, 25, 9, 'PKL2', 'ACTIVE', 'Website Griya Matematika', '2026-01-07 07:29:23', '2026-01-11 05:07:46'),
(24, 29, 12, 26, 9, 'PKL2', 'ACTIVE', 'Inventaris Kantor', '2026-01-07 07:29:59', '2026-01-07 07:29:59'),
(25, 30, 12, 26, 9, 'PKL2', 'ACTIVE', 'Inventaris Kantor', '2026-01-07 07:30:18', '2026-01-09 04:01:26'),
(26, 31, 13, 26, 9, 'PKL2', 'ACTIVE', 'Sistem Informasi Driver', '2026-01-07 07:30:51', '2026-01-07 07:30:51'),
(27, 34, 14, 11, 9, 'MBKM', 'ACTIVE', '', '2026-01-08 09:07:35', '2026-01-08 09:07:35'),
(28, 35, 14, 11, 9, 'MBKM', 'ACTIVE', '', '2026-01-08 09:12:39', '2026-01-08 09:12:39'),
(29, 37, 16, 13, 9, 'MBKM', 'ACTIVE', '', '2026-01-08 09:15:54', '2026-01-08 09:37:27'),
(30, 38, 17, 13, 9, 'MBKM', 'ACTIVE', '', '2026-01-08 09:15:55', '2026-01-08 09:37:45'),
(31, 39, 18, 13, 9, 'MBKM', 'ACTIVE', '', '2026-01-08 09:15:55', '2026-01-08 09:37:55'),
(32, 42, 19, 15, 9, 'MBKM', 'ACTIVE', '', '2026-01-08 09:15:56', '2026-01-08 09:41:16'),
(33, 43, 20, 15, 9, 'MBKM', 'ACTIVE', '', '2026-01-08 09:15:57', '2026-01-08 09:41:32'),
(34, 44, 21, 15, 9, 'MBKM', 'ACTIVE', '', '2026-01-08 09:15:57', '2026-01-08 09:41:51'),
(35, 32, 7, 16, 9, 'MBKM', 'ACTIVE', '', '2026-01-08 09:15:58', '2026-01-08 09:42:33'),
(36, 33, 22, 16, 9, 'MBKM', 'ACTIVE', '', '2026-01-08 09:16:00', '2026-01-08 09:42:43'),
(37, 52, 23, 18, 9, 'MBKM', 'ACTIVE', '', '2026-01-08 09:16:00', '2026-01-08 09:42:58'),
(38, 53, 23, 18, 9, 'MBKM', 'ACTIVE', '', '2026-01-08 09:16:01', '2026-01-08 09:43:09'),
(39, 54, 24, 18, 9, 'MBKM', 'ACTIVE', '', '2026-01-08 09:16:01', '2026-01-08 09:43:28'),
(40, 58, 25, 10, 9, 'MBKM', 'ACTIVE', '', '2026-01-08 09:16:02', '2026-01-08 09:43:50'),
(41, 59, 26, 10, 9, 'MBKM', 'ACTIVE', '', '2026-01-08 09:16:04', '2026-01-08 09:44:02'),
(42, 60, 26, 10, 9, 'MBKM', 'ACTIVE', '', '2026-01-08 09:16:04', '2026-01-08 09:44:12'),
(43, 62, 10, 10, 9, 'MBKM', 'ACTIVE', '', '2026-01-08 09:16:05', '2026-01-08 09:44:26'),
(44, 46, 28, 19, 9, 'MBKM', 'ACTIVE', '', '2026-01-08 09:16:06', '2026-01-08 09:44:44'),
(45, 47, 26, 19, 9, 'MBKM', 'ACTIVE', '', '2026-01-08 09:16:07', '2026-01-08 09:45:08'),
(46, 48, 26, 19, 9, 'MBKM', 'ACTIVE', '', '2026-01-08 09:16:07', '2026-01-08 09:45:17'),
(47, 49, 26, 19, 9, 'MBKM', 'ACTIVE', '', '2026-01-08 09:16:08', '2026-01-08 09:45:29'),
(48, 73, 10, 20, 9, 'MBKM', 'ACTIVE', '', '2026-01-08 09:16:08', '2026-01-08 09:45:53'),
(49, 74, 10, 20, 9, 'MBKM', 'ACTIVE', '', '2026-01-08 09:16:09', '2026-01-08 09:46:01'),
(50, 75, 29, 20, 9, 'MBKM', 'ACTIVE', '', '2026-01-08 09:16:10', '2026-01-08 09:46:15'),
(51, 76, 29, 20, 9, 'MBKM', 'ACTIVE', '', '2026-01-08 09:16:12', '2026-01-08 09:46:27'),
(52, 63, 10, 21, 9, 'MBKM', 'ACTIVE', '', '2026-01-08 09:16:12', '2026-01-08 09:46:47'),
(53, 64, 30, 21, 9, 'MBKM', 'ACTIVE', '', '2026-01-08 09:16:13', '2026-01-08 09:47:04'),
(54, 66, 32, 21, 9, 'MBKM', 'ACTIVE', '', '2026-01-08 09:16:13', '2026-01-08 09:47:13'),
(55, 67, 33, 21, 9, 'MBKM', 'ACTIVE', '', '2026-01-08 09:16:14', '2026-01-08 09:47:32'),
(56, 50, 34, 22, 9, 'MBKM', 'ACTIVE', '', '2026-01-08 09:16:15', '2026-01-08 09:47:49'),
(57, 51, 34, 22, 9, 'MBKM', 'ACTIVE', '', '2026-01-08 09:16:15', '2026-01-08 09:48:06'),
(58, 45, 35, 23, 9, 'MBKM', 'ACTIVE', '', '2026-01-08 09:16:16', '2026-01-08 09:48:26'),
(59, 77, 36, 24, 9, 'MBKM', 'ACTIVE', '', '2026-01-08 09:16:16', '2026-01-08 09:48:47'),
(60, 78, 37, 24, 9, 'MBKM', 'ACTIVE', '', '2026-01-08 09:16:17', '2026-01-08 09:48:57'),
(61, 79, 38, 24, 9, 'MBKM', 'ACTIVE', '', '2026-01-08 09:16:18', '2026-01-08 09:49:07'),
(62, 80, 39, 24, 9, 'MBKM', 'ACTIVE', '', '2026-01-08 09:16:19', '2026-01-08 09:49:17'),
(63, 55, 40, 25, 9, 'MBKM', 'ACTIVE', '', '2026-01-08 09:16:19', '2026-01-08 09:49:35'),
(64, 56, 40, 25, 9, 'MBKM', 'ACTIVE', '', '2026-01-08 09:16:20', '2026-01-08 09:49:49'),
(65, 57, 41, 25, 9, 'MBKM', 'ACTIVE', '', '2026-01-08 09:16:20', '2026-01-08 09:50:11'),
(66, 81, 42, 26, 9, 'MBKM', 'ACTIVE', '', '2026-01-08 09:16:21', '2026-01-08 09:50:24'),
(67, 83, 43, 26, 9, 'MBKM', 'ACTIVE', '', '2026-01-08 09:16:21', '2026-01-08 09:34:10'),
(68, 68, 45, 27, 9, 'MBKM', 'ACTIVE', '', '2026-01-08 09:16:22', '2026-01-08 09:33:18'),
(69, 69, 46, 27, 9, 'MBKM', 'ACTIVE', '', '2026-01-08 09:16:24', '2026-01-08 09:33:05'),
(70, 72, 10, 27, 9, 'MBKM', 'ACTIVE', '', '2026-01-08 09:16:25', '2026-01-08 09:25:28'),
(71, 71, 47, 27, 9, 'MBKM', 'ACTIVE', '', '2026-01-08 09:18:13', '2026-01-08 09:18:13'),
(72, 70, 47, 27, 9, 'MBKM', 'ACTIVE', '', '2026-01-08 09:18:51', '2026-01-08 09:18:51'),
(73, 84, 44, 26, 9, 'MBKM', 'ACTIVE', '', '2026-01-08 09:19:34', '2026-01-08 09:19:34'),
(74, 82, 5, 26, 9, 'MBKM', 'ACTIVE', '', '2026-01-08 09:20:28', '2026-01-08 09:20:28'),
(75, 65, 31, 21, 9, 'MBKM', 'ACTIVE', '', '2026-01-08 09:29:35', '2026-01-08 09:29:35'),
(76, 61, 27, 10, 9, 'MBKM', 'ACTIVE', '', '2026-01-08 09:31:36', '2026-01-08 09:31:36'),
(77, 40, 48, 14, 9, 'MBKM', 'ACTIVE', '', '2026-01-08 09:39:56', '2026-01-08 09:39:56'),
(78, 41, 49, 14, 9, 'MBKM', 'ACTIVE', '', '2026-01-08 09:40:53', '2026-01-08 09:40:53'),
(79, 36, 15, 11, 9, 'MBKM', 'ACTIVE', '', '2026-01-09 01:59:12', '2026-01-09 01:59:12'),
(80, 10, NULL, NULL, NULL, 'PKL1', 'ACTIVE', NULL, '2026-01-13 08:23:12', '2026-01-13 08:23:12');

-- --------------------------------------------------------

--
-- Struktur dari tabel `periodes`
--

CREATE TABLE `periodes` (
  `id` int(11) NOT NULL,
  `nama` varchar(255) NOT NULL,
  `isActive` tinyint(1) DEFAULT 0,
  `createdAt` datetime NOT NULL,
  `updatedAt` datetime NOT NULL,
  `tanggalMulai` date DEFAULT NULL,
  `tanggalSelesai` date DEFAULT NULL
) ENGINE=InnoDB DEFAULT CHARSET=utf8mb4 COLLATE=utf8mb4_general_ci;

--
-- Dumping data untuk tabel `periodes`
--

INSERT INTO `periodes` (`id`, `nama`, `isActive`, `createdAt`, `updatedAt`, `tanggalMulai`, `tanggalSelesai`) VALUES
(9, '2025/2026 Ganjil', 1, '2026-01-06 09:53:15', '2026-01-12 06:20:15', '2026-01-01', '2026-01-31'),
(10, '2025/2026 Genap', 0, '2026-01-08 05:24:59', '2026-01-08 05:24:59', NULL, NULL);

-- --------------------------------------------------------

--
-- Struktur dari tabel `prodis`
--

CREATE TABLE `prodis` (
  `id` int(11) NOT NULL,
  `nama` varchar(255) DEFAULT NULL,
  `jenjang` varchar(255) DEFAULT NULL,
  `createdAt` datetime NOT NULL,
  `updatedAt` datetime NOT NULL
) ENGINE=InnoDB DEFAULT CHARSET=utf8mb4 COLLATE=utf8mb4_general_ci;

--
-- Dumping data untuk tabel `prodis`
--

INSERT INTO `prodis` (`id`, `nama`, `jenjang`, `createdAt`, `updatedAt`) VALUES
(1, 'Manajemen Informatika', 'D3', '2026-01-08 06:34:49', '2026-01-08 06:34:49'),
(2, 'Teknik Informatika', 'S1', '2026-01-08 06:35:11', '2026-01-08 06:35:11');

-- --------------------------------------------------------

--
-- Struktur dari tabel `sequelizemeta`
--

CREATE TABLE `sequelizemeta` (
  `name` varchar(255) NOT NULL
) ENGINE=InnoDB DEFAULT CHARSET=utf8 COLLATE=utf8_unicode_ci;

--
-- Dumping data untuk tabel `sequelizemeta`
--

INSERT INTO `sequelizemeta` (`name`) VALUES
('20260108062812-create-prodi.js'),
('20260109083133-create-check-schema.js'),
('20260109153000-update-kriterianilai-enum.js'),
('20260109154000-update-pendaftaran-enum.js'),
('20260109163000-add-revisi-penguji.js');

-- --------------------------------------------------------

--
-- Struktur dari tabel `sidangs`
--

CREATE TABLE `sidangs` (
  `id` int(11) NOT NULL,
  `pendaftaranId` int(11) NOT NULL,
  `dosenPengujiId` int(11) DEFAULT NULL,
  `tanggal` datetime DEFAULT NULL,
  `nilaiAkhir` float DEFAULT NULL,
  `createdAt` datetime NOT NULL,
  `updatedAt` datetime NOT NULL,
  `ruang` varchar(255) DEFAULT NULL,
  `sesi` varchar(255) DEFAULT NULL,
  `revisiPenguji` text DEFAULT NULL
) ENGINE=InnoDB DEFAULT CHARSET=utf8mb4 COLLATE=utf8mb4_general_ci;

--
-- Dumping data untuk tabel `sidangs`
--

INSERT INTO `sidangs` (`id`, `pendaftaranId`, `dosenPengujiId`, `tanggal`, `nilaiAkhir`, `createdAt`, `updatedAt`, `ruang`, `sesi`, `revisiPenguji`) VALUES
(3, 5, 24, '2026-01-12 00:00:00', NULL, '2026-01-07 07:41:27', '2026-01-13 03:12:02', 'Ruang Seminar', 'Sesi 1', ''),
(4, 6, 23, '2026-01-12 00:00:00', NULL, '2026-01-07 07:42:03', '2026-01-12 01:28:32', 'Ruang Seminar', 'Sesi 1', '1. Perbaiki format penulisan mulai spasi, paragraf, numbering, penyajian gambar dll\n2. Kesimpulan dan saran di buat sesuai dengan pelaksanaan \n3. Uraian Implementasi dibuat dengan susunan form, coding dan penjelasan koding bukan alur jalannya aplikasi\n4. Uji Coba dibagi admin dan user dengan penjelasan masing-masing\n'),
(5, 7, 10, '2026-01-12 00:00:00', NULL, '2026-01-07 07:42:41', '2026-01-12 02:35:07', 'Ruang Seminar', 'Sesi 2', '1. Perbaikan pada rumusan masalah dan tujuan\n2. Perbaikan pada batasan masalah.\n3. di aplikasi tambahkan Pembeli, filter pada hutang dan transaksi\n4. Perbaikan pada laporan di aplikasi'),
(6, 8, 10, '2026-01-12 00:00:00', NULL, '2026-01-07 07:43:11', '2026-01-12 03:13:49', 'Ruang Seminar', 'Sesi 3', '1. Perbaiian pada rumusan masalah dan tujuan\n2. Perbaikan pada batasan\n3. Perbaiki kesimpulan\n4. Huruf agar diperbaiki besar kecilnya.'),
(7, 9, 10, '2026-01-12 00:00:00', NULL, '2026-01-07 07:43:30', '2026-01-07 07:43:30', 'Ruang Seminar', 'Sesi 5', NULL),
(8, 10, 10, '2026-01-12 00:00:00', NULL, '2026-01-07 07:43:48', '2026-01-07 07:43:48', 'Ruang Seminar', 'Sesi 6', NULL),
(9, 11, 17, '2026-01-12 00:00:00', NULL, '2026-01-07 12:38:09', '2026-01-12 02:03:29', 'Lab. Pemrograman', 'Sesi 1', '- kerapian laporan pada penulisan sub-bab\n- harus ada pengurangan stock saat reservasi disetujui\n- bab pembahasan dan kesimpulan harus disesuaikan dg bab I'),
(10, 12, 17, '2026-01-12 00:00:00', NULL, '2026-01-07 12:38:43', '2026-01-07 12:38:43', 'Lab. Pemrograman', 'Sesi 2', NULL),
(11, 13, 17, '2026-01-12 00:00:00', NULL, '2026-01-07 12:39:28', '2026-01-12 02:38:31', 'Lab. Pemrograman', 'Sesi 2', '- pada sub bab 1.3 Tujuan, tolong rubah tujuan dinomori \n- saran, penambahan fitur itu harus dijelaskan fitur apa saja yg harus ditambahkan (rinci)\n- pembayaran bulan yg sama hanya boleh 1x saja\n- kalimat 1 baris pada paragraf yg sama tidak boleh di pisah jadi beda halaman'),
(12, 14, 17, '2026-01-12 00:00:00', NULL, '2026-01-07 12:39:54', '2026-01-12 03:06:46', 'Lab. Pemrograman', 'Sesi 3', '- kajian teori tentang pelanggaran siswa harus ada di Bab II\n- perhatikan penulisan sub bab dan paragraf pada pergantian halaman\n- bahasan pada Saran harus jelas, apa saja yg perlu dikembangankan pada SIM (aplikasi) yg telah dikembangkan'),
(13, 15, 17, '2026-01-12 00:00:00', NULL, '2026-01-07 12:40:50', '2026-01-11 05:20:23', 'Lab. Pemrograman', 'Sesi 4', NULL),
(14, 16, 19, '2026-01-12 00:00:00', NULL, '2026-01-07 12:41:19', '2026-01-12 04:59:10', 'Lab. Pemrograman', 'Sesi 5', 'tidak ada'),
(15, 17, 14, '2026-01-12 00:00:00', NULL, '2026-01-07 12:42:47', '2026-01-07 12:42:48', 'Lab. RPL', 'Sesi 1', NULL),
(16, 18, 14, '2026-01-12 00:00:00', NULL, '2026-01-07 12:43:13', '2026-01-07 12:43:13', 'Lab. RPL', 'Sesi 2', NULL),
(17, 19, 14, '2026-01-12 00:00:00', NULL, '2026-01-07 12:44:15', '2026-01-12 02:38:04', 'Lab. RPL', 'Sesi 1', 'funsional masih belum sesuai kebutuhan'),
(18, 20, 14, '2026-01-12 00:00:00', NULL, '2026-01-07 12:44:55', '2026-01-12 02:38:45', 'Lab. RPL', 'Sesi 2', 'fungsional masuh belum sesuai kebutuhan'),
(19, 21, 25, '2026-01-12 00:00:00', NULL, '2026-01-07 12:45:30', '2026-01-12 05:49:14', 'Lab. RPL', 'Sesi 3', '1.	Perbaiki Penomoran halaman sesuai dengan panduan (non bab pakai angka romawi)\n2.	Perbaiki penulisan laporan (sub bab baru taruh di halaman ganjil)\n3.	Perbaiki tanggal\n4.	Rumusan masalah dan tujuan tidak sinkron, sebaiknya dibuat 1 saja yaitu Bagaimana membangun sistem informasi pendaftaran pasien di Puskesmas Kabat berbasis Web?\nTujuan harus menjawab rumusan masalah\n5.	Semester genap 2024-2025 ada mahasiswa yang sudah membuat aplikasi ini, apa perbedaan dengan aplikasi yang sudah pernah dibuat?\n6.	Apa novelty dari system yang anda kembangkan disbanding penelitian sebelumnya? (apa kelebihan peneltian anda disbanding penelitian sebelumnya?\n7.	Dasar teori yang digunakan dalam membuat pelaporan masih minim\n8.	Dalam panduan, Metode Penelitian yang digunakan dalam mempersiapkan dan pembuatan system informasi wajib ada tetapi dalam laporan hanya dituliskan pada teori dan itu sangat minim => belum ada metode penelitian & penjelasannya\n'),
(20, 22, 25, '2026-01-12 00:00:00', NULL, '2026-01-07 12:46:35', '2026-01-12 06:00:58', 'Lab. RPL', 'Sesi 4', '1.	Perbaiki penulisan laporan sesuai dengan panduan\n2.	Perbaiki rumusan masalah :\nBagaimana membangun sistem informasi LPPM STIKOM PGRI Banyuwangi berbasis website menggunakan javaScript dan memanfaatkan metode  untuk membantu proses pengajuan proposal penelitian dan pengabdian kepada masyarakat?\nTujuan : Menjawab rumusan masalah\n3.	Metode penelitian pada bab 2 belum ada\n4.	Tambahkan metode penelitian (sebelum desain sistem) beserta dengan penjelasannya\n5.	Tambahkan diagram alur sistem\n6.	Dalam penelitian, ada tahap dosen ahrus melaporkan laporan kemajuan dan laporan akhir, pada sistem belum tercover, silahkan ditambahkan\n'),
(21, 23, 21, '2026-01-12 00:00:00', NULL, '2026-01-07 12:47:29', '2026-01-12 02:16:22', 'Lab. Multimedia', 'Sesi 1', 'Kembangkan website agar lebih kompleks.\n- siswa bisa mengetahui jawal dan tutornya siapa?\n- tutor bisa mengetahui kapan dia mengajar dan siapa siswanya?\n'),
(22, 24, 21, '2026-01-12 00:00:00', NULL, '2026-01-07 12:48:26', '2026-01-12 02:49:27', 'Lab. Multimedia', 'Sesi 2', 'Kembangkan aplikasi lebih kompleks, contohnya:\n- bisa melaporkan barang inventory yang rusak agar bisa dilaporkan je manajemen sekolah.'),
(23, 25, 21, '2026-01-12 00:00:00', NULL, '2026-01-07 12:48:53', '2026-01-12 03:27:43', 'Lab. Multimedia', 'Sesi 3', 'Stok untuk inventory diperbaiki, agar data yg diberikan bisa lebih valid\n'),
(24, 26, 21, '2026-01-12 00:00:00', NULL, '2026-01-07 12:49:19', '2026-01-12 03:58:41', 'Lab. Multimedia', 'Sesi 4', 'Kembangkan aplikasinya agar lebih kompleks, agar bisa digunakan oleh mitra PKL..\n- laporan dg grafik tamu terbanyak tiap bulannya\n- grafik top driver paling banyak kontribusinya '),
(25, 48, 13, '2026-01-15 00:00:00', NULL, '2026-01-08 10:01:33', '2026-01-08 10:01:33', 'Ruang Seminar', 'Sesi 1', NULL),
(26, 27, 23, '2026-01-13 00:00:00', NULL, '2026-01-09 07:10:04', '2026-01-13 02:00:16', 'Ruang Seminar', 'Sesi 1', '1. Perbaiki format penulisan spas, paragraf, numbering, penyajian gambar dll\n2. Lampiran Insentif Magang'),
(27, 28, 23, '2026-01-13 00:00:00', NULL, '2026-01-09 07:12:30', '2026-01-13 02:17:42', 'Ruang Seminar', 'Sesi 2', '1. Perbaiki format penulisan secara keseluruhan laporan meliputi, teks, spasi, paragraf, margin, numbering dll\n2. Lampiran log book dan insentif gaji belum ada'),
(28, 79, 23, '2026-01-13 00:00:00', NULL, '2026-01-09 07:14:06', '2026-01-13 03:28:56', 'Ruang Seminar', 'Sesi 3', '1. Perbaiki seluruh laporan meliputi spasi, paragraf, numbering, teks, margin dll\n2. Lengkapi lampiran dan insentif MBKM\n3. Samakan kesimpulan dengan IKU IKT yang dilaksanakan '),
(29, 29, 27, '2026-01-13 00:00:00', NULL, '2026-01-09 07:17:10', '2026-01-09 07:17:10', 'Ruang Seminar', 'Sesi 4', NULL),
(30, 30, 27, '2026-01-13 00:00:00', NULL, '2026-01-09 07:18:03', '2026-01-13 07:23:31', 'Ruang Seminar', 'Sesi 5', 'Desainnya jadikan IKU dan yang lain sperti marketing dan CS jadikan IKT, sertakan dilaporan dan buktinya'),
(31, 31, 27, '2026-01-13 00:00:00', NULL, '2026-01-09 07:18:38', '2026-01-13 07:19:26', 'Ruang Seminar', 'Sesi 6', 'Blog sekolah jadikan IKU yang lain IKT, sertakan dilaporan beri keterangan dan bukti2nya'),
(32, 77, 27, '2026-01-13 00:00:00', NULL, '2026-01-09 07:19:09', '2026-01-13 07:21:47', 'Lab. Pemrograman', 'Sesi 1', 'Penambahan modul/menu pada SimRS jadikan IKU, yang lain sprti jaringan dll jadikan IKT, masukan kedalam laporan juga disertai bukti'),
(33, 78, 24, '2026-01-13 00:00:00', NULL, '2026-01-09 07:19:54', '2026-01-13 02:00:13', 'Lab. Pemrograman', 'Sesi 2', ''),
(34, 32, 24, '2026-01-13 00:00:00', NULL, '2026-01-09 07:20:56', '2026-01-13 02:54:19', 'Lab. Pemrograman', 'Sesi 3', ''),
(35, 33, 24, '2026-01-13 00:00:00', NULL, '2026-01-09 07:21:37', '2026-01-13 03:13:35', 'Lab. Pemrograman', 'Sesi 4', ''),
(36, 34, 24, '2026-01-13 00:00:00', NULL, '2026-01-09 07:22:21', '2026-01-13 03:52:37', 'Lab. Pemrograman', 'Sesi 5', ''),
(37, 58, 24, '2026-01-13 00:00:00', NULL, '2026-01-09 07:22:50', '2026-01-09 07:22:50', 'Lab. Pemrograman', 'Sesi 6', NULL),
(38, 44, 22, '2026-01-13 00:00:00', NULL, '2026-01-09 07:23:42', '2026-01-13 01:33:21', 'Lab. RPL', 'Sesi 1', 'Belum adanya contoh video fenomenal yg pernah dibuat'),
(39, 35, 26, '2026-01-12 00:00:00', NULL, '2026-01-10 02:00:57', '2026-01-13 03:50:48', 'Lab. Multimedia', 'Sesi 5', '1. Pada lembar pengesahan Nama dan NIKP Kaprodi jgn dikasih garis bawah dan jarak baris nama dan dibawahnya single(1)\n2. Pada laporan utk semua singkatan gunakan huruf kapital semua\n3. Daftra pustaka klau ada lanjutan dibawahnya, jarak barisnya /spasinya single(1) dan urutkan abjad mulai A-Z utk nama pengarang, kecuali mengunakan sistem mendelay'),
(40, 36, 26, '2026-01-12 00:00:00', NULL, '2026-01-10 02:01:48', '2026-01-13 03:58:33', 'Lab. Multimedia', 'Sesi 6', '1. Pada lembar pengesahan nama dosen dan NIDN atau yg lainnya jarak baris single(1)\n2. Ada beberapa pada keterangan dibawah gambar, hurufnya miring, coba nanti diperbaiki. (utk huruf miring/italic digunakan utk bahasa asing)\n3. Mulai hal. 63 s/d 101, utk penomeran gunakan angka arabic, jangan gunakan angka romawi\n4. Lampirkan juga slip gaji'),
(41, 37, 25, '2026-01-13 00:00:00', NULL, '2026-01-10 02:04:09', '2026-01-13 02:43:08', 'Lab. Multimedia', 'Sesi 1', ''),
(42, 38, 25, '2026-01-13 00:00:00', NULL, '2026-01-10 02:04:34', '2026-01-13 02:43:53', 'Lab. Multimedia', 'Sesi 2', ''),
(43, 39, 20, '2026-01-13 00:00:00', NULL, '2026-01-10 02:04:59', '2026-01-13 03:04:08', 'Lab. Multimedia', 'Sesi 3', 'Revisi terkait perapihan laporan saja'),
(44, 40, 15, '2026-01-14 00:00:00', NULL, '2026-01-10 02:05:26', '2026-01-10 02:05:26', 'Ruang Seminar', 'Sesi 1', NULL),
(45, 41, 15, '2026-01-14 00:00:00', NULL, '2026-01-10 02:05:53', '2026-01-10 02:05:53', 'Ruang Seminar', 'Sesi 2', NULL),
(46, 42, 15, '2026-01-14 00:00:00', NULL, '2026-01-10 02:06:22', '2026-01-10 02:06:22', 'Ruang Seminar', 'Sesi 3', NULL),
(47, 43, 15, '2026-01-14 00:00:00', NULL, '2026-01-10 02:07:04', '2026-01-10 02:07:16', 'Ruang Seminar', 'Sesi 5', NULL),
(48, 45, 22, '2026-01-13 00:00:00', NULL, '2026-01-10 02:08:03', '2026-01-13 02:05:39', 'Lab. RPL', 'Sesi 2', 'Belum adanya inovasi yg berkaitan dengan media pembelajaran dari sisi digitalisasi/visualisasi'),
(49, 46, 22, '2026-01-13 00:00:00', NULL, '2026-01-10 02:08:34', '2026-01-13 02:39:03', 'Lab. RPL', 'Sesi 3', 'Pada saran agar untuk pengembangan agar membuat sistem sendiri'),
(50, 47, 22, '2026-01-13 00:00:00', NULL, '2026-01-10 02:09:08', '2026-01-13 03:02:54', 'Lab. RPL', 'Sesi 4', 'Tambahkan dikolom saran untuk membuat media pembelajarann secara interaktif'),
(51, 49, 13, '2026-01-15 00:00:00', NULL, '2026-01-10 02:09:45', '2026-01-10 02:10:31', 'Ruang Seminar', 'Sesi 2', NULL),
(52, 50, 13, '2026-01-15 00:00:00', NULL, '2026-01-10 02:10:09', '2026-01-10 02:10:39', 'Ruang Seminar', 'Sesi 3', NULL),
(53, 51, 13, '2026-01-15 00:00:00', NULL, '2026-01-10 02:11:09', '2026-01-10 02:11:09', 'Ruang Seminar', 'Sesi 4', NULL),
(54, 52, 18, '2026-01-14 00:00:00', NULL, '2026-01-10 02:11:58', '2026-01-10 02:11:58', 'Lab. Multimedia', 'Sesi 1', NULL),
(55, 53, 18, '2026-01-14 00:00:00', NULL, '2026-01-10 02:12:26', '2026-01-10 02:12:26', 'Lab. Multimedia', 'Sesi 2', NULL),
(56, 54, 18, '2026-01-14 00:00:00', NULL, '2026-01-10 02:13:00', '2026-01-10 02:13:00', 'Ruang Seminar', 'Sesi 4', NULL),
(57, 55, 18, '2026-01-14 00:00:00', NULL, '2026-01-10 02:13:21', '2026-01-10 02:13:21', 'Ruang Seminar', 'Sesi 5', NULL),
(58, 56, 26, '2026-01-13 00:00:00', NULL, '2026-01-10 02:14:07', '2026-01-13 06:01:48', 'Lab. RPL', 'Sesi 5', '1. Pada judul dan sub bab hurufnya ditebalkan\n2. Lihat hal. 172, bab III taruh dihal. 173\n3. Perbaiki pada kesimpulan\n4. Slip gaji belum ditaruh dilaporan\n5. Pada daftar pustaka sebaiknya gunakan mendeley'),
(59, 57, 26, '2026-01-13 00:00:00', NULL, '2026-01-10 02:14:27', '2026-01-13 06:18:01', 'Lab. RPL', 'Sesi 6', '1. Pada cover perbaiki menjadi 3 baris\n2. Pada sub bab 1.2 buat penomeran 1,2 dstnya\n3. Pada hal.6 gunakan penomeran 1,2 dstnya\n4. Pada hal.62 keterangan gambar harus mengikuti dibawah gambar, jangan taruh dihal.. lain\n5. Pada daftar pustaka sebaiknya gunakan aplikasi mendeley\n6. Pada lampiran sertakan biodata/CV penulis\n7. Slip gaji belum ada'),
(60, 59, 11, '2026-01-15 00:00:00', NULL, '2026-01-10 02:14:56', '2026-01-10 02:14:56', 'Lab. Multimedia', 'Sesi 1', NULL),
(61, 60, 11, '2026-01-15 00:00:00', NULL, '2026-01-10 02:15:20', '2026-01-10 02:15:20', 'Lab. Multimedia', 'Sesi 2', NULL),
(62, 61, 11, '2026-01-15 00:00:00', NULL, '2026-01-10 02:15:39', '2026-01-10 02:15:39', 'Lab. Multimedia', 'Sesi 3', NULL),
(63, 62, 11, '2026-01-15 00:00:00', NULL, '2026-01-10 02:16:03', '2026-01-10 02:16:03', 'Lab. Multimedia', 'Sesi 4', NULL),
(64, 63, 20, '2026-01-13 00:00:00', NULL, '2026-01-10 02:16:40', '2026-01-13 03:30:08', 'Lab. Multimedia', 'Sesi 4', 'Di perjelas untuk hasil pengalaman belajar...'),
(65, 64, 19, '2026-01-13 00:00:00', NULL, '2026-01-10 02:17:06', '2026-01-13 02:42:35', 'Lab. Multimedia', 'Sesi 5', ''),
(66, 65, 19, '2026-01-13 00:00:00', NULL, '2026-01-10 02:17:29', '2026-01-10 02:17:29', 'Lab. Multimedia', 'Sesi 6', NULL),
(67, 66, 16, '2026-01-15 00:00:00', NULL, '2026-01-10 02:17:53', '2026-01-13 07:44:44', 'Lab. RPL', 'Sesi 1', ''),
(68, 67, 16, '2026-01-15 00:00:00', NULL, '2026-01-10 02:18:22', '2026-01-13 07:46:23', 'Lab. RPL', 'Sesi 3', ''),
(69, 68, 20, '2026-01-14 00:00:00', NULL, '2026-01-10 02:18:52', '2026-01-10 02:18:52', 'Lab. RPL', 'Sesi 1', NULL),
(70, 69, 20, '2026-01-13 00:00:00', NULL, '2026-01-10 02:19:15', '2026-01-10 02:19:15', 'Lab. RPL', 'Sesi 2', NULL),
(71, 70, 25, '2026-01-14 00:00:00', NULL, '2026-01-10 02:20:12', '2026-01-10 02:20:12', 'Lab. RPL', 'Sesi 5', NULL),
(72, 71, 19, '2026-01-14 00:00:00', NULL, '2026-01-10 02:20:32', '2026-01-10 02:20:43', 'Lab. RPL', 'Sesi 4', NULL),
(73, 72, 19, '2026-01-14 00:00:00', NULL, '2026-01-10 02:21:04', '2026-01-10 02:21:04', 'Lab. RPL', 'Sesi 3', NULL),
(74, 73, 16, '2026-01-15 00:00:00', NULL, '2026-01-10 02:21:43', '2026-01-13 07:47:31', 'Lab. RPL', 'Sesi 4', ''),
(75, 74, 16, '2026-01-15 00:00:00', NULL, '2026-01-10 02:22:02', '2026-01-13 07:49:06', 'Lab. RPL', 'Sesi 2', ''),
(76, 75, 18, '2026-01-14 00:00:00', NULL, '2026-01-10 02:22:45', '2026-01-10 02:23:02', 'Lab. Multimedia', 'Sesi 3', NULL),
(77, 76, 15, '2026-01-14 00:00:00', NULL, '2026-01-10 02:23:27', '2026-01-10 02:23:27', 'Ruang Seminar', 'Sesi 4', NULL);

-- --------------------------------------------------------

--
-- Struktur dari tabel `users`
--

CREATE TABLE `users` (
  `id` int(11) NOT NULL,
  `username` varchar(255) NOT NULL,
  `password` varchar(255) NOT NULL,
  `role` enum('MAHASISWA','DOSEN','INSTANSI','ADMIN') NOT NULL,
  `createdAt` datetime NOT NULL,
  `updatedAt` datetime NOT NULL
) ENGINE=InnoDB DEFAULT CHARSET=utf8mb4 COLLATE=utf8mb4_general_ci;

--
-- Dumping data untuk tabel `users`
--

INSERT INTO `users` (`id`, `username`, `password`, `role`, `createdAt`, `updatedAt`) VALUES
(39, 'admin_prodi', '$2b$10$25qGpjmwwYZqhzsC10lfo.6tALBQmGGmMA4Ah4nRd9XhkAX2Cnrf.', 'ADMIN', '2026-01-06 09:48:55', '2026-01-06 09:48:55'),
(40, 'taufiq', '$2b$08$ac3Y3uADWmqLDXsTjY0Zlemuc/4gZI2RUxzRFAA5ZYGnMX.eV29rm', 'DOSEN', '2026-01-07 05:12:57', '2026-01-07 05:12:57'),
(41, 'haris', '$2b$08$2b95Q4/LgKnecrkWy31dFun6tYLGhoTvK6b3SgQJNEnau9ium375G', 'DOSEN', '2026-01-07 05:30:52', '2026-01-07 05:30:52'),
(42, 'agus', '$2b$08$OF3WHS9xFGWBhsJtv/xisOFnLYMCUxdH1c1I9xwtVAOVvTsm6R1eu', 'DOSEN', '2026-01-07 05:31:15', '2026-01-07 05:31:15'),
(43, 'arif', '$2b$08$CUSDmN6OPZbWKYt0N871J.SqFS1oq.ZNqy0kxSDNsWxNUWnGiWE4q', 'DOSEN', '2026-01-07 05:31:54', '2026-01-07 05:31:54'),
(44, 'djun', '$2b$08$xf5KH5yNrtcRPA6SssMzlOD7OTPqO35kCs1pJtebGRXpUqgyXSynS', 'DOSEN', '2026-01-07 05:32:18', '2026-01-07 05:32:18'),
(45, 'dwi', '$2b$08$WgRD2U5y.WXJB6b358szCu4Hk7p/spn85HfEXqgRDYCk1oxb6Kzfa', 'DOSEN', '2026-01-07 05:32:48', '2026-01-07 05:32:48'),
(46, 'faruk', '$2b$08$QX1fluOn98l6yFKVZmkVKuEuZ1iiRBbJgkBE8a5Aajfr5YKgA1Z82', 'DOSEN', '2026-01-07 05:33:15', '2026-01-07 05:33:15'),
(47, 'anam', '$2b$08$MUpTcfG9YQ1CsKEgiswsG.5Usw7m0FYrMlq9Ov4AOVHbd8Rn7dbNi', 'DOSEN', '2026-01-07 05:34:11', '2026-01-07 05:34:11'),
(48, 'hadiq', '$2b$08$FLhWfZKaPeTWkQjaC2qA3OAE.liCncllKMl4lONHMe4ICtcy8PwLq', 'DOSEN', '2026-01-07 05:34:28', '2026-01-07 05:34:28'),
(49, 'madi', '$2b$08$fjCeCklBXehI/AA7fGk9O.lkGoAZPpAsa7ZM5HISOsA4ZYRpB3b.q', 'DOSEN', '2026-01-07 05:35:07', '2026-01-07 05:35:07'),
(50, 'ples', '$2b$08$NGU50txBoYvvqie7vCoRC.m9hnB547RzuptmrKr3jRaMKnPpB7Baa', 'DOSEN', '2026-01-07 05:35:26', '2026-01-07 05:35:26'),
(51, 'rahman', '$2b$08$ut5DXm4RiQWBrAqL57DmxOYib7ilqVTfB/aUn8gOI0I4UFAgTo1uC', 'DOSEN', '2026-01-07 05:42:03', '2026-01-07 05:42:03'),
(52, 'rudi', '$2b$08$8ZVebQcFkFJThdsMXJlWAOzIQK11EEqU.ptXgVE1fQr0rBnkFQD8i', 'DOSEN', '2026-01-07 05:42:20', '2026-01-07 05:42:20'),
(53, 'atin', '$2b$08$BAgyrg16N3PP4eeCyVjMZuJMdgsXEA2Y3niaRNlVRlovCj6hO3LE.', 'DOSEN', '2026-01-07 05:42:38', '2026-01-07 05:42:38'),
(54, 'sony', '$2b$08$t7CbOJWopDwfuu9wutehQOh1jG3ArzMhS/4nYF27OWgo0qc.llW5y', 'DOSEN', '2026-01-07 05:42:59', '2026-01-07 05:42:59'),
(55, 'mia', '$2b$08$AOdlYyFuZ52MgLQA14KeLeeXAZ3XN7X8YPXQoGMiVp6tRc0lkicFK', 'DOSEN', '2026-01-07 05:43:17', '2026-01-07 05:43:17'),
(56, 'tintin', '$2b$08$HLEqudF1htF0wI4aVY0ArORrAf63Cwk3FElD01pUwtN/ckQDbI9mO', 'DOSEN', '2026-01-07 05:43:33', '2026-01-07 05:43:33'),
(57, 'yoyon', '$2b$08$vwiN3BKHyY.D8Rsb5/Hen.vNzEJjIVKLjn.ZlaFOJ.61cAvsmA8Hm', 'DOSEN', '2026-01-07 05:43:54', '2026-01-07 05:43:54'),
(58, 'vita', '$2b$08$qnD.mvARjXq82Qj740/uQe23VhyYPX/PXOdD4XLaOEstZHmFj3/MC', 'MAHASISWA', '2026-01-07 05:46:09', '2026-01-07 05:46:09'),
(59, 'sukma', '$2b$08$/gwaqAGuFQudFjx8lfaD3.VRlNhcMx028P7UtND/umd5fcv7fSlGC', 'MAHASISWA', '2026-01-07 05:46:34', '2026-01-07 05:46:34'),
(60, 'jelita', '$2b$08$An6mNbhb6u3ujuZxrdCQEO8y2yBzeq2cNQXYS7I1qZjcgT2SL.Bmu', 'MAHASISWA', '2026-01-07 05:47:13', '2026-01-07 05:47:13'),
(61, 'silvi', '$2b$08$w7J.F4U875beN/uHFbqRB.byWomnxGITorxTobGYZnAGnwIW4yv1y', 'MAHASISWA', '2026-01-07 05:47:36', '2026-01-07 05:47:36'),
(62, 'burhan', '$2b$08$LRwitIwKHsFaIEW4oQmEBehYEf8aDoXzAABVylpCXUMF5YkWoxU/y', 'MAHASISWA', '2026-01-07 05:48:30', '2026-01-07 05:48:30'),
(63, 'wahyu', '$2b$08$yW9XpLOuM/KYdzXc2oeFWeJ8GtBzVCAf6SduHWmLFxlWfNWI7ubvq', 'MAHASISWA', '2026-01-07 05:48:55', '2026-01-07 05:48:55'),
(64, 'putri', '$2b$08$3utRI2/3UrxYB/i5FbiGj.mgj8MKKnqd7u1zY3jnGyzvTZRLYm.QG', 'MAHASISWA', '2026-01-07 05:49:22', '2026-01-07 05:49:22'),
(65, 'dhamar', '$2b$08$4bvp0qWV4avlau5fHilFIOoFYb7rqMJe9g9UR0oLD1t03ts8wfoT6', 'MAHASISWA', '2026-01-07 05:49:53', '2026-01-07 05:49:53'),
(66, 'riska', '$2b$08$a8nmpqAFBiuATaCc7dv2fOy1SvX8mpFRo.xfsQXTnvmXT1xxLce6u', 'MAHASISWA', '2026-01-07 05:50:32', '2026-01-07 05:50:32'),
(67, 'rifda', '$2b$08$fZqafsdi9sXgWXhzCGquqO8IRITQWEuq8F04PKYs3pday0pW7hrwu', 'MAHASISWA', '2026-01-07 05:50:54', '2026-01-07 05:50:54'),
(68, 'rifqy', '$2b$08$tzbsPPIC1r898fcregVz..M2DEfKYQyVLRblUUBwmbw7fympwZmB2', 'MAHASISWA', '2026-01-07 05:51:42', '2026-01-07 05:51:42'),
(69, 'sabilla', '$2b$08$TjLG5ShrkwkWqoP/yH.5NeZ0BO2GuNO4p9PmIqbsMYSJ2OwTqF3Z.', 'MAHASISWA', '2026-01-07 05:52:25', '2026-01-07 05:52:25'),
(70, 'sandro', '$2b$08$0j9p0TgU.bPOLn5rPvhbxudIurlRf9fgEZsMertDqItdpSTrvWU76', 'MAHASISWA', '2026-01-07 05:52:51', '2026-01-07 05:52:51'),
(71, 'alya', '$2b$08$GeypKE53zzhaLmC4lbpGLuta4/IJCT7w.JtNnXImcbCqhe8/dab86', 'MAHASISWA', '2026-01-07 05:53:17', '2026-01-07 05:53:17'),
(72, 'rama', '$2b$08$aLMrRm3OVU.43QBQIIEmE.PAd3QWbe4TGX/iIIaXRQHcWUARaUnwO', 'MAHASISWA', '2026-01-07 05:53:46', '2026-01-07 05:53:46'),
(73, 'teguh', '$2b$08$2eoj21AFhiCfAZGRigRF7eHM2O30UGKFBMt8twxwcBufmSVdrnVc.', 'MAHASISWA', '2026-01-07 05:54:10', '2026-01-07 05:54:10'),
(74, 'riski', '$2b$08$nWZIVKZ.svxj4yll34p/LuEHC8p8MyWNOmeJv8bTUo04GGXkSq2ta', 'MAHASISWA', '2026-01-07 05:54:35', '2026-01-07 05:54:35'),
(75, 'ramzy', '$2b$08$fyTYyvtt7XBkoijAwTmaieJCX3hX3Lid9toK5gl.n3/I2fVQYcfhm', 'MAHASISWA', '2026-01-07 05:55:06', '2026-01-07 05:55:06'),
(76, 'arvina', '$2b$08$C.brDxsCIOIci8pzMo3JcuUv5e0owjqncF6zNC0l7jNmPABwIBggC', 'MAHASISWA', '2026-01-07 05:55:30', '2026-01-07 05:55:30'),
(77, 'vito', '$2b$08$HKkHhsPWVTF7TQL3ZccXyu5v9VXrw9kXiqJFuiZ/0xxMF2MTPrjfa', 'MAHASISWA', '2026-01-07 05:55:51', '2026-01-07 05:55:51'),
(78, 'nazua', '$2b$08$A0ynfeoMyZmJKV6YbsNhkuxiVnEtVCeOo2nmcvJ/c/hsR2karVMuK', 'MAHASISWA', '2026-01-07 05:56:19', '2026-01-07 05:56:19'),
(79, 'fito', '$2b$08$FWyIG1GyvraKV0VZIyBW7uiI8pag.LUj8jFQE3vGrIzQAX8iCPrIW', 'MAHASISWA', '2026-01-07 05:56:44', '2026-01-07 05:56:44'),
(80, 'admin_prodiTI', '$2b$08$kJPEkrMAHUEe5ksw.DDnLud5KtqP/jsyUM766qYAWMcOzPRiST.Iq', 'ADMIN', '2026-01-08 01:02:12', '2026-01-08 01:02:12'),
(81, 'mhs1', '$2b$08$hPCRi5brva0JQVRrg6QV9OWPde31tx7XKeBM2NG0emJbmvI5pRlGy', 'MAHASISWA', '2026-01-08 08:00:17', '2026-01-08 08:00:17'),
(82, 'mhs2', '$2b$08$cCLkxJ2n5mt/XbEwMWQhFeOonc7KYqxqfGGriEseTDTgx3LPj.sLO', 'MAHASISWA', '2026-01-08 08:00:19', '2026-01-08 08:00:19'),
(83, 'mhs3', '$2b$08$CrYZTvAjMpNs9ta/YUGdD.DJryUBV8yHtD7a.XZQmjpAuM.JlimJe', 'MAHASISWA', '2026-01-08 08:00:19', '2026-01-08 08:00:19'),
(84, 'mhs4', '$2b$08$MsYVzor.RY2NQb4YUUcIIuK0ytAVn8Oi3eTtxWKkVpjIS1nsg.Uay', 'MAHASISWA', '2026-01-08 08:00:20', '2026-01-08 08:00:20'),
(85, 'mhs5', '$2b$08$2R6mMNwvTYbzu.i8vc5oOufLkORpSBnLbE.ubOWWj9sw93XuBxbxu', 'MAHASISWA', '2026-01-08 08:00:21', '2026-01-08 08:00:21'),
(86, 'mhs6', '$2b$08$0sTgqH3NIa6CJIZwpq.FXuQRLqqOj7AQQVoyjp6s1m1XPX.bRMdrS', 'MAHASISWA', '2026-01-08 08:00:22', '2026-01-08 08:00:22'),
(87, 'mhs7', '$2b$08$ZixqxzmPYQdqq99Dmb/CeOIZ5I2wmy.Cpu.DtiZcJFyJiQzM4FBiG', 'MAHASISWA', '2026-01-08 08:00:23', '2026-01-08 08:00:23'),
(88, 'mhs8', '$2b$08$zJ9ag0LsEXr8aV6Xdm9W7urkk4M7dgJ5ZsmZaReaymz7lu9F2Z1mi', 'MAHASISWA', '2026-01-08 08:00:24', '2026-01-08 08:00:24'),
(89, 'mhs9', '$2b$08$05zJVytxaqLTbuFxgvo0Vu/FJOH2rGDTFAVj4/C5WqteNzB84GDv.', 'MAHASISWA', '2026-01-08 08:00:25', '2026-01-08 08:00:25'),
(90, 'mhs10', '$2b$08$2VyCA4o63eEpHwD.So7Q1eSyBLtnF0Vla2XT6glFOdfKR.5FjBbEG', 'MAHASISWA', '2026-01-08 08:00:25', '2026-01-08 08:00:25'),
(91, 'mhs11', '$2b$08$NOktmKB.zcMY7JQIuNT93.uUX1Pkbr39Yym5V53shaLE7BhVICmwe', 'MAHASISWA', '2026-01-08 08:00:26', '2026-01-08 08:00:26'),
(92, 'mhs12', '$2b$08$ENd05rhDhPvJTq6eAJK7vOZu4pPKMFwmmUpKzQxZnAQ79ezfvGYpi', 'MAHASISWA', '2026-01-08 08:00:27', '2026-01-08 08:00:27'),
(93, 'mhs13', '$2b$08$pBWTLA38IMC9LtR5wcfb1uEPDT5jur8yVZt1oKtpysdrJnyYOIRx6', 'MAHASISWA', '2026-01-08 08:00:28', '2026-01-08 08:00:28'),
(94, 'mhs14', '$2b$08$oVYy33sQ7fAl0GXMM/R2eOvdmwnOSjDSLAPjBou7nit8xK29uLBcK', 'MAHASISWA', '2026-01-08 08:00:29', '2026-01-08 08:00:29'),
(95, 'mhs15', '$2b$08$wR7dwxZxqjxgDHAeiYkq/uZ50C0Qp5rYtNzp7e/aDrIgTH7BEqA.u', 'MAHASISWA', '2026-01-08 08:00:30', '2026-01-08 08:00:30'),
(96, 'mhs16', '$2b$08$4V9a/uecREiFlQsSg6M3Ce2GTJJCYV2LyD/jl.gBIpqZOij2rnrRy', 'MAHASISWA', '2026-01-08 08:00:30', '2026-01-08 08:00:30'),
(97, 'mhs17', '$2b$08$B6pFmk9RS2.rcyCrA6TpveWu/Zr1TbPGb7BcAI.G.Udmws0diHCN6', 'MAHASISWA', '2026-01-08 08:00:31', '2026-01-08 08:00:31'),
(98, 'mhs18', '$2b$08$kRTaaOtfQTcAgnCYzlDuiuDpwhLz4ho9jfp.19kKPpesD2sPiOh.S', 'MAHASISWA', '2026-01-08 08:00:32', '2026-01-08 08:00:32'),
(99, 'mhs19', '$2b$08$xg20WFD9bwPumhPvb1ojduG8E6fMz9aXc1tsRBBzEuM6N2M0rE8SC', 'MAHASISWA', '2026-01-08 08:00:32', '2026-01-08 08:00:32'),
(100, 'mhs20', '$2b$08$qcF6BWCYh4hOSTviD7VOXuuRahcdavirgjg6w4sRLGL1wJ1Wh0dBq', 'MAHASISWA', '2026-01-08 08:00:34', '2026-01-08 08:00:34'),
(101, 'mhs21', '$2b$08$9wLhgS.NKBzsCmQxD96Nb.bv//beCLLLt10Xbx6kus64GFJG26XiK', 'MAHASISWA', '2026-01-08 08:00:35', '2026-01-08 08:00:35'),
(102, 'mhs22', '$2b$08$PYj7EgDRM44LbCzoqqzFFugMPZb3Osivv5w3peAflYTULJz4vchia', 'MAHASISWA', '2026-01-08 08:00:35', '2026-01-08 08:00:35'),
(103, 'mhs23', '$2b$08$VWGoKGzsiMmp9iVkl1MaEud8ciklKfrpOx/16d2rrw2KwEgFyw/3u', 'MAHASISWA', '2026-01-08 08:00:36', '2026-01-08 08:00:36'),
(104, 'mhs24', '$2b$08$2JSCn9pk6nzCKGbAqYi2AOxLmf18mXgZoMjnPwg2dI9eSW/cl0c5C', 'MAHASISWA', '2026-01-08 08:00:37', '2026-01-08 08:00:37'),
(105, 'mhs25', '$2b$08$H8LFnfgQAqJ1ofBgRCTlpett81NQoliGLEJ2yqTMmOVb1az7KU8Q2', 'MAHASISWA', '2026-01-08 08:00:37', '2026-01-08 08:00:37'),
(106, 'mhs26', '$2b$08$j7fPP6kl0wUdd1UqrE456eiebxzJ4NIxYIQGvdODoIwZDuep/K4wy', 'MAHASISWA', '2026-01-08 08:00:38', '2026-01-08 08:00:38'),
(107, 'mhs27', '$2b$08$wR/9OBZpctGFQdV3fWARd.TWUIsusX9jmAwMEJcM00UiXWK1ig8Gq', 'MAHASISWA', '2026-01-08 08:00:39', '2026-01-08 08:00:39'),
(108, 'mhs28', '$2b$08$LUJgUBZdMkDmozoCDAYCDO39mkzn0dwNboScdqUmq47LMbUDpBnMq', 'MAHASISWA', '2026-01-08 08:00:40', '2026-01-08 08:00:40'),
(109, 'mhs29', '$2b$08$HT2VVX6b2Fq0acsabfUwguinrHeQSXf1rO9jSnR21vCHLrFhutKpq', 'MAHASISWA', '2026-01-08 08:00:40', '2026-01-08 08:00:40'),
(110, 'mhs30', '$2b$08$8IvuDvre50YfzUK1NqkEi.bw5GK/1f6/CkMjbphBU6Xjm0jgHgMmq', 'MAHASISWA', '2026-01-08 08:00:41', '2026-01-08 08:00:41'),
(111, 'mhs31', '$2b$08$qliZghDE2ppZaCT.jVdpT.QWNmRhOA2EyhrzTAw/ipQ4YrGgzQ3Iq', 'MAHASISWA', '2026-01-08 08:00:42', '2026-01-08 08:00:42'),
(112, 'mhs32', '$2b$08$q2wMyeKu45KrRAMR6BxAg.KBK28RVwzJ5MAvH5zvTw.I.U7oHNZZG', 'MAHASISWA', '2026-01-08 08:00:43', '2026-01-08 08:00:43'),
(113, 'mhs33', '$2b$08$DpMFimmsAHGdTWaNXsHD2.raosPOduSvXMGavb8OgyC3W9F1XyuL.', 'MAHASISWA', '2026-01-08 08:00:44', '2026-01-08 08:00:44'),
(114, 'mhs34', '$2b$08$j04V2M62l2.pnoPSI4fUq.Zloxiw8nm0.XNW38Oz0vLBCQjkrIkLy', 'MAHASISWA', '2026-01-08 08:00:44', '2026-01-08 08:00:44'),
(115, 'mhs35', '$2b$08$09.sax5Xm66.VqEbjkQLc.pkcb5AabtJWZDfXoaRsUc2SUOxD/53i', 'MAHASISWA', '2026-01-08 08:00:46', '2026-01-08 08:00:46'),
(116, 'mhs36', '$2b$08$RZmqo8m629/yqVS8RuyxD.mTa9jeesLM7P1fMd8s6y3HkwBrNZi5m', 'MAHASISWA', '2026-01-08 08:00:46', '2026-01-08 08:00:46'),
(117, 'mhs37', '$2b$08$NgxL15FzJJTd5vmP8/fP0.SzjAvosU6qfwWdpaim1/NsB6NdAHnjq', 'MAHASISWA', '2026-01-08 08:00:47', '2026-01-08 08:00:47'),
(118, 'mhs38', '$2b$08$iDR7GDWXsD993eZRxNyV6.RImmTmrcStUmHO/z32QTWVtndi2nOwC', 'MAHASISWA', '2026-01-08 08:00:48', '2026-01-08 08:00:48'),
(119, 'mhs39', '$2b$08$W47Yt1L0atqDE6XV1cXYBOyScC8SStXb.JJt29sq9fzfPcm9A1zFS', 'MAHASISWA', '2026-01-08 08:00:48', '2026-01-08 08:00:48'),
(120, 'mhs40', '$2b$08$laUnhG6cpjaOPlqqUBoIUuX6M42dpaQgUzkW4pUxa4jQvTksyuJKW', 'MAHASISWA', '2026-01-08 08:00:49', '2026-01-08 08:00:49'),
(121, 'mhs41', '$2b$08$tSRhgM6sVrK6T0i6/AtxwOKQ2uA1t3YdOg1ZloeUYIjSEb57KFlKm', 'MAHASISWA', '2026-01-08 08:00:50', '2026-01-08 08:00:50'),
(122, 'mhs42', '$2b$08$C.554KcTQNjECyWg3zR4cu4s1/Ph8h9v/HxZ1xBAsQmtYavFXhoCa', 'MAHASISWA', '2026-01-08 08:00:51', '2026-01-08 08:00:51'),
(123, 'mhs43', '$2b$08$KRqFFn7bf7OwmTfeLsxQvOW/ydJt2Iryee7twgo3oHSno8TRR7W3y', 'MAHASISWA', '2026-01-08 08:00:52', '2026-01-08 08:00:52'),
(124, 'mhs44', '$2b$08$iibSC8CWRbUnBO5sSoMs0eSt9Iqcq89qpvRApn2RrltZm1CCzDZTK', 'MAHASISWA', '2026-01-08 08:00:53', '2026-01-08 08:00:53'),
(125, 'mhs45', '$2b$08$FoFgqIYwMLa.RKec8LS8CufDmzu6p6J2gfwPKda89tQT6J.U8bQhe', 'MAHASISWA', '2026-01-08 08:00:54', '2026-01-08 08:00:54'),
(126, 'mhs46', '$2b$08$fMipZleqx.D9ktOCJqkNSep/LoudrZU759bMfMjVNNfAi9rSxUL5y', 'MAHASISWA', '2026-01-08 08:00:54', '2026-01-08 08:00:54'),
(127, 'mhs47', '$2b$08$n56Ame7Z6JzBlfwU5pY2tO.UxoK/x7fBOzgOsy1R8fTkct5S5tADC', 'MAHASISWA', '2026-01-08 08:00:55', '2026-01-08 08:00:55'),
(128, 'mhs48', '$2b$08$3IJhGG.J7bWvnJT8RJBU.uUM6Jk7edW60VcYWXjUc4kUuI0wbRyHO', 'MAHASISWA', '2026-01-08 08:00:56', '2026-01-08 08:00:56'),
(129, 'mhs49', '$2b$08$NR/lNGzcb6dPdbypV7DjpuJrjatdhAKPmqR30eY4W7BSpo8vUVNsW', 'MAHASISWA', '2026-01-08 08:00:57', '2026-01-08 08:00:57'),
(130, 'mhs50', '$2b$08$oBsxScY7a.J73.lZbp/We.oYBhL1D1bzfXX6/fu5oPzLfEqgmV/7W', 'MAHASISWA', '2026-01-08 08:00:58', '2026-01-08 08:00:58'),
(131, 'mhs51', '$2b$08$SG.VjJDE0o/qbRWJYF8eqOjanM9dowePtPomjM6AybBNNhhyMUjn.', 'MAHASISWA', '2026-01-08 08:00:59', '2026-01-08 08:00:59'),
(132, 'mhs52', '$2b$08$M51EJqk8AmuC0rU5mcSVwecIZdG1IzOMPkgZbeiAYk.ck/8QKu8vS', 'MAHASISWA', '2026-01-08 08:00:59', '2026-01-08 08:00:59'),
(133, 'mhs53', '$2b$08$sF06XY.cRvaxmZ3HlHhtbOEwsqDV2U3u/bnhMEnLNVBSG2/Sl4iue', 'MAHASISWA', '2026-01-08 08:01:00', '2026-01-08 08:01:00'),
(134, 'mubarok', '$2b$08$3HOpjHbVcGSNfg6wWqAOnOjPVLPjtQHaCyq9QuNiomecv1ZgQqbV6', 'MAHASISWA', '2026-01-08 09:28:22', '2026-01-08 09:28:22');

--
-- Indexes for dumped tables
--

--
-- Indeks untuk tabel `check_schemas`
--
ALTER TABLE `check_schemas`
  ADD PRIMARY KEY (`id`);

--
-- Indeks untuk tabel `dosens`
--
ALTER TABLE `dosens`
  ADD PRIMARY KEY (`id`),
  ADD UNIQUE KEY `nidn` (`nidn`),
  ADD UNIQUE KEY `nidn_2` (`nidn`),
  ADD UNIQUE KEY `nidn_3` (`nidn`),
  ADD UNIQUE KEY `nidn_4` (`nidn`),
  ADD UNIQUE KEY `nidn_5` (`nidn`),
  ADD UNIQUE KEY `nidn_6` (`nidn`),
  ADD UNIQUE KEY `nidn_7` (`nidn`),
  ADD UNIQUE KEY `nidn_8` (`nidn`),
  ADD UNIQUE KEY `nidn_9` (`nidn`),
  ADD UNIQUE KEY `nidn_10` (`nidn`),
  ADD UNIQUE KEY `nidn_11` (`nidn`),
  ADD UNIQUE KEY `nidn_12` (`nidn`),
  ADD UNIQUE KEY `nidn_13` (`nidn`),
  ADD UNIQUE KEY `nidn_14` (`nidn`),
  ADD UNIQUE KEY `nidn_15` (`nidn`),
  ADD UNIQUE KEY `nidn_16` (`nidn`),
  ADD UNIQUE KEY `nidn_17` (`nidn`),
  ADD UNIQUE KEY `nidn_18` (`nidn`),
  ADD UNIQUE KEY `nidn_19` (`nidn`),
  ADD UNIQUE KEY `nidn_20` (`nidn`),
  ADD UNIQUE KEY `nidn_21` (`nidn`),
  ADD UNIQUE KEY `nidn_22` (`nidn`),
  ADD UNIQUE KEY `nidn_23` (`nidn`),
  ADD UNIQUE KEY `nidn_24` (`nidn`),
  ADD UNIQUE KEY `nidn_25` (`nidn`),
  ADD UNIQUE KEY `nidn_26` (`nidn`),
  ADD UNIQUE KEY `nidn_27` (`nidn`),
  ADD UNIQUE KEY `nidn_28` (`nidn`),
  ADD UNIQUE KEY `nidn_29` (`nidn`),
  ADD UNIQUE KEY `nidn_30` (`nidn`),
  ADD UNIQUE KEY `nidn_31` (`nidn`),
  ADD UNIQUE KEY `nidn_32` (`nidn`),
  ADD UNIQUE KEY `nidn_33` (`nidn`),
  ADD UNIQUE KEY `nidn_34` (`nidn`),
  ADD UNIQUE KEY `nidn_35` (`nidn`),
  ADD UNIQUE KEY `nidn_36` (`nidn`),
  ADD UNIQUE KEY `nidn_37` (`nidn`),
  ADD UNIQUE KEY `nidn_38` (`nidn`),
  ADD UNIQUE KEY `nidn_39` (`nidn`),
  ADD UNIQUE KEY `nidn_40` (`nidn`),
  ADD UNIQUE KEY `nidn_41` (`nidn`),
  ADD UNIQUE KEY `nidn_42` (`nidn`),
  ADD UNIQUE KEY `nidn_43` (`nidn`),
  ADD UNIQUE KEY `nidn_44` (`nidn`),
  ADD UNIQUE KEY `nidn_45` (`nidn`),
  ADD UNIQUE KEY `nidn_46` (`nidn`),
  ADD UNIQUE KEY `nidn_47` (`nidn`),
  ADD UNIQUE KEY `nidn_48` (`nidn`),
  ADD UNIQUE KEY `nidn_49` (`nidn`),
  ADD UNIQUE KEY `nidn_50` (`nidn`),
  ADD UNIQUE KEY `nidn_51` (`nidn`),
  ADD UNIQUE KEY `nidn_52` (`nidn`),
  ADD UNIQUE KEY `nidn_53` (`nidn`),
  ADD UNIQUE KEY `nidn_54` (`nidn`),
  ADD UNIQUE KEY `nidn_55` (`nidn`),
  ADD UNIQUE KEY `nidn_56` (`nidn`),
  ADD UNIQUE KEY `nidn_57` (`nidn`),
  ADD UNIQUE KEY `nidn_58` (`nidn`),
  ADD KEY `userId` (`userId`);

--
-- Indeks untuk tabel `instansis`
--
ALTER TABLE `instansis`
  ADD PRIMARY KEY (`id`),
  ADD KEY `userId` (`userId`);

--
-- Indeks untuk tabel `komponennilais`
--
ALTER TABLE `komponennilais`
  ADD PRIMARY KEY (`id`),
  ADD KEY `pendaftaranId` (`pendaftaranId`),
  ADD KEY `kriteriaNilaiId` (`kriteriaNilaiId`);

--
-- Indeks untuk tabel `kriterianilais`
--
ALTER TABLE `kriterianilais`
  ADD PRIMARY KEY (`id`);

--
-- Indeks untuk tabel `laporanakhirs`
--
ALTER TABLE `laporanakhirs`
  ADD PRIMARY KEY (`id`),
  ADD KEY `pendaftaranId` (`pendaftaranId`);

--
-- Indeks untuk tabel `laporanharians`
--
ALTER TABLE `laporanharians`
  ADD PRIMARY KEY (`id`),
  ADD KEY `pendaftaranId` (`pendaftaranId`);

--
-- Indeks untuk tabel `laporanmingguans`
--
ALTER TABLE `laporanmingguans`
  ADD PRIMARY KEY (`id`),
  ADD KEY `pendaftaranId` (`pendaftaranId`);

--
-- Indeks untuk tabel `laporantengahs`
--
ALTER TABLE `laporantengahs`
  ADD PRIMARY KEY (`id`),
  ADD KEY `pendaftaranId` (`pendaftaranId`);

--
-- Indeks untuk tabel `mahasiswas`
--
ALTER TABLE `mahasiswas`
  ADD PRIMARY KEY (`id`),
  ADD UNIQUE KEY `nim` (`nim`),
  ADD UNIQUE KEY `nim_2` (`nim`),
  ADD UNIQUE KEY `nim_3` (`nim`),
  ADD UNIQUE KEY `nim_4` (`nim`),
  ADD UNIQUE KEY `nim_5` (`nim`),
  ADD UNIQUE KEY `nim_6` (`nim`),
  ADD UNIQUE KEY `nim_7` (`nim`),
  ADD UNIQUE KEY `nim_8` (`nim`),
  ADD UNIQUE KEY `nim_9` (`nim`),
  ADD UNIQUE KEY `nim_10` (`nim`),
  ADD UNIQUE KEY `nim_11` (`nim`),
  ADD UNIQUE KEY `nim_12` (`nim`),
  ADD UNIQUE KEY `nim_13` (`nim`),
  ADD UNIQUE KEY `nim_14` (`nim`),
  ADD UNIQUE KEY `nim_15` (`nim`),
  ADD UNIQUE KEY `nim_16` (`nim`),
  ADD UNIQUE KEY `nim_17` (`nim`),
  ADD UNIQUE KEY `nim_18` (`nim`),
  ADD UNIQUE KEY `nim_19` (`nim`),
  ADD UNIQUE KEY `nim_20` (`nim`),
  ADD UNIQUE KEY `nim_21` (`nim`),
  ADD UNIQUE KEY `nim_22` (`nim`),
  ADD UNIQUE KEY `nim_23` (`nim`),
  ADD UNIQUE KEY `nim_24` (`nim`),
  ADD UNIQUE KEY `nim_25` (`nim`),
  ADD UNIQUE KEY `nim_26` (`nim`),
  ADD UNIQUE KEY `nim_27` (`nim`),
  ADD UNIQUE KEY `nim_28` (`nim`),
  ADD UNIQUE KEY `nim_29` (`nim`),
  ADD UNIQUE KEY `nim_30` (`nim`),
  ADD UNIQUE KEY `nim_31` (`nim`),
  ADD UNIQUE KEY `nim_32` (`nim`),
  ADD UNIQUE KEY `nim_33` (`nim`),
  ADD UNIQUE KEY `nim_34` (`nim`),
  ADD UNIQUE KEY `nim_35` (`nim`),
  ADD UNIQUE KEY `nim_36` (`nim`),
  ADD UNIQUE KEY `nim_37` (`nim`),
  ADD UNIQUE KEY `nim_38` (`nim`),
  ADD UNIQUE KEY `nim_39` (`nim`),
  ADD UNIQUE KEY `nim_40` (`nim`),
  ADD UNIQUE KEY `nim_41` (`nim`),
  ADD UNIQUE KEY `nim_42` (`nim`),
  ADD UNIQUE KEY `nim_43` (`nim`),
  ADD UNIQUE KEY `nim_44` (`nim`),
  ADD UNIQUE KEY `nim_45` (`nim`),
  ADD UNIQUE KEY `nim_46` (`nim`),
  ADD UNIQUE KEY `nim_47` (`nim`),
  ADD UNIQUE KEY `nim_48` (`nim`),
  ADD UNIQUE KEY `nim_49` (`nim`),
  ADD UNIQUE KEY `nim_50` (`nim`),
  ADD UNIQUE KEY `nim_51` (`nim`),
  ADD UNIQUE KEY `nim_52` (`nim`),
  ADD UNIQUE KEY `nim_53` (`nim`),
  ADD UNIQUE KEY `nim_54` (`nim`),
  ADD UNIQUE KEY `nim_55` (`nim`),
  ADD KEY `userId` (`userId`),
  ADD KEY `prodiId` (`prodiId`);

--
-- Indeks untuk tabel `pendaftarans`
--
ALTER TABLE `pendaftarans`
  ADD PRIMARY KEY (`id`),
  ADD KEY `mahasiswaId` (`mahasiswaId`),
  ADD KEY `instansiId` (`instansiId`),
  ADD KEY `dosenPembimbingId` (`dosenPembimbingId`),
  ADD KEY `periodeId` (`periodeId`);

--
-- Indeks untuk tabel `periodes`
--
ALTER TABLE `periodes`
  ADD PRIMARY KEY (`id`);

--
-- Indeks untuk tabel `prodis`
--
ALTER TABLE `prodis`
  ADD PRIMARY KEY (`id`);

--
-- Indeks untuk tabel `sequelizemeta`
--
ALTER TABLE `sequelizemeta`
  ADD PRIMARY KEY (`name`),
  ADD UNIQUE KEY `name` (`name`);

--
-- Indeks untuk tabel `sidangs`
--
ALTER TABLE `sidangs`
  ADD PRIMARY KEY (`id`),
  ADD KEY `pendaftaranId` (`pendaftaranId`),
  ADD KEY `dosenPengujiId` (`dosenPengujiId`);

--
-- Indeks untuk tabel `users`
--
ALTER TABLE `users`
  ADD PRIMARY KEY (`id`),
  ADD UNIQUE KEY `username` (`username`),
  ADD UNIQUE KEY `username_2` (`username`),
  ADD UNIQUE KEY `username_3` (`username`),
  ADD UNIQUE KEY `username_4` (`username`),
  ADD UNIQUE KEY `username_5` (`username`),
  ADD UNIQUE KEY `username_6` (`username`),
  ADD UNIQUE KEY `username_7` (`username`),
  ADD UNIQUE KEY `username_8` (`username`),
  ADD UNIQUE KEY `username_9` (`username`),
  ADD UNIQUE KEY `username_10` (`username`),
  ADD UNIQUE KEY `username_11` (`username`),
  ADD UNIQUE KEY `username_12` (`username`),
  ADD UNIQUE KEY `username_13` (`username`),
  ADD UNIQUE KEY `username_14` (`username`),
  ADD UNIQUE KEY `username_15` (`username`),
  ADD UNIQUE KEY `username_16` (`username`),
  ADD UNIQUE KEY `username_17` (`username`),
  ADD UNIQUE KEY `username_18` (`username`),
  ADD UNIQUE KEY `username_19` (`username`),
  ADD UNIQUE KEY `username_20` (`username`),
  ADD UNIQUE KEY `username_21` (`username`),
  ADD UNIQUE KEY `username_22` (`username`),
  ADD UNIQUE KEY `username_23` (`username`),
  ADD UNIQUE KEY `username_24` (`username`),
  ADD UNIQUE KEY `username_25` (`username`),
  ADD UNIQUE KEY `username_26` (`username`),
  ADD UNIQUE KEY `username_27` (`username`),
  ADD UNIQUE KEY `username_28` (`username`),
  ADD UNIQUE KEY `username_29` (`username`),
  ADD UNIQUE KEY `username_30` (`username`),
  ADD UNIQUE KEY `username_31` (`username`),
  ADD UNIQUE KEY `username_32` (`username`),
  ADD UNIQUE KEY `username_33` (`username`),
  ADD UNIQUE KEY `username_34` (`username`),
  ADD UNIQUE KEY `username_35` (`username`),
  ADD UNIQUE KEY `username_36` (`username`),
  ADD UNIQUE KEY `username_37` (`username`),
  ADD UNIQUE KEY `username_38` (`username`),
  ADD UNIQUE KEY `username_39` (`username`),
  ADD UNIQUE KEY `username_40` (`username`),
  ADD UNIQUE KEY `username_41` (`username`),
  ADD UNIQUE KEY `username_42` (`username`),
  ADD UNIQUE KEY `username_43` (`username`),
  ADD UNIQUE KEY `username_44` (`username`),
  ADD UNIQUE KEY `username_45` (`username`),
  ADD UNIQUE KEY `username_46` (`username`),
  ADD UNIQUE KEY `username_47` (`username`),
  ADD UNIQUE KEY `username_48` (`username`),
  ADD UNIQUE KEY `username_49` (`username`),
  ADD UNIQUE KEY `username_50` (`username`),
  ADD UNIQUE KEY `username_51` (`username`),
  ADD UNIQUE KEY `username_52` (`username`),
  ADD UNIQUE KEY `username_53` (`username`),
  ADD UNIQUE KEY `username_54` (`username`),
  ADD UNIQUE KEY `username_55` (`username`),
  ADD UNIQUE KEY `username_56` (`username`),
  ADD UNIQUE KEY `username_57` (`username`),
  ADD UNIQUE KEY `username_58` (`username`),
  ADD UNIQUE KEY `username_59` (`username`),
  ADD UNIQUE KEY `username_60` (`username`);

--
-- AUTO_INCREMENT untuk tabel yang dibuang
--

--
-- AUTO_INCREMENT untuk tabel `check_schemas`
--
ALTER TABLE `check_schemas`
  MODIFY `id` int(11) NOT NULL AUTO_INCREMENT;

--
-- AUTO_INCREMENT untuk tabel `dosens`
--
ALTER TABLE `dosens`
  MODIFY `id` int(11) NOT NULL AUTO_INCREMENT, AUTO_INCREMENT=28;

--
-- AUTO_INCREMENT untuk tabel `instansis`
--
ALTER TABLE `instansis`
  MODIFY `id` int(11) NOT NULL AUTO_INCREMENT, AUTO_INCREMENT=50;

--
-- AUTO_INCREMENT untuk tabel `komponennilais`
--
ALTER TABLE `komponennilais`
  MODIFY `id` int(11) NOT NULL AUTO_INCREMENT, AUTO_INCREMENT=879;

--
-- AUTO_INCREMENT untuk tabel `kriterianilais`
--
ALTER TABLE `kriterianilais`
  MODIFY `id` int(11) NOT NULL AUTO_INCREMENT, AUTO_INCREMENT=62;

--
-- AUTO_INCREMENT untuk tabel `laporanakhirs`
--
ALTER TABLE `laporanakhirs`
  MODIFY `id` int(11) NOT NULL AUTO_INCREMENT, AUTO_INCREMENT=81;

--
-- AUTO_INCREMENT untuk tabel `laporanharians`
--
ALTER TABLE `laporanharians`
  MODIFY `id` int(11) NOT NULL AUTO_INCREMENT, AUTO_INCREMENT=4;

--
-- AUTO_INCREMENT untuk tabel `laporanmingguans`
--
ALTER TABLE `laporanmingguans`
  MODIFY `id` int(11) NOT NULL AUTO_INCREMENT;

--
-- AUTO_INCREMENT untuk tabel `laporantengahs`
--
ALTER TABLE `laporantengahs`
  MODIFY `id` int(11) NOT NULL AUTO_INCREMENT, AUTO_INCREMENT=3;

--
-- AUTO_INCREMENT untuk tabel `mahasiswas`
--
ALTER TABLE `mahasiswas`
  MODIFY `id` int(11) NOT NULL AUTO_INCREMENT, AUTO_INCREMENT=86;

--
-- AUTO_INCREMENT untuk tabel `pendaftarans`
--
ALTER TABLE `pendaftarans`
  MODIFY `id` int(11) NOT NULL AUTO_INCREMENT, AUTO_INCREMENT=81;

--
-- AUTO_INCREMENT untuk tabel `periodes`
--
ALTER TABLE `periodes`
  MODIFY `id` int(11) NOT NULL AUTO_INCREMENT, AUTO_INCREMENT=11;

--
-- AUTO_INCREMENT untuk tabel `prodis`
--
ALTER TABLE `prodis`
  MODIFY `id` int(11) NOT NULL AUTO_INCREMENT, AUTO_INCREMENT=3;

--
-- AUTO_INCREMENT untuk tabel `sidangs`
--
ALTER TABLE `sidangs`
  MODIFY `id` int(11) NOT NULL AUTO_INCREMENT, AUTO_INCREMENT=78;

--
-- AUTO_INCREMENT untuk tabel `users`
--
ALTER TABLE `users`
  MODIFY `id` int(11) NOT NULL AUTO_INCREMENT, AUTO_INCREMENT=135;

--
-- Ketidakleluasaan untuk tabel pelimpahan (Dumped Tables)
--

--
-- Ketidakleluasaan untuk tabel `dosens`
--
ALTER TABLE `dosens`
  ADD CONSTRAINT `dosens_ibfk_1` FOREIGN KEY (`userId`) REFERENCES `users` (`id`) ON DELETE NO ACTION ON UPDATE CASCADE,
  ADD CONSTRAINT `dosens_ibfk_10` FOREIGN KEY (`userId`) REFERENCES `users` (`id`) ON DELETE NO ACTION ON UPDATE CASCADE,
  ADD CONSTRAINT `dosens_ibfk_11` FOREIGN KEY (`userId`) REFERENCES `users` (`id`) ON DELETE NO ACTION ON UPDATE CASCADE,
  ADD CONSTRAINT `dosens_ibfk_12` FOREIGN KEY (`userId`) REFERENCES `users` (`id`) ON DELETE NO ACTION ON UPDATE CASCADE,
  ADD CONSTRAINT `dosens_ibfk_13` FOREIGN KEY (`userId`) REFERENCES `users` (`id`) ON DELETE NO ACTION ON UPDATE CASCADE,
  ADD CONSTRAINT `dosens_ibfk_14` FOREIGN KEY (`userId`) REFERENCES `users` (`id`) ON DELETE NO ACTION ON UPDATE CASCADE,
  ADD CONSTRAINT `dosens_ibfk_15` FOREIGN KEY (`userId`) REFERENCES `users` (`id`) ON DELETE NO ACTION ON UPDATE CASCADE,
  ADD CONSTRAINT `dosens_ibfk_16` FOREIGN KEY (`userId`) REFERENCES `users` (`id`) ON DELETE NO ACTION ON UPDATE CASCADE,
  ADD CONSTRAINT `dosens_ibfk_17` FOREIGN KEY (`userId`) REFERENCES `users` (`id`) ON DELETE NO ACTION ON UPDATE CASCADE,
  ADD CONSTRAINT `dosens_ibfk_18` FOREIGN KEY (`userId`) REFERENCES `users` (`id`) ON DELETE NO ACTION ON UPDATE CASCADE,
  ADD CONSTRAINT `dosens_ibfk_19` FOREIGN KEY (`userId`) REFERENCES `users` (`id`) ON DELETE NO ACTION ON UPDATE CASCADE,
  ADD CONSTRAINT `dosens_ibfk_2` FOREIGN KEY (`userId`) REFERENCES `users` (`id`) ON DELETE NO ACTION ON UPDATE CASCADE,
  ADD CONSTRAINT `dosens_ibfk_20` FOREIGN KEY (`userId`) REFERENCES `users` (`id`) ON DELETE NO ACTION ON UPDATE CASCADE,
  ADD CONSTRAINT `dosens_ibfk_21` FOREIGN KEY (`userId`) REFERENCES `users` (`id`) ON DELETE NO ACTION ON UPDATE CASCADE,
  ADD CONSTRAINT `dosens_ibfk_22` FOREIGN KEY (`userId`) REFERENCES `users` (`id`) ON DELETE NO ACTION ON UPDATE CASCADE,
  ADD CONSTRAINT `dosens_ibfk_23` FOREIGN KEY (`userId`) REFERENCES `users` (`id`) ON DELETE NO ACTION ON UPDATE CASCADE,
  ADD CONSTRAINT `dosens_ibfk_24` FOREIGN KEY (`userId`) REFERENCES `users` (`id`) ON DELETE NO ACTION ON UPDATE CASCADE,
  ADD CONSTRAINT `dosens_ibfk_25` FOREIGN KEY (`userId`) REFERENCES `users` (`id`) ON DELETE NO ACTION ON UPDATE CASCADE,
  ADD CONSTRAINT `dosens_ibfk_26` FOREIGN KEY (`userId`) REFERENCES `users` (`id`) ON DELETE NO ACTION ON UPDATE CASCADE,
  ADD CONSTRAINT `dosens_ibfk_27` FOREIGN KEY (`userId`) REFERENCES `users` (`id`) ON DELETE NO ACTION ON UPDATE CASCADE,
  ADD CONSTRAINT `dosens_ibfk_28` FOREIGN KEY (`userId`) REFERENCES `users` (`id`) ON DELETE NO ACTION ON UPDATE CASCADE,
  ADD CONSTRAINT `dosens_ibfk_29` FOREIGN KEY (`userId`) REFERENCES `users` (`id`) ON DELETE NO ACTION ON UPDATE CASCADE,
  ADD CONSTRAINT `dosens_ibfk_3` FOREIGN KEY (`userId`) REFERENCES `users` (`id`) ON DELETE NO ACTION ON UPDATE CASCADE,
  ADD CONSTRAINT `dosens_ibfk_30` FOREIGN KEY (`userId`) REFERENCES `users` (`id`) ON DELETE NO ACTION ON UPDATE CASCADE,
  ADD CONSTRAINT `dosens_ibfk_31` FOREIGN KEY (`userId`) REFERENCES `users` (`id`) ON DELETE NO ACTION ON UPDATE CASCADE,
  ADD CONSTRAINT `dosens_ibfk_32` FOREIGN KEY (`userId`) REFERENCES `users` (`id`) ON DELETE NO ACTION ON UPDATE CASCADE,
  ADD CONSTRAINT `dosens_ibfk_33` FOREIGN KEY (`userId`) REFERENCES `users` (`id`) ON DELETE NO ACTION ON UPDATE CASCADE,
  ADD CONSTRAINT `dosens_ibfk_34` FOREIGN KEY (`userId`) REFERENCES `users` (`id`) ON DELETE NO ACTION ON UPDATE CASCADE,
  ADD CONSTRAINT `dosens_ibfk_35` FOREIGN KEY (`userId`) REFERENCES `users` (`id`) ON DELETE NO ACTION ON UPDATE CASCADE,
  ADD CONSTRAINT `dosens_ibfk_36` FOREIGN KEY (`userId`) REFERENCES `users` (`id`) ON DELETE NO ACTION ON UPDATE CASCADE,
  ADD CONSTRAINT `dosens_ibfk_37` FOREIGN KEY (`userId`) REFERENCES `users` (`id`) ON DELETE NO ACTION ON UPDATE CASCADE,
  ADD CONSTRAINT `dosens_ibfk_38` FOREIGN KEY (`userId`) REFERENCES `users` (`id`) ON DELETE NO ACTION ON UPDATE CASCADE,
  ADD CONSTRAINT `dosens_ibfk_39` FOREIGN KEY (`userId`) REFERENCES `users` (`id`) ON DELETE NO ACTION ON UPDATE CASCADE,
  ADD CONSTRAINT `dosens_ibfk_4` FOREIGN KEY (`userId`) REFERENCES `users` (`id`) ON DELETE NO ACTION ON UPDATE CASCADE,
  ADD CONSTRAINT `dosens_ibfk_40` FOREIGN KEY (`userId`) REFERENCES `users` (`id`) ON DELETE NO ACTION ON UPDATE CASCADE,
  ADD CONSTRAINT `dosens_ibfk_41` FOREIGN KEY (`userId`) REFERENCES `users` (`id`) ON DELETE NO ACTION ON UPDATE CASCADE,
  ADD CONSTRAINT `dosens_ibfk_42` FOREIGN KEY (`userId`) REFERENCES `users` (`id`) ON DELETE NO ACTION ON UPDATE CASCADE,
  ADD CONSTRAINT `dosens_ibfk_43` FOREIGN KEY (`userId`) REFERENCES `users` (`id`) ON DELETE NO ACTION ON UPDATE CASCADE,
  ADD CONSTRAINT `dosens_ibfk_44` FOREIGN KEY (`userId`) REFERENCES `users` (`id`) ON DELETE NO ACTION ON UPDATE CASCADE,
  ADD CONSTRAINT `dosens_ibfk_45` FOREIGN KEY (`userId`) REFERENCES `users` (`id`) ON DELETE NO ACTION ON UPDATE CASCADE,
  ADD CONSTRAINT `dosens_ibfk_46` FOREIGN KEY (`userId`) REFERENCES `users` (`id`) ON DELETE NO ACTION ON UPDATE CASCADE,
  ADD CONSTRAINT `dosens_ibfk_47` FOREIGN KEY (`userId`) REFERENCES `users` (`id`) ON DELETE NO ACTION ON UPDATE CASCADE,
  ADD CONSTRAINT `dosens_ibfk_48` FOREIGN KEY (`userId`) REFERENCES `users` (`id`) ON DELETE NO ACTION ON UPDATE CASCADE,
  ADD CONSTRAINT `dosens_ibfk_49` FOREIGN KEY (`userId`) REFERENCES `users` (`id`) ON DELETE NO ACTION ON UPDATE CASCADE,
  ADD CONSTRAINT `dosens_ibfk_5` FOREIGN KEY (`userId`) REFERENCES `users` (`id`) ON DELETE NO ACTION ON UPDATE CASCADE,
  ADD CONSTRAINT `dosens_ibfk_50` FOREIGN KEY (`userId`) REFERENCES `users` (`id`) ON DELETE NO ACTION ON UPDATE CASCADE,
  ADD CONSTRAINT `dosens_ibfk_51` FOREIGN KEY (`userId`) REFERENCES `users` (`id`) ON DELETE NO ACTION ON UPDATE CASCADE,
  ADD CONSTRAINT `dosens_ibfk_52` FOREIGN KEY (`userId`) REFERENCES `users` (`id`) ON DELETE NO ACTION ON UPDATE CASCADE,
  ADD CONSTRAINT `dosens_ibfk_53` FOREIGN KEY (`userId`) REFERENCES `users` (`id`) ON DELETE NO ACTION ON UPDATE CASCADE,
  ADD CONSTRAINT `dosens_ibfk_54` FOREIGN KEY (`userId`) REFERENCES `users` (`id`) ON DELETE NO ACTION ON UPDATE CASCADE,
  ADD CONSTRAINT `dosens_ibfk_55` FOREIGN KEY (`userId`) REFERENCES `users` (`id`) ON DELETE NO ACTION ON UPDATE CASCADE,
  ADD CONSTRAINT `dosens_ibfk_56` FOREIGN KEY (`userId`) REFERENCES `users` (`id`) ON DELETE NO ACTION ON UPDATE CASCADE,
  ADD CONSTRAINT `dosens_ibfk_57` FOREIGN KEY (`userId`) REFERENCES `users` (`id`) ON DELETE NO ACTION ON UPDATE CASCADE,
  ADD CONSTRAINT `dosens_ibfk_58` FOREIGN KEY (`userId`) REFERENCES `users` (`id`) ON DELETE NO ACTION ON UPDATE CASCADE,
  ADD CONSTRAINT `dosens_ibfk_6` FOREIGN KEY (`userId`) REFERENCES `users` (`id`) ON DELETE NO ACTION ON UPDATE CASCADE,
  ADD CONSTRAINT `dosens_ibfk_7` FOREIGN KEY (`userId`) REFERENCES `users` (`id`) ON DELETE NO ACTION ON UPDATE CASCADE,
  ADD CONSTRAINT `dosens_ibfk_8` FOREIGN KEY (`userId`) REFERENCES `users` (`id`) ON DELETE NO ACTION ON UPDATE CASCADE,
  ADD CONSTRAINT `dosens_ibfk_9` FOREIGN KEY (`userId`) REFERENCES `users` (`id`) ON DELETE NO ACTION ON UPDATE CASCADE;

--
-- Ketidakleluasaan untuk tabel `instansis`
--
ALTER TABLE `instansis`
  ADD CONSTRAINT `instansis_ibfk_1` FOREIGN KEY (`userId`) REFERENCES `users` (`id`) ON DELETE SET NULL ON UPDATE CASCADE,
  ADD CONSTRAINT `instansis_ibfk_10` FOREIGN KEY (`userId`) REFERENCES `users` (`id`) ON DELETE SET NULL ON UPDATE CASCADE,
  ADD CONSTRAINT `instansis_ibfk_11` FOREIGN KEY (`userId`) REFERENCES `users` (`id`) ON DELETE SET NULL ON UPDATE CASCADE,
  ADD CONSTRAINT `instansis_ibfk_12` FOREIGN KEY (`userId`) REFERENCES `users` (`id`) ON DELETE SET NULL ON UPDATE CASCADE,
  ADD CONSTRAINT `instansis_ibfk_13` FOREIGN KEY (`userId`) REFERENCES `users` (`id`) ON DELETE SET NULL ON UPDATE CASCADE,
  ADD CONSTRAINT `instansis_ibfk_14` FOREIGN KEY (`userId`) REFERENCES `users` (`id`) ON DELETE SET NULL ON UPDATE CASCADE,
  ADD CONSTRAINT `instansis_ibfk_15` FOREIGN KEY (`userId`) REFERENCES `users` (`id`) ON DELETE SET NULL ON UPDATE CASCADE,
  ADD CONSTRAINT `instansis_ibfk_16` FOREIGN KEY (`userId`) REFERENCES `users` (`id`) ON DELETE SET NULL ON UPDATE CASCADE,
  ADD CONSTRAINT `instansis_ibfk_17` FOREIGN KEY (`userId`) REFERENCES `users` (`id`) ON DELETE SET NULL ON UPDATE CASCADE,
  ADD CONSTRAINT `instansis_ibfk_18` FOREIGN KEY (`userId`) REFERENCES `users` (`id`) ON DELETE SET NULL ON UPDATE CASCADE,
  ADD CONSTRAINT `instansis_ibfk_19` FOREIGN KEY (`userId`) REFERENCES `users` (`id`) ON DELETE SET NULL ON UPDATE CASCADE,
  ADD CONSTRAINT `instansis_ibfk_2` FOREIGN KEY (`userId`) REFERENCES `users` (`id`) ON DELETE SET NULL ON UPDATE CASCADE,
  ADD CONSTRAINT `instansis_ibfk_20` FOREIGN KEY (`userId`) REFERENCES `users` (`id`) ON DELETE SET NULL ON UPDATE CASCADE,
  ADD CONSTRAINT `instansis_ibfk_21` FOREIGN KEY (`userId`) REFERENCES `users` (`id`) ON DELETE SET NULL ON UPDATE CASCADE,
  ADD CONSTRAINT `instansis_ibfk_22` FOREIGN KEY (`userId`) REFERENCES `users` (`id`) ON DELETE SET NULL ON UPDATE CASCADE,
  ADD CONSTRAINT `instansis_ibfk_23` FOREIGN KEY (`userId`) REFERENCES `users` (`id`) ON DELETE SET NULL ON UPDATE CASCADE,
  ADD CONSTRAINT `instansis_ibfk_24` FOREIGN KEY (`userId`) REFERENCES `users` (`id`) ON DELETE SET NULL ON UPDATE CASCADE,
  ADD CONSTRAINT `instansis_ibfk_25` FOREIGN KEY (`userId`) REFERENCES `users` (`id`) ON DELETE SET NULL ON UPDATE CASCADE,
  ADD CONSTRAINT `instansis_ibfk_26` FOREIGN KEY (`userId`) REFERENCES `users` (`id`) ON DELETE SET NULL ON UPDATE CASCADE,
  ADD CONSTRAINT `instansis_ibfk_27` FOREIGN KEY (`userId`) REFERENCES `users` (`id`) ON DELETE SET NULL ON UPDATE CASCADE,
  ADD CONSTRAINT `instansis_ibfk_28` FOREIGN KEY (`userId`) REFERENCES `users` (`id`) ON DELETE SET NULL ON UPDATE CASCADE,
  ADD CONSTRAINT `instansis_ibfk_29` FOREIGN KEY (`userId`) REFERENCES `users` (`id`) ON DELETE SET NULL ON UPDATE CASCADE,
  ADD CONSTRAINT `instansis_ibfk_3` FOREIGN KEY (`userId`) REFERENCES `users` (`id`) ON DELETE SET NULL ON UPDATE CASCADE,
  ADD CONSTRAINT `instansis_ibfk_30` FOREIGN KEY (`userId`) REFERENCES `users` (`id`) ON DELETE SET NULL ON UPDATE CASCADE,
  ADD CONSTRAINT `instansis_ibfk_31` FOREIGN KEY (`userId`) REFERENCES `users` (`id`) ON DELETE SET NULL ON UPDATE CASCADE,
  ADD CONSTRAINT `instansis_ibfk_32` FOREIGN KEY (`userId`) REFERENCES `users` (`id`) ON DELETE SET NULL ON UPDATE CASCADE,
  ADD CONSTRAINT `instansis_ibfk_33` FOREIGN KEY (`userId`) REFERENCES `users` (`id`) ON DELETE SET NULL ON UPDATE CASCADE,
  ADD CONSTRAINT `instansis_ibfk_34` FOREIGN KEY (`userId`) REFERENCES `users` (`id`) ON DELETE SET NULL ON UPDATE CASCADE,
  ADD CONSTRAINT `instansis_ibfk_35` FOREIGN KEY (`userId`) REFERENCES `users` (`id`) ON DELETE SET NULL ON UPDATE CASCADE,
  ADD CONSTRAINT `instansis_ibfk_36` FOREIGN KEY (`userId`) REFERENCES `users` (`id`) ON DELETE SET NULL ON UPDATE CASCADE,
  ADD CONSTRAINT `instansis_ibfk_37` FOREIGN KEY (`userId`) REFERENCES `users` (`id`) ON DELETE SET NULL ON UPDATE CASCADE,
  ADD CONSTRAINT `instansis_ibfk_38` FOREIGN KEY (`userId`) REFERENCES `users` (`id`) ON DELETE SET NULL ON UPDATE CASCADE,
  ADD CONSTRAINT `instansis_ibfk_39` FOREIGN KEY (`userId`) REFERENCES `users` (`id`) ON DELETE SET NULL ON UPDATE CASCADE,
  ADD CONSTRAINT `instansis_ibfk_4` FOREIGN KEY (`userId`) REFERENCES `users` (`id`) ON DELETE SET NULL ON UPDATE CASCADE,
  ADD CONSTRAINT `instansis_ibfk_40` FOREIGN KEY (`userId`) REFERENCES `users` (`id`) ON DELETE SET NULL ON UPDATE CASCADE,
  ADD CONSTRAINT `instansis_ibfk_41` FOREIGN KEY (`userId`) REFERENCES `users` (`id`) ON DELETE SET NULL ON UPDATE CASCADE,
  ADD CONSTRAINT `instansis_ibfk_42` FOREIGN KEY (`userId`) REFERENCES `users` (`id`) ON DELETE SET NULL ON UPDATE CASCADE,
  ADD CONSTRAINT `instansis_ibfk_43` FOREIGN KEY (`userId`) REFERENCES `users` (`id`) ON DELETE SET NULL ON UPDATE CASCADE,
  ADD CONSTRAINT `instansis_ibfk_44` FOREIGN KEY (`userId`) REFERENCES `users` (`id`) ON DELETE SET NULL ON UPDATE CASCADE,
  ADD CONSTRAINT `instansis_ibfk_45` FOREIGN KEY (`userId`) REFERENCES `users` (`id`) ON DELETE SET NULL ON UPDATE CASCADE,
  ADD CONSTRAINT `instansis_ibfk_46` FOREIGN KEY (`userId`) REFERENCES `users` (`id`) ON DELETE SET NULL ON UPDATE CASCADE,
  ADD CONSTRAINT `instansis_ibfk_47` FOREIGN KEY (`userId`) REFERENCES `users` (`id`) ON DELETE SET NULL ON UPDATE CASCADE,
  ADD CONSTRAINT `instansis_ibfk_48` FOREIGN KEY (`userId`) REFERENCES `users` (`id`) ON DELETE SET NULL ON UPDATE CASCADE,
  ADD CONSTRAINT `instansis_ibfk_49` FOREIGN KEY (`userId`) REFERENCES `users` (`id`) ON DELETE SET NULL ON UPDATE CASCADE,
  ADD CONSTRAINT `instansis_ibfk_5` FOREIGN KEY (`userId`) REFERENCES `users` (`id`) ON DELETE SET NULL ON UPDATE CASCADE,
  ADD CONSTRAINT `instansis_ibfk_50` FOREIGN KEY (`userId`) REFERENCES `users` (`id`) ON DELETE SET NULL ON UPDATE CASCADE,
  ADD CONSTRAINT `instansis_ibfk_51` FOREIGN KEY (`userId`) REFERENCES `users` (`id`) ON DELETE SET NULL ON UPDATE CASCADE,
  ADD CONSTRAINT `instansis_ibfk_52` FOREIGN KEY (`userId`) REFERENCES `users` (`id`) ON DELETE SET NULL ON UPDATE CASCADE,
  ADD CONSTRAINT `instansis_ibfk_53` FOREIGN KEY (`userId`) REFERENCES `users` (`id`) ON DELETE SET NULL ON UPDATE CASCADE,
  ADD CONSTRAINT `instansis_ibfk_54` FOREIGN KEY (`userId`) REFERENCES `users` (`id`) ON DELETE SET NULL ON UPDATE CASCADE,
  ADD CONSTRAINT `instansis_ibfk_55` FOREIGN KEY (`userId`) REFERENCES `users` (`id`) ON DELETE SET NULL ON UPDATE CASCADE,
  ADD CONSTRAINT `instansis_ibfk_56` FOREIGN KEY (`userId`) REFERENCES `users` (`id`) ON DELETE SET NULL ON UPDATE CASCADE,
  ADD CONSTRAINT `instansis_ibfk_57` FOREIGN KEY (`userId`) REFERENCES `users` (`id`) ON DELETE SET NULL ON UPDATE CASCADE,
  ADD CONSTRAINT `instansis_ibfk_6` FOREIGN KEY (`userId`) REFERENCES `users` (`id`) ON DELETE SET NULL ON UPDATE CASCADE,
  ADD CONSTRAINT `instansis_ibfk_7` FOREIGN KEY (`userId`) REFERENCES `users` (`id`) ON DELETE SET NULL ON UPDATE CASCADE,
  ADD CONSTRAINT `instansis_ibfk_8` FOREIGN KEY (`userId`) REFERENCES `users` (`id`) ON DELETE SET NULL ON UPDATE CASCADE,
  ADD CONSTRAINT `instansis_ibfk_9` FOREIGN KEY (`userId`) REFERENCES `users` (`id`) ON DELETE SET NULL ON UPDATE CASCADE;

--
-- Ketidakleluasaan untuk tabel `komponennilais`
--
ALTER TABLE `komponennilais`
  ADD CONSTRAINT `komponennilais_ibfk_1` FOREIGN KEY (`pendaftaranId`) REFERENCES `pendaftarans` (`id`) ON DELETE NO ACTION ON UPDATE CASCADE,
  ADD CONSTRAINT `komponennilais_ibfk_10` FOREIGN KEY (`kriteriaNilaiId`) REFERENCES `kriterianilais` (`id`) ON DELETE SET NULL ON UPDATE CASCADE,
  ADD CONSTRAINT `komponennilais_ibfk_100` FOREIGN KEY (`pendaftaranId`) REFERENCES `pendaftarans` (`id`) ON DELETE NO ACTION ON UPDATE CASCADE,
  ADD CONSTRAINT `komponennilais_ibfk_101` FOREIGN KEY (`kriteriaNilaiId`) REFERENCES `kriterianilais` (`id`) ON DELETE SET NULL ON UPDATE CASCADE,
  ADD CONSTRAINT `komponennilais_ibfk_102` FOREIGN KEY (`pendaftaranId`) REFERENCES `pendaftarans` (`id`) ON DELETE NO ACTION ON UPDATE CASCADE,
  ADD CONSTRAINT `komponennilais_ibfk_103` FOREIGN KEY (`kriteriaNilaiId`) REFERENCES `kriterianilais` (`id`) ON DELETE SET NULL ON UPDATE CASCADE,
  ADD CONSTRAINT `komponennilais_ibfk_11` FOREIGN KEY (`pendaftaranId`) REFERENCES `pendaftarans` (`id`) ON DELETE NO ACTION ON UPDATE CASCADE,
  ADD CONSTRAINT `komponennilais_ibfk_12` FOREIGN KEY (`kriteriaNilaiId`) REFERENCES `kriterianilais` (`id`) ON DELETE SET NULL ON UPDATE CASCADE,
  ADD CONSTRAINT `komponennilais_ibfk_13` FOREIGN KEY (`pendaftaranId`) REFERENCES `pendaftarans` (`id`) ON DELETE NO ACTION ON UPDATE CASCADE,
  ADD CONSTRAINT `komponennilais_ibfk_14` FOREIGN KEY (`kriteriaNilaiId`) REFERENCES `kriterianilais` (`id`) ON DELETE SET NULL ON UPDATE CASCADE,
  ADD CONSTRAINT `komponennilais_ibfk_15` FOREIGN KEY (`pendaftaranId`) REFERENCES `pendaftarans` (`id`) ON DELETE NO ACTION ON UPDATE CASCADE,
  ADD CONSTRAINT `komponennilais_ibfk_16` FOREIGN KEY (`kriteriaNilaiId`) REFERENCES `kriterianilais` (`id`) ON DELETE SET NULL ON UPDATE CASCADE,
  ADD CONSTRAINT `komponennilais_ibfk_17` FOREIGN KEY (`pendaftaranId`) REFERENCES `pendaftarans` (`id`) ON DELETE NO ACTION ON UPDATE CASCADE,
  ADD CONSTRAINT `komponennilais_ibfk_18` FOREIGN KEY (`kriteriaNilaiId`) REFERENCES `kriterianilais` (`id`) ON DELETE SET NULL ON UPDATE CASCADE,
  ADD CONSTRAINT `komponennilais_ibfk_19` FOREIGN KEY (`pendaftaranId`) REFERENCES `pendaftarans` (`id`) ON DELETE NO ACTION ON UPDATE CASCADE,
  ADD CONSTRAINT `komponennilais_ibfk_2` FOREIGN KEY (`kriteriaNilaiId`) REFERENCES `kriterianilais` (`id`) ON DELETE SET NULL ON UPDATE CASCADE,
  ADD CONSTRAINT `komponennilais_ibfk_20` FOREIGN KEY (`kriteriaNilaiId`) REFERENCES `kriterianilais` (`id`) ON DELETE SET NULL ON UPDATE CASCADE,
  ADD CONSTRAINT `komponennilais_ibfk_21` FOREIGN KEY (`pendaftaranId`) REFERENCES `pendaftarans` (`id`) ON DELETE NO ACTION ON UPDATE CASCADE,
  ADD CONSTRAINT `komponennilais_ibfk_22` FOREIGN KEY (`kriteriaNilaiId`) REFERENCES `kriterianilais` (`id`) ON DELETE SET NULL ON UPDATE CASCADE,
  ADD CONSTRAINT `komponennilais_ibfk_23` FOREIGN KEY (`pendaftaranId`) REFERENCES `pendaftarans` (`id`) ON DELETE NO ACTION ON UPDATE CASCADE,
  ADD CONSTRAINT `komponennilais_ibfk_24` FOREIGN KEY (`kriteriaNilaiId`) REFERENCES `kriterianilais` (`id`) ON DELETE SET NULL ON UPDATE CASCADE,
  ADD CONSTRAINT `komponennilais_ibfk_25` FOREIGN KEY (`pendaftaranId`) REFERENCES `pendaftarans` (`id`) ON DELETE NO ACTION ON UPDATE CASCADE,
  ADD CONSTRAINT `komponennilais_ibfk_26` FOREIGN KEY (`kriteriaNilaiId`) REFERENCES `kriterianilais` (`id`) ON DELETE SET NULL ON UPDATE CASCADE,
  ADD CONSTRAINT `komponennilais_ibfk_27` FOREIGN KEY (`pendaftaranId`) REFERENCES `pendaftarans` (`id`) ON DELETE NO ACTION ON UPDATE CASCADE,
  ADD CONSTRAINT `komponennilais_ibfk_28` FOREIGN KEY (`kriteriaNilaiId`) REFERENCES `kriterianilais` (`id`) ON DELETE SET NULL ON UPDATE CASCADE,
  ADD CONSTRAINT `komponennilais_ibfk_29` FOREIGN KEY (`pendaftaranId`) REFERENCES `pendaftarans` (`id`) ON DELETE NO ACTION ON UPDATE CASCADE,
  ADD CONSTRAINT `komponennilais_ibfk_3` FOREIGN KEY (`pendaftaranId`) REFERENCES `pendaftarans` (`id`) ON DELETE NO ACTION ON UPDATE CASCADE,
  ADD CONSTRAINT `komponennilais_ibfk_30` FOREIGN KEY (`kriteriaNilaiId`) REFERENCES `kriterianilais` (`id`) ON DELETE SET NULL ON UPDATE CASCADE,
  ADD CONSTRAINT `komponennilais_ibfk_31` FOREIGN KEY (`pendaftaranId`) REFERENCES `pendaftarans` (`id`) ON DELETE NO ACTION ON UPDATE CASCADE,
  ADD CONSTRAINT `komponennilais_ibfk_32` FOREIGN KEY (`kriteriaNilaiId`) REFERENCES `kriterianilais` (`id`) ON DELETE SET NULL ON UPDATE CASCADE,
  ADD CONSTRAINT `komponennilais_ibfk_33` FOREIGN KEY (`pendaftaranId`) REFERENCES `pendaftarans` (`id`) ON DELETE NO ACTION ON UPDATE CASCADE,
  ADD CONSTRAINT `komponennilais_ibfk_34` FOREIGN KEY (`kriteriaNilaiId`) REFERENCES `kriterianilais` (`id`) ON DELETE SET NULL ON UPDATE CASCADE,
  ADD CONSTRAINT `komponennilais_ibfk_35` FOREIGN KEY (`pendaftaranId`) REFERENCES `pendaftarans` (`id`) ON DELETE NO ACTION ON UPDATE CASCADE,
  ADD CONSTRAINT `komponennilais_ibfk_36` FOREIGN KEY (`kriteriaNilaiId`) REFERENCES `kriterianilais` (`id`) ON DELETE SET NULL ON UPDATE CASCADE,
  ADD CONSTRAINT `komponennilais_ibfk_37` FOREIGN KEY (`pendaftaranId`) REFERENCES `pendaftarans` (`id`) ON DELETE NO ACTION ON UPDATE CASCADE,
  ADD CONSTRAINT `komponennilais_ibfk_38` FOREIGN KEY (`kriteriaNilaiId`) REFERENCES `kriterianilais` (`id`) ON DELETE SET NULL ON UPDATE CASCADE,
  ADD CONSTRAINT `komponennilais_ibfk_39` FOREIGN KEY (`pendaftaranId`) REFERENCES `pendaftarans` (`id`) ON DELETE NO ACTION ON UPDATE CASCADE,
  ADD CONSTRAINT `komponennilais_ibfk_4` FOREIGN KEY (`kriteriaNilaiId`) REFERENCES `kriterianilais` (`id`) ON DELETE SET NULL ON UPDATE CASCADE,
  ADD CONSTRAINT `komponennilais_ibfk_40` FOREIGN KEY (`kriteriaNilaiId`) REFERENCES `kriterianilais` (`id`) ON DELETE SET NULL ON UPDATE CASCADE,
  ADD CONSTRAINT `komponennilais_ibfk_41` FOREIGN KEY (`pendaftaranId`) REFERENCES `pendaftarans` (`id`) ON DELETE NO ACTION ON UPDATE CASCADE,
  ADD CONSTRAINT `komponennilais_ibfk_42` FOREIGN KEY (`kriteriaNilaiId`) REFERENCES `kriterianilais` (`id`) ON DELETE SET NULL ON UPDATE CASCADE,
  ADD CONSTRAINT `komponennilais_ibfk_43` FOREIGN KEY (`pendaftaranId`) REFERENCES `pendaftarans` (`id`) ON DELETE NO ACTION ON UPDATE CASCADE,
  ADD CONSTRAINT `komponennilais_ibfk_44` FOREIGN KEY (`kriteriaNilaiId`) REFERENCES `kriterianilais` (`id`) ON DELETE SET NULL ON UPDATE CASCADE,
  ADD CONSTRAINT `komponennilais_ibfk_45` FOREIGN KEY (`pendaftaranId`) REFERENCES `pendaftarans` (`id`) ON DELETE NO ACTION ON UPDATE CASCADE,
  ADD CONSTRAINT `komponennilais_ibfk_46` FOREIGN KEY (`kriteriaNilaiId`) REFERENCES `kriterianilais` (`id`) ON DELETE SET NULL ON UPDATE CASCADE,
  ADD CONSTRAINT `komponennilais_ibfk_47` FOREIGN KEY (`pendaftaranId`) REFERENCES `pendaftarans` (`id`) ON DELETE NO ACTION ON UPDATE CASCADE,
  ADD CONSTRAINT `komponennilais_ibfk_48` FOREIGN KEY (`kriteriaNilaiId`) REFERENCES `kriterianilais` (`id`) ON DELETE SET NULL ON UPDATE CASCADE,
  ADD CONSTRAINT `komponennilais_ibfk_49` FOREIGN KEY (`pendaftaranId`) REFERENCES `pendaftarans` (`id`) ON DELETE NO ACTION ON UPDATE CASCADE,
  ADD CONSTRAINT `komponennilais_ibfk_5` FOREIGN KEY (`pendaftaranId`) REFERENCES `pendaftarans` (`id`) ON DELETE NO ACTION ON UPDATE CASCADE,
  ADD CONSTRAINT `komponennilais_ibfk_50` FOREIGN KEY (`kriteriaNilaiId`) REFERENCES `kriterianilais` (`id`) ON DELETE SET NULL ON UPDATE CASCADE,
  ADD CONSTRAINT `komponennilais_ibfk_51` FOREIGN KEY (`pendaftaranId`) REFERENCES `pendaftarans` (`id`) ON DELETE NO ACTION ON UPDATE CASCADE,
  ADD CONSTRAINT `komponennilais_ibfk_52` FOREIGN KEY (`kriteriaNilaiId`) REFERENCES `kriterianilais` (`id`) ON DELETE SET NULL ON UPDATE CASCADE,
  ADD CONSTRAINT `komponennilais_ibfk_53` FOREIGN KEY (`pendaftaranId`) REFERENCES `pendaftarans` (`id`) ON DELETE NO ACTION ON UPDATE CASCADE,
  ADD CONSTRAINT `komponennilais_ibfk_54` FOREIGN KEY (`kriteriaNilaiId`) REFERENCES `kriterianilais` (`id`) ON DELETE SET NULL ON UPDATE CASCADE,
  ADD CONSTRAINT `komponennilais_ibfk_55` FOREIGN KEY (`pendaftaranId`) REFERENCES `pendaftarans` (`id`) ON DELETE NO ACTION ON UPDATE CASCADE,
  ADD CONSTRAINT `komponennilais_ibfk_56` FOREIGN KEY (`kriteriaNilaiId`) REFERENCES `kriterianilais` (`id`) ON DELETE SET NULL ON UPDATE CASCADE,
  ADD CONSTRAINT `komponennilais_ibfk_57` FOREIGN KEY (`pendaftaranId`) REFERENCES `pendaftarans` (`id`) ON DELETE NO ACTION ON UPDATE CASCADE,
  ADD CONSTRAINT `komponennilais_ibfk_58` FOREIGN KEY (`kriteriaNilaiId`) REFERENCES `kriterianilais` (`id`) ON DELETE SET NULL ON UPDATE CASCADE,
  ADD CONSTRAINT `komponennilais_ibfk_59` FOREIGN KEY (`pendaftaranId`) REFERENCES `pendaftarans` (`id`) ON DELETE NO ACTION ON UPDATE CASCADE,
  ADD CONSTRAINT `komponennilais_ibfk_6` FOREIGN KEY (`kriteriaNilaiId`) REFERENCES `kriterianilais` (`id`) ON DELETE SET NULL ON UPDATE CASCADE,
  ADD CONSTRAINT `komponennilais_ibfk_60` FOREIGN KEY (`kriteriaNilaiId`) REFERENCES `kriterianilais` (`id`) ON DELETE SET NULL ON UPDATE CASCADE,
  ADD CONSTRAINT `komponennilais_ibfk_61` FOREIGN KEY (`pendaftaranId`) REFERENCES `pendaftarans` (`id`) ON DELETE NO ACTION ON UPDATE CASCADE,
  ADD CONSTRAINT `komponennilais_ibfk_62` FOREIGN KEY (`kriteriaNilaiId`) REFERENCES `kriterianilais` (`id`) ON DELETE SET NULL ON UPDATE CASCADE,
  ADD CONSTRAINT `komponennilais_ibfk_63` FOREIGN KEY (`pendaftaranId`) REFERENCES `pendaftarans` (`id`) ON DELETE NO ACTION ON UPDATE CASCADE,
  ADD CONSTRAINT `komponennilais_ibfk_64` FOREIGN KEY (`kriteriaNilaiId`) REFERENCES `kriterianilais` (`id`) ON DELETE SET NULL ON UPDATE CASCADE,
  ADD CONSTRAINT `komponennilais_ibfk_65` FOREIGN KEY (`pendaftaranId`) REFERENCES `pendaftarans` (`id`) ON DELETE NO ACTION ON UPDATE CASCADE,
  ADD CONSTRAINT `komponennilais_ibfk_66` FOREIGN KEY (`kriteriaNilaiId`) REFERENCES `kriterianilais` (`id`) ON DELETE SET NULL ON UPDATE CASCADE,
  ADD CONSTRAINT `komponennilais_ibfk_67` FOREIGN KEY (`pendaftaranId`) REFERENCES `pendaftarans` (`id`) ON DELETE NO ACTION ON UPDATE CASCADE,
  ADD CONSTRAINT `komponennilais_ibfk_68` FOREIGN KEY (`kriteriaNilaiId`) REFERENCES `kriterianilais` (`id`) ON DELETE SET NULL ON UPDATE CASCADE,
  ADD CONSTRAINT `komponennilais_ibfk_69` FOREIGN KEY (`pendaftaranId`) REFERENCES `pendaftarans` (`id`) ON DELETE NO ACTION ON UPDATE CASCADE,
  ADD CONSTRAINT `komponennilais_ibfk_7` FOREIGN KEY (`pendaftaranId`) REFERENCES `pendaftarans` (`id`) ON DELETE NO ACTION ON UPDATE CASCADE,
  ADD CONSTRAINT `komponennilais_ibfk_70` FOREIGN KEY (`kriteriaNilaiId`) REFERENCES `kriterianilais` (`id`) ON DELETE SET NULL ON UPDATE CASCADE,
  ADD CONSTRAINT `komponennilais_ibfk_71` FOREIGN KEY (`pendaftaranId`) REFERENCES `pendaftarans` (`id`) ON DELETE NO ACTION ON UPDATE CASCADE,
  ADD CONSTRAINT `komponennilais_ibfk_72` FOREIGN KEY (`kriteriaNilaiId`) REFERENCES `kriterianilais` (`id`) ON DELETE SET NULL ON UPDATE CASCADE,
  ADD CONSTRAINT `komponennilais_ibfk_73` FOREIGN KEY (`pendaftaranId`) REFERENCES `pendaftarans` (`id`) ON DELETE NO ACTION ON UPDATE CASCADE,
  ADD CONSTRAINT `komponennilais_ibfk_74` FOREIGN KEY (`kriteriaNilaiId`) REFERENCES `kriterianilais` (`id`) ON DELETE SET NULL ON UPDATE CASCADE,
  ADD CONSTRAINT `komponennilais_ibfk_75` FOREIGN KEY (`pendaftaranId`) REFERENCES `pendaftarans` (`id`) ON DELETE NO ACTION ON UPDATE CASCADE,
  ADD CONSTRAINT `komponennilais_ibfk_76` FOREIGN KEY (`kriteriaNilaiId`) REFERENCES `kriterianilais` (`id`) ON DELETE SET NULL ON UPDATE CASCADE,
  ADD CONSTRAINT `komponennilais_ibfk_77` FOREIGN KEY (`pendaftaranId`) REFERENCES `pendaftarans` (`id`) ON DELETE NO ACTION ON UPDATE CASCADE,
  ADD CONSTRAINT `komponennilais_ibfk_78` FOREIGN KEY (`kriteriaNilaiId`) REFERENCES `kriterianilais` (`id`) ON DELETE SET NULL ON UPDATE CASCADE,
  ADD CONSTRAINT `komponennilais_ibfk_79` FOREIGN KEY (`pendaftaranId`) REFERENCES `pendaftarans` (`id`) ON DELETE NO ACTION ON UPDATE CASCADE,
  ADD CONSTRAINT `komponennilais_ibfk_8` FOREIGN KEY (`kriteriaNilaiId`) REFERENCES `kriterianilais` (`id`) ON DELETE SET NULL ON UPDATE CASCADE,
  ADD CONSTRAINT `komponennilais_ibfk_80` FOREIGN KEY (`kriteriaNilaiId`) REFERENCES `kriterianilais` (`id`) ON DELETE SET NULL ON UPDATE CASCADE,
  ADD CONSTRAINT `komponennilais_ibfk_81` FOREIGN KEY (`pendaftaranId`) REFERENCES `pendaftarans` (`id`) ON DELETE NO ACTION ON UPDATE CASCADE,
  ADD CONSTRAINT `komponennilais_ibfk_82` FOREIGN KEY (`kriteriaNilaiId`) REFERENCES `kriterianilais` (`id`) ON DELETE SET NULL ON UPDATE CASCADE,
  ADD CONSTRAINT `komponennilais_ibfk_83` FOREIGN KEY (`pendaftaranId`) REFERENCES `pendaftarans` (`id`) ON DELETE NO ACTION ON UPDATE CASCADE,
  ADD CONSTRAINT `komponennilais_ibfk_84` FOREIGN KEY (`pendaftaranId`) REFERENCES `pendaftarans` (`id`) ON DELETE NO ACTION ON UPDATE CASCADE,
  ADD CONSTRAINT `komponennilais_ibfk_85` FOREIGN KEY (`kriteriaNilaiId`) REFERENCES `kriterianilais` (`id`) ON DELETE SET NULL ON UPDATE CASCADE,
  ADD CONSTRAINT `komponennilais_ibfk_86` FOREIGN KEY (`pendaftaranId`) REFERENCES `pendaftarans` (`id`) ON DELETE NO ACTION ON UPDATE CASCADE,
  ADD CONSTRAINT `komponennilais_ibfk_87` FOREIGN KEY (`kriteriaNilaiId`) REFERENCES `kriterianilais` (`id`) ON DELETE SET NULL ON UPDATE CASCADE,
  ADD CONSTRAINT `komponennilais_ibfk_88` FOREIGN KEY (`pendaftaranId`) REFERENCES `pendaftarans` (`id`) ON DELETE NO ACTION ON UPDATE CASCADE,
  ADD CONSTRAINT `komponennilais_ibfk_89` FOREIGN KEY (`kriteriaNilaiId`) REFERENCES `kriterianilais` (`id`) ON DELETE SET NULL ON UPDATE CASCADE,
  ADD CONSTRAINT `komponennilais_ibfk_9` FOREIGN KEY (`pendaftaranId`) REFERENCES `pendaftarans` (`id`) ON DELETE NO ACTION ON UPDATE CASCADE,
  ADD CONSTRAINT `komponennilais_ibfk_90` FOREIGN KEY (`pendaftaranId`) REFERENCES `pendaftarans` (`id`) ON DELETE NO ACTION ON UPDATE CASCADE,
  ADD CONSTRAINT `komponennilais_ibfk_91` FOREIGN KEY (`kriteriaNilaiId`) REFERENCES `kriterianilais` (`id`) ON DELETE SET NULL ON UPDATE CASCADE,
  ADD CONSTRAINT `komponennilais_ibfk_92` FOREIGN KEY (`pendaftaranId`) REFERENCES `pendaftarans` (`id`) ON DELETE NO ACTION ON UPDATE CASCADE,
  ADD CONSTRAINT `komponennilais_ibfk_93` FOREIGN KEY (`kriteriaNilaiId`) REFERENCES `kriterianilais` (`id`) ON DELETE SET NULL ON UPDATE CASCADE,
  ADD CONSTRAINT `komponennilais_ibfk_94` FOREIGN KEY (`pendaftaranId`) REFERENCES `pendaftarans` (`id`) ON DELETE NO ACTION ON UPDATE CASCADE,
  ADD CONSTRAINT `komponennilais_ibfk_95` FOREIGN KEY (`kriteriaNilaiId`) REFERENCES `kriterianilais` (`id`) ON DELETE SET NULL ON UPDATE CASCADE,
  ADD CONSTRAINT `komponennilais_ibfk_96` FOREIGN KEY (`pendaftaranId`) REFERENCES `pendaftarans` (`id`) ON DELETE NO ACTION ON UPDATE CASCADE,
  ADD CONSTRAINT `komponennilais_ibfk_97` FOREIGN KEY (`kriteriaNilaiId`) REFERENCES `kriterianilais` (`id`) ON DELETE SET NULL ON UPDATE CASCADE,
  ADD CONSTRAINT `komponennilais_ibfk_98` FOREIGN KEY (`pendaftaranId`) REFERENCES `pendaftarans` (`id`) ON DELETE NO ACTION ON UPDATE CASCADE,
  ADD CONSTRAINT `komponennilais_ibfk_99` FOREIGN KEY (`kriteriaNilaiId`) REFERENCES `kriterianilais` (`id`) ON DELETE SET NULL ON UPDATE CASCADE;

--
-- Ketidakleluasaan untuk tabel `laporanakhirs`
--
ALTER TABLE `laporanakhirs`
  ADD CONSTRAINT `laporanakhirs_ibfk_1` FOREIGN KEY (`pendaftaranId`) REFERENCES `pendaftarans` (`id`) ON DELETE NO ACTION ON UPDATE CASCADE,
  ADD CONSTRAINT `laporanakhirs_ibfk_10` FOREIGN KEY (`pendaftaranId`) REFERENCES `pendaftarans` (`id`) ON DELETE NO ACTION ON UPDATE CASCADE,
  ADD CONSTRAINT `laporanakhirs_ibfk_11` FOREIGN KEY (`pendaftaranId`) REFERENCES `pendaftarans` (`id`) ON DELETE NO ACTION ON UPDATE CASCADE,
  ADD CONSTRAINT `laporanakhirs_ibfk_12` FOREIGN KEY (`pendaftaranId`) REFERENCES `pendaftarans` (`id`) ON DELETE NO ACTION ON UPDATE CASCADE,
  ADD CONSTRAINT `laporanakhirs_ibfk_13` FOREIGN KEY (`pendaftaranId`) REFERENCES `pendaftarans` (`id`) ON DELETE NO ACTION ON UPDATE CASCADE,
  ADD CONSTRAINT `laporanakhirs_ibfk_14` FOREIGN KEY (`pendaftaranId`) REFERENCES `pendaftarans` (`id`) ON DELETE NO ACTION ON UPDATE CASCADE,
  ADD CONSTRAINT `laporanakhirs_ibfk_15` FOREIGN KEY (`pendaftaranId`) REFERENCES `pendaftarans` (`id`) ON DELETE NO ACTION ON UPDATE CASCADE,
  ADD CONSTRAINT `laporanakhirs_ibfk_16` FOREIGN KEY (`pendaftaranId`) REFERENCES `pendaftarans` (`id`) ON DELETE NO ACTION ON UPDATE CASCADE,
  ADD CONSTRAINT `laporanakhirs_ibfk_17` FOREIGN KEY (`pendaftaranId`) REFERENCES `pendaftarans` (`id`) ON DELETE NO ACTION ON UPDATE CASCADE,
  ADD CONSTRAINT `laporanakhirs_ibfk_18` FOREIGN KEY (`pendaftaranId`) REFERENCES `pendaftarans` (`id`) ON DELETE NO ACTION ON UPDATE CASCADE,
  ADD CONSTRAINT `laporanakhirs_ibfk_19` FOREIGN KEY (`pendaftaranId`) REFERENCES `pendaftarans` (`id`) ON DELETE NO ACTION ON UPDATE CASCADE,
  ADD CONSTRAINT `laporanakhirs_ibfk_2` FOREIGN KEY (`pendaftaranId`) REFERENCES `pendaftarans` (`id`) ON DELETE NO ACTION ON UPDATE CASCADE,
  ADD CONSTRAINT `laporanakhirs_ibfk_20` FOREIGN KEY (`pendaftaranId`) REFERENCES `pendaftarans` (`id`) ON DELETE NO ACTION ON UPDATE CASCADE,
  ADD CONSTRAINT `laporanakhirs_ibfk_21` FOREIGN KEY (`pendaftaranId`) REFERENCES `pendaftarans` (`id`) ON DELETE NO ACTION ON UPDATE CASCADE,
  ADD CONSTRAINT `laporanakhirs_ibfk_22` FOREIGN KEY (`pendaftaranId`) REFERENCES `pendaftarans` (`id`) ON DELETE NO ACTION ON UPDATE CASCADE,
  ADD CONSTRAINT `laporanakhirs_ibfk_23` FOREIGN KEY (`pendaftaranId`) REFERENCES `pendaftarans` (`id`) ON DELETE NO ACTION ON UPDATE CASCADE,
  ADD CONSTRAINT `laporanakhirs_ibfk_24` FOREIGN KEY (`pendaftaranId`) REFERENCES `pendaftarans` (`id`) ON DELETE NO ACTION ON UPDATE CASCADE,
  ADD CONSTRAINT `laporanakhirs_ibfk_25` FOREIGN KEY (`pendaftaranId`) REFERENCES `pendaftarans` (`id`) ON DELETE NO ACTION ON UPDATE CASCADE,
  ADD CONSTRAINT `laporanakhirs_ibfk_26` FOREIGN KEY (`pendaftaranId`) REFERENCES `pendaftarans` (`id`) ON DELETE NO ACTION ON UPDATE CASCADE,
  ADD CONSTRAINT `laporanakhirs_ibfk_27` FOREIGN KEY (`pendaftaranId`) REFERENCES `pendaftarans` (`id`) ON DELETE NO ACTION ON UPDATE CASCADE,
  ADD CONSTRAINT `laporanakhirs_ibfk_28` FOREIGN KEY (`pendaftaranId`) REFERENCES `pendaftarans` (`id`) ON DELETE NO ACTION ON UPDATE CASCADE,
  ADD CONSTRAINT `laporanakhirs_ibfk_29` FOREIGN KEY (`pendaftaranId`) REFERENCES `pendaftarans` (`id`) ON DELETE NO ACTION ON UPDATE CASCADE,
  ADD CONSTRAINT `laporanakhirs_ibfk_3` FOREIGN KEY (`pendaftaranId`) REFERENCES `pendaftarans` (`id`) ON DELETE NO ACTION ON UPDATE CASCADE,
  ADD CONSTRAINT `laporanakhirs_ibfk_30` FOREIGN KEY (`pendaftaranId`) REFERENCES `pendaftarans` (`id`) ON DELETE NO ACTION ON UPDATE CASCADE,
  ADD CONSTRAINT `laporanakhirs_ibfk_31` FOREIGN KEY (`pendaftaranId`) REFERENCES `pendaftarans` (`id`) ON DELETE NO ACTION ON UPDATE CASCADE,
  ADD CONSTRAINT `laporanakhirs_ibfk_32` FOREIGN KEY (`pendaftaranId`) REFERENCES `pendaftarans` (`id`) ON DELETE NO ACTION ON UPDATE CASCADE,
  ADD CONSTRAINT `laporanakhirs_ibfk_33` FOREIGN KEY (`pendaftaranId`) REFERENCES `pendaftarans` (`id`) ON DELETE NO ACTION ON UPDATE CASCADE,
  ADD CONSTRAINT `laporanakhirs_ibfk_34` FOREIGN KEY (`pendaftaranId`) REFERENCES `pendaftarans` (`id`) ON DELETE NO ACTION ON UPDATE CASCADE,
  ADD CONSTRAINT `laporanakhirs_ibfk_35` FOREIGN KEY (`pendaftaranId`) REFERENCES `pendaftarans` (`id`) ON DELETE NO ACTION ON UPDATE CASCADE,
  ADD CONSTRAINT `laporanakhirs_ibfk_36` FOREIGN KEY (`pendaftaranId`) REFERENCES `pendaftarans` (`id`) ON DELETE NO ACTION ON UPDATE CASCADE,
  ADD CONSTRAINT `laporanakhirs_ibfk_37` FOREIGN KEY (`pendaftaranId`) REFERENCES `pendaftarans` (`id`) ON DELETE NO ACTION ON UPDATE CASCADE,
  ADD CONSTRAINT `laporanakhirs_ibfk_38` FOREIGN KEY (`pendaftaranId`) REFERENCES `pendaftarans` (`id`) ON DELETE NO ACTION ON UPDATE CASCADE,
  ADD CONSTRAINT `laporanakhirs_ibfk_39` FOREIGN KEY (`pendaftaranId`) REFERENCES `pendaftarans` (`id`) ON DELETE NO ACTION ON UPDATE CASCADE,
  ADD CONSTRAINT `laporanakhirs_ibfk_4` FOREIGN KEY (`pendaftaranId`) REFERENCES `pendaftarans` (`id`) ON DELETE NO ACTION ON UPDATE CASCADE,
  ADD CONSTRAINT `laporanakhirs_ibfk_40` FOREIGN KEY (`pendaftaranId`) REFERENCES `pendaftarans` (`id`) ON DELETE NO ACTION ON UPDATE CASCADE,
  ADD CONSTRAINT `laporanakhirs_ibfk_41` FOREIGN KEY (`pendaftaranId`) REFERENCES `pendaftarans` (`id`) ON DELETE NO ACTION ON UPDATE CASCADE,
  ADD CONSTRAINT `laporanakhirs_ibfk_42` FOREIGN KEY (`pendaftaranId`) REFERENCES `pendaftarans` (`id`) ON DELETE NO ACTION ON UPDATE CASCADE,
  ADD CONSTRAINT `laporanakhirs_ibfk_43` FOREIGN KEY (`pendaftaranId`) REFERENCES `pendaftarans` (`id`) ON DELETE NO ACTION ON UPDATE CASCADE,
  ADD CONSTRAINT `laporanakhirs_ibfk_44` FOREIGN KEY (`pendaftaranId`) REFERENCES `pendaftarans` (`id`) ON DELETE NO ACTION ON UPDATE CASCADE,
  ADD CONSTRAINT `laporanakhirs_ibfk_45` FOREIGN KEY (`pendaftaranId`) REFERENCES `pendaftarans` (`id`) ON DELETE NO ACTION ON UPDATE CASCADE,
  ADD CONSTRAINT `laporanakhirs_ibfk_46` FOREIGN KEY (`pendaftaranId`) REFERENCES `pendaftarans` (`id`) ON DELETE NO ACTION ON UPDATE CASCADE,
  ADD CONSTRAINT `laporanakhirs_ibfk_47` FOREIGN KEY (`pendaftaranId`) REFERENCES `pendaftarans` (`id`) ON DELETE NO ACTION ON UPDATE CASCADE,
  ADD CONSTRAINT `laporanakhirs_ibfk_48` FOREIGN KEY (`pendaftaranId`) REFERENCES `pendaftarans` (`id`) ON DELETE NO ACTION ON UPDATE CASCADE,
  ADD CONSTRAINT `laporanakhirs_ibfk_49` FOREIGN KEY (`pendaftaranId`) REFERENCES `pendaftarans` (`id`) ON DELETE NO ACTION ON UPDATE CASCADE,
  ADD CONSTRAINT `laporanakhirs_ibfk_5` FOREIGN KEY (`pendaftaranId`) REFERENCES `pendaftarans` (`id`) ON DELETE NO ACTION ON UPDATE CASCADE,
  ADD CONSTRAINT `laporanakhirs_ibfk_6` FOREIGN KEY (`pendaftaranId`) REFERENCES `pendaftarans` (`id`) ON DELETE NO ACTION ON UPDATE CASCADE,
  ADD CONSTRAINT `laporanakhirs_ibfk_7` FOREIGN KEY (`pendaftaranId`) REFERENCES `pendaftarans` (`id`) ON DELETE NO ACTION ON UPDATE CASCADE,
  ADD CONSTRAINT `laporanakhirs_ibfk_8` FOREIGN KEY (`pendaftaranId`) REFERENCES `pendaftarans` (`id`) ON DELETE NO ACTION ON UPDATE CASCADE,
  ADD CONSTRAINT `laporanakhirs_ibfk_9` FOREIGN KEY (`pendaftaranId`) REFERENCES `pendaftarans` (`id`) ON DELETE NO ACTION ON UPDATE CASCADE;

--
-- Ketidakleluasaan untuk tabel `laporanharians`
--
ALTER TABLE `laporanharians`
  ADD CONSTRAINT `laporanharians_ibfk_1` FOREIGN KEY (`pendaftaranId`) REFERENCES `pendaftarans` (`id`) ON DELETE NO ACTION ON UPDATE CASCADE,
  ADD CONSTRAINT `laporanharians_ibfk_10` FOREIGN KEY (`pendaftaranId`) REFERENCES `pendaftarans` (`id`) ON DELETE NO ACTION ON UPDATE CASCADE,
  ADD CONSTRAINT `laporanharians_ibfk_11` FOREIGN KEY (`pendaftaranId`) REFERENCES `pendaftarans` (`id`) ON DELETE NO ACTION ON UPDATE CASCADE,
  ADD CONSTRAINT `laporanharians_ibfk_12` FOREIGN KEY (`pendaftaranId`) REFERENCES `pendaftarans` (`id`) ON DELETE NO ACTION ON UPDATE CASCADE,
  ADD CONSTRAINT `laporanharians_ibfk_13` FOREIGN KEY (`pendaftaranId`) REFERENCES `pendaftarans` (`id`) ON DELETE NO ACTION ON UPDATE CASCADE,
  ADD CONSTRAINT `laporanharians_ibfk_14` FOREIGN KEY (`pendaftaranId`) REFERENCES `pendaftarans` (`id`) ON DELETE NO ACTION ON UPDATE CASCADE,
  ADD CONSTRAINT `laporanharians_ibfk_15` FOREIGN KEY (`pendaftaranId`) REFERENCES `pendaftarans` (`id`) ON DELETE NO ACTION ON UPDATE CASCADE,
  ADD CONSTRAINT `laporanharians_ibfk_16` FOREIGN KEY (`pendaftaranId`) REFERENCES `pendaftarans` (`id`) ON DELETE NO ACTION ON UPDATE CASCADE,
  ADD CONSTRAINT `laporanharians_ibfk_17` FOREIGN KEY (`pendaftaranId`) REFERENCES `pendaftarans` (`id`) ON DELETE NO ACTION ON UPDATE CASCADE,
  ADD CONSTRAINT `laporanharians_ibfk_18` FOREIGN KEY (`pendaftaranId`) REFERENCES `pendaftarans` (`id`) ON DELETE NO ACTION ON UPDATE CASCADE,
  ADD CONSTRAINT `laporanharians_ibfk_19` FOREIGN KEY (`pendaftaranId`) REFERENCES `pendaftarans` (`id`) ON DELETE NO ACTION ON UPDATE CASCADE,
  ADD CONSTRAINT `laporanharians_ibfk_2` FOREIGN KEY (`pendaftaranId`) REFERENCES `pendaftarans` (`id`) ON DELETE NO ACTION ON UPDATE CASCADE,
  ADD CONSTRAINT `laporanharians_ibfk_20` FOREIGN KEY (`pendaftaranId`) REFERENCES `pendaftarans` (`id`) ON DELETE NO ACTION ON UPDATE CASCADE,
  ADD CONSTRAINT `laporanharians_ibfk_21` FOREIGN KEY (`pendaftaranId`) REFERENCES `pendaftarans` (`id`) ON DELETE NO ACTION ON UPDATE CASCADE,
  ADD CONSTRAINT `laporanharians_ibfk_22` FOREIGN KEY (`pendaftaranId`) REFERENCES `pendaftarans` (`id`) ON DELETE NO ACTION ON UPDATE CASCADE,
  ADD CONSTRAINT `laporanharians_ibfk_23` FOREIGN KEY (`pendaftaranId`) REFERENCES `pendaftarans` (`id`) ON DELETE NO ACTION ON UPDATE CASCADE,
  ADD CONSTRAINT `laporanharians_ibfk_24` FOREIGN KEY (`pendaftaranId`) REFERENCES `pendaftarans` (`id`) ON DELETE NO ACTION ON UPDATE CASCADE,
  ADD CONSTRAINT `laporanharians_ibfk_25` FOREIGN KEY (`pendaftaranId`) REFERENCES `pendaftarans` (`id`) ON DELETE NO ACTION ON UPDATE CASCADE,
  ADD CONSTRAINT `laporanharians_ibfk_26` FOREIGN KEY (`pendaftaranId`) REFERENCES `pendaftarans` (`id`) ON DELETE NO ACTION ON UPDATE CASCADE,
  ADD CONSTRAINT `laporanharians_ibfk_27` FOREIGN KEY (`pendaftaranId`) REFERENCES `pendaftarans` (`id`) ON DELETE NO ACTION ON UPDATE CASCADE,
  ADD CONSTRAINT `laporanharians_ibfk_28` FOREIGN KEY (`pendaftaranId`) REFERENCES `pendaftarans` (`id`) ON DELETE NO ACTION ON UPDATE CASCADE,
  ADD CONSTRAINT `laporanharians_ibfk_29` FOREIGN KEY (`pendaftaranId`) REFERENCES `pendaftarans` (`id`) ON DELETE NO ACTION ON UPDATE CASCADE,
  ADD CONSTRAINT `laporanharians_ibfk_3` FOREIGN KEY (`pendaftaranId`) REFERENCES `pendaftarans` (`id`) ON DELETE NO ACTION ON UPDATE CASCADE,
  ADD CONSTRAINT `laporanharians_ibfk_30` FOREIGN KEY (`pendaftaranId`) REFERENCES `pendaftarans` (`id`) ON DELETE NO ACTION ON UPDATE CASCADE,
  ADD CONSTRAINT `laporanharians_ibfk_31` FOREIGN KEY (`pendaftaranId`) REFERENCES `pendaftarans` (`id`) ON DELETE NO ACTION ON UPDATE CASCADE,
  ADD CONSTRAINT `laporanharians_ibfk_32` FOREIGN KEY (`pendaftaranId`) REFERENCES `pendaftarans` (`id`) ON DELETE NO ACTION ON UPDATE CASCADE,
  ADD CONSTRAINT `laporanharians_ibfk_33` FOREIGN KEY (`pendaftaranId`) REFERENCES `pendaftarans` (`id`) ON DELETE NO ACTION ON UPDATE CASCADE,
  ADD CONSTRAINT `laporanharians_ibfk_34` FOREIGN KEY (`pendaftaranId`) REFERENCES `pendaftarans` (`id`) ON DELETE NO ACTION ON UPDATE CASCADE,
  ADD CONSTRAINT `laporanharians_ibfk_35` FOREIGN KEY (`pendaftaranId`) REFERENCES `pendaftarans` (`id`) ON DELETE NO ACTION ON UPDATE CASCADE,
  ADD CONSTRAINT `laporanharians_ibfk_36` FOREIGN KEY (`pendaftaranId`) REFERENCES `pendaftarans` (`id`) ON DELETE NO ACTION ON UPDATE CASCADE,
  ADD CONSTRAINT `laporanharians_ibfk_37` FOREIGN KEY (`pendaftaranId`) REFERENCES `pendaftarans` (`id`) ON DELETE NO ACTION ON UPDATE CASCADE,
  ADD CONSTRAINT `laporanharians_ibfk_38` FOREIGN KEY (`pendaftaranId`) REFERENCES `pendaftarans` (`id`) ON DELETE NO ACTION ON UPDATE CASCADE,
  ADD CONSTRAINT `laporanharians_ibfk_39` FOREIGN KEY (`pendaftaranId`) REFERENCES `pendaftarans` (`id`) ON DELETE NO ACTION ON UPDATE CASCADE,
  ADD CONSTRAINT `laporanharians_ibfk_4` FOREIGN KEY (`pendaftaranId`) REFERENCES `pendaftarans` (`id`) ON DELETE NO ACTION ON UPDATE CASCADE,
  ADD CONSTRAINT `laporanharians_ibfk_40` FOREIGN KEY (`pendaftaranId`) REFERENCES `pendaftarans` (`id`) ON DELETE NO ACTION ON UPDATE CASCADE,
  ADD CONSTRAINT `laporanharians_ibfk_41` FOREIGN KEY (`pendaftaranId`) REFERENCES `pendaftarans` (`id`) ON DELETE NO ACTION ON UPDATE CASCADE,
  ADD CONSTRAINT `laporanharians_ibfk_42` FOREIGN KEY (`pendaftaranId`) REFERENCES `pendaftarans` (`id`) ON DELETE NO ACTION ON UPDATE CASCADE,
  ADD CONSTRAINT `laporanharians_ibfk_43` FOREIGN KEY (`pendaftaranId`) REFERENCES `pendaftarans` (`id`) ON DELETE NO ACTION ON UPDATE CASCADE,
  ADD CONSTRAINT `laporanharians_ibfk_44` FOREIGN KEY (`pendaftaranId`) REFERENCES `pendaftarans` (`id`) ON DELETE NO ACTION ON UPDATE CASCADE,
  ADD CONSTRAINT `laporanharians_ibfk_45` FOREIGN KEY (`pendaftaranId`) REFERENCES `pendaftarans` (`id`) ON DELETE NO ACTION ON UPDATE CASCADE,
  ADD CONSTRAINT `laporanharians_ibfk_46` FOREIGN KEY (`pendaftaranId`) REFERENCES `pendaftarans` (`id`) ON DELETE NO ACTION ON UPDATE CASCADE,
  ADD CONSTRAINT `laporanharians_ibfk_47` FOREIGN KEY (`pendaftaranId`) REFERENCES `pendaftarans` (`id`) ON DELETE NO ACTION ON UPDATE CASCADE,
  ADD CONSTRAINT `laporanharians_ibfk_48` FOREIGN KEY (`pendaftaranId`) REFERENCES `pendaftarans` (`id`) ON DELETE NO ACTION ON UPDATE CASCADE,
  ADD CONSTRAINT `laporanharians_ibfk_49` FOREIGN KEY (`pendaftaranId`) REFERENCES `pendaftarans` (`id`) ON DELETE NO ACTION ON UPDATE CASCADE,
  ADD CONSTRAINT `laporanharians_ibfk_5` FOREIGN KEY (`pendaftaranId`) REFERENCES `pendaftarans` (`id`) ON DELETE NO ACTION ON UPDATE CASCADE,
  ADD CONSTRAINT `laporanharians_ibfk_6` FOREIGN KEY (`pendaftaranId`) REFERENCES `pendaftarans` (`id`) ON DELETE NO ACTION ON UPDATE CASCADE,
  ADD CONSTRAINT `laporanharians_ibfk_7` FOREIGN KEY (`pendaftaranId`) REFERENCES `pendaftarans` (`id`) ON DELETE NO ACTION ON UPDATE CASCADE,
  ADD CONSTRAINT `laporanharians_ibfk_8` FOREIGN KEY (`pendaftaranId`) REFERENCES `pendaftarans` (`id`) ON DELETE NO ACTION ON UPDATE CASCADE,
  ADD CONSTRAINT `laporanharians_ibfk_9` FOREIGN KEY (`pendaftaranId`) REFERENCES `pendaftarans` (`id`) ON DELETE NO ACTION ON UPDATE CASCADE;

--
-- Ketidakleluasaan untuk tabel `laporanmingguans`
--
ALTER TABLE `laporanmingguans`
  ADD CONSTRAINT `laporanmingguans_ibfk_1` FOREIGN KEY (`pendaftaranId`) REFERENCES `pendaftarans` (`id`) ON DELETE NO ACTION ON UPDATE CASCADE,
  ADD CONSTRAINT `laporanmingguans_ibfk_10` FOREIGN KEY (`pendaftaranId`) REFERENCES `pendaftarans` (`id`) ON DELETE NO ACTION ON UPDATE CASCADE,
  ADD CONSTRAINT `laporanmingguans_ibfk_11` FOREIGN KEY (`pendaftaranId`) REFERENCES `pendaftarans` (`id`) ON DELETE NO ACTION ON UPDATE CASCADE,
  ADD CONSTRAINT `laporanmingguans_ibfk_12` FOREIGN KEY (`pendaftaranId`) REFERENCES `pendaftarans` (`id`) ON DELETE NO ACTION ON UPDATE CASCADE,
  ADD CONSTRAINT `laporanmingguans_ibfk_13` FOREIGN KEY (`pendaftaranId`) REFERENCES `pendaftarans` (`id`) ON DELETE NO ACTION ON UPDATE CASCADE,
  ADD CONSTRAINT `laporanmingguans_ibfk_14` FOREIGN KEY (`pendaftaranId`) REFERENCES `pendaftarans` (`id`) ON DELETE NO ACTION ON UPDATE CASCADE,
  ADD CONSTRAINT `laporanmingguans_ibfk_15` FOREIGN KEY (`pendaftaranId`) REFERENCES `pendaftarans` (`id`) ON DELETE NO ACTION ON UPDATE CASCADE,
  ADD CONSTRAINT `laporanmingguans_ibfk_16` FOREIGN KEY (`pendaftaranId`) REFERENCES `pendaftarans` (`id`) ON DELETE NO ACTION ON UPDATE CASCADE,
  ADD CONSTRAINT `laporanmingguans_ibfk_17` FOREIGN KEY (`pendaftaranId`) REFERENCES `pendaftarans` (`id`) ON DELETE NO ACTION ON UPDATE CASCADE,
  ADD CONSTRAINT `laporanmingguans_ibfk_18` FOREIGN KEY (`pendaftaranId`) REFERENCES `pendaftarans` (`id`) ON DELETE NO ACTION ON UPDATE CASCADE,
  ADD CONSTRAINT `laporanmingguans_ibfk_19` FOREIGN KEY (`pendaftaranId`) REFERENCES `pendaftarans` (`id`) ON DELETE NO ACTION ON UPDATE CASCADE,
  ADD CONSTRAINT `laporanmingguans_ibfk_2` FOREIGN KEY (`pendaftaranId`) REFERENCES `pendaftarans` (`id`) ON DELETE NO ACTION ON UPDATE CASCADE,
  ADD CONSTRAINT `laporanmingguans_ibfk_20` FOREIGN KEY (`pendaftaranId`) REFERENCES `pendaftarans` (`id`) ON DELETE NO ACTION ON UPDATE CASCADE,
  ADD CONSTRAINT `laporanmingguans_ibfk_21` FOREIGN KEY (`pendaftaranId`) REFERENCES `pendaftarans` (`id`) ON DELETE NO ACTION ON UPDATE CASCADE,
  ADD CONSTRAINT `laporanmingguans_ibfk_22` FOREIGN KEY (`pendaftaranId`) REFERENCES `pendaftarans` (`id`) ON DELETE NO ACTION ON UPDATE CASCADE,
  ADD CONSTRAINT `laporanmingguans_ibfk_23` FOREIGN KEY (`pendaftaranId`) REFERENCES `pendaftarans` (`id`) ON DELETE NO ACTION ON UPDATE CASCADE,
  ADD CONSTRAINT `laporanmingguans_ibfk_24` FOREIGN KEY (`pendaftaranId`) REFERENCES `pendaftarans` (`id`) ON DELETE NO ACTION ON UPDATE CASCADE,
  ADD CONSTRAINT `laporanmingguans_ibfk_25` FOREIGN KEY (`pendaftaranId`) REFERENCES `pendaftarans` (`id`) ON DELETE NO ACTION ON UPDATE CASCADE,
  ADD CONSTRAINT `laporanmingguans_ibfk_26` FOREIGN KEY (`pendaftaranId`) REFERENCES `pendaftarans` (`id`) ON DELETE NO ACTION ON UPDATE CASCADE,
  ADD CONSTRAINT `laporanmingguans_ibfk_27` FOREIGN KEY (`pendaftaranId`) REFERENCES `pendaftarans` (`id`) ON DELETE NO ACTION ON UPDATE CASCADE,
  ADD CONSTRAINT `laporanmingguans_ibfk_28` FOREIGN KEY (`pendaftaranId`) REFERENCES `pendaftarans` (`id`) ON DELETE NO ACTION ON UPDATE CASCADE,
  ADD CONSTRAINT `laporanmingguans_ibfk_29` FOREIGN KEY (`pendaftaranId`) REFERENCES `pendaftarans` (`id`) ON DELETE NO ACTION ON UPDATE CASCADE,
  ADD CONSTRAINT `laporanmingguans_ibfk_3` FOREIGN KEY (`pendaftaranId`) REFERENCES `pendaftarans` (`id`) ON DELETE NO ACTION ON UPDATE CASCADE,
  ADD CONSTRAINT `laporanmingguans_ibfk_30` FOREIGN KEY (`pendaftaranId`) REFERENCES `pendaftarans` (`id`) ON DELETE NO ACTION ON UPDATE CASCADE,
  ADD CONSTRAINT `laporanmingguans_ibfk_31` FOREIGN KEY (`pendaftaranId`) REFERENCES `pendaftarans` (`id`) ON DELETE NO ACTION ON UPDATE CASCADE,
  ADD CONSTRAINT `laporanmingguans_ibfk_32` FOREIGN KEY (`pendaftaranId`) REFERENCES `pendaftarans` (`id`) ON DELETE NO ACTION ON UPDATE CASCADE,
  ADD CONSTRAINT `laporanmingguans_ibfk_33` FOREIGN KEY (`pendaftaranId`) REFERENCES `pendaftarans` (`id`) ON DELETE NO ACTION ON UPDATE CASCADE,
  ADD CONSTRAINT `laporanmingguans_ibfk_34` FOREIGN KEY (`pendaftaranId`) REFERENCES `pendaftarans` (`id`) ON DELETE NO ACTION ON UPDATE CASCADE,
  ADD CONSTRAINT `laporanmingguans_ibfk_35` FOREIGN KEY (`pendaftaranId`) REFERENCES `pendaftarans` (`id`) ON DELETE NO ACTION ON UPDATE CASCADE,
  ADD CONSTRAINT `laporanmingguans_ibfk_36` FOREIGN KEY (`pendaftaranId`) REFERENCES `pendaftarans` (`id`) ON DELETE NO ACTION ON UPDATE CASCADE,
  ADD CONSTRAINT `laporanmingguans_ibfk_37` FOREIGN KEY (`pendaftaranId`) REFERENCES `pendaftarans` (`id`) ON DELETE NO ACTION ON UPDATE CASCADE,
  ADD CONSTRAINT `laporanmingguans_ibfk_38` FOREIGN KEY (`pendaftaranId`) REFERENCES `pendaftarans` (`id`) ON DELETE NO ACTION ON UPDATE CASCADE,
  ADD CONSTRAINT `laporanmingguans_ibfk_39` FOREIGN KEY (`pendaftaranId`) REFERENCES `pendaftarans` (`id`) ON DELETE NO ACTION ON UPDATE CASCADE,
  ADD CONSTRAINT `laporanmingguans_ibfk_4` FOREIGN KEY (`pendaftaranId`) REFERENCES `pendaftarans` (`id`) ON DELETE NO ACTION ON UPDATE CASCADE,
  ADD CONSTRAINT `laporanmingguans_ibfk_40` FOREIGN KEY (`pendaftaranId`) REFERENCES `pendaftarans` (`id`) ON DELETE NO ACTION ON UPDATE CASCADE,
  ADD CONSTRAINT `laporanmingguans_ibfk_41` FOREIGN KEY (`pendaftaranId`) REFERENCES `pendaftarans` (`id`) ON DELETE NO ACTION ON UPDATE CASCADE,
  ADD CONSTRAINT `laporanmingguans_ibfk_42` FOREIGN KEY (`pendaftaranId`) REFERENCES `pendaftarans` (`id`) ON DELETE NO ACTION ON UPDATE CASCADE,
  ADD CONSTRAINT `laporanmingguans_ibfk_43` FOREIGN KEY (`pendaftaranId`) REFERENCES `pendaftarans` (`id`) ON DELETE NO ACTION ON UPDATE CASCADE,
  ADD CONSTRAINT `laporanmingguans_ibfk_44` FOREIGN KEY (`pendaftaranId`) REFERENCES `pendaftarans` (`id`) ON DELETE NO ACTION ON UPDATE CASCADE,
  ADD CONSTRAINT `laporanmingguans_ibfk_45` FOREIGN KEY (`pendaftaranId`) REFERENCES `pendaftarans` (`id`) ON DELETE NO ACTION ON UPDATE CASCADE,
  ADD CONSTRAINT `laporanmingguans_ibfk_46` FOREIGN KEY (`pendaftaranId`) REFERENCES `pendaftarans` (`id`) ON DELETE NO ACTION ON UPDATE CASCADE,
  ADD CONSTRAINT `laporanmingguans_ibfk_47` FOREIGN KEY (`pendaftaranId`) REFERENCES `pendaftarans` (`id`) ON DELETE NO ACTION ON UPDATE CASCADE,
  ADD CONSTRAINT `laporanmingguans_ibfk_48` FOREIGN KEY (`pendaftaranId`) REFERENCES `pendaftarans` (`id`) ON DELETE NO ACTION ON UPDATE CASCADE,
  ADD CONSTRAINT `laporanmingguans_ibfk_5` FOREIGN KEY (`pendaftaranId`) REFERENCES `pendaftarans` (`id`) ON DELETE NO ACTION ON UPDATE CASCADE,
  ADD CONSTRAINT `laporanmingguans_ibfk_6` FOREIGN KEY (`pendaftaranId`) REFERENCES `pendaftarans` (`id`) ON DELETE NO ACTION ON UPDATE CASCADE,
  ADD CONSTRAINT `laporanmingguans_ibfk_7` FOREIGN KEY (`pendaftaranId`) REFERENCES `pendaftarans` (`id`) ON DELETE NO ACTION ON UPDATE CASCADE,
  ADD CONSTRAINT `laporanmingguans_ibfk_8` FOREIGN KEY (`pendaftaranId`) REFERENCES `pendaftarans` (`id`) ON DELETE NO ACTION ON UPDATE CASCADE,
  ADD CONSTRAINT `laporanmingguans_ibfk_9` FOREIGN KEY (`pendaftaranId`) REFERENCES `pendaftarans` (`id`) ON DELETE NO ACTION ON UPDATE CASCADE;

--
-- Ketidakleluasaan untuk tabel `laporantengahs`
--
ALTER TABLE `laporantengahs`
  ADD CONSTRAINT `laporantengahs_ibfk_1` FOREIGN KEY (`pendaftaranId`) REFERENCES `pendaftarans` (`id`) ON DELETE NO ACTION ON UPDATE CASCADE,
  ADD CONSTRAINT `laporantengahs_ibfk_10` FOREIGN KEY (`pendaftaranId`) REFERENCES `pendaftarans` (`id`) ON DELETE NO ACTION ON UPDATE CASCADE,
  ADD CONSTRAINT `laporantengahs_ibfk_11` FOREIGN KEY (`pendaftaranId`) REFERENCES `pendaftarans` (`id`) ON DELETE NO ACTION ON UPDATE CASCADE,
  ADD CONSTRAINT `laporantengahs_ibfk_12` FOREIGN KEY (`pendaftaranId`) REFERENCES `pendaftarans` (`id`) ON DELETE NO ACTION ON UPDATE CASCADE,
  ADD CONSTRAINT `laporantengahs_ibfk_13` FOREIGN KEY (`pendaftaranId`) REFERENCES `pendaftarans` (`id`) ON DELETE NO ACTION ON UPDATE CASCADE,
  ADD CONSTRAINT `laporantengahs_ibfk_14` FOREIGN KEY (`pendaftaranId`) REFERENCES `pendaftarans` (`id`) ON DELETE NO ACTION ON UPDATE CASCADE,
  ADD CONSTRAINT `laporantengahs_ibfk_15` FOREIGN KEY (`pendaftaranId`) REFERENCES `pendaftarans` (`id`) ON DELETE NO ACTION ON UPDATE CASCADE,
  ADD CONSTRAINT `laporantengahs_ibfk_16` FOREIGN KEY (`pendaftaranId`) REFERENCES `pendaftarans` (`id`) ON DELETE NO ACTION ON UPDATE CASCADE,
  ADD CONSTRAINT `laporantengahs_ibfk_17` FOREIGN KEY (`pendaftaranId`) REFERENCES `pendaftarans` (`id`) ON DELETE NO ACTION ON UPDATE CASCADE,
  ADD CONSTRAINT `laporantengahs_ibfk_18` FOREIGN KEY (`pendaftaranId`) REFERENCES `pendaftarans` (`id`) ON DELETE NO ACTION ON UPDATE CASCADE,
  ADD CONSTRAINT `laporantengahs_ibfk_19` FOREIGN KEY (`pendaftaranId`) REFERENCES `pendaftarans` (`id`) ON DELETE NO ACTION ON UPDATE CASCADE,
  ADD CONSTRAINT `laporantengahs_ibfk_2` FOREIGN KEY (`pendaftaranId`) REFERENCES `pendaftarans` (`id`) ON DELETE NO ACTION ON UPDATE CASCADE,
  ADD CONSTRAINT `laporantengahs_ibfk_20` FOREIGN KEY (`pendaftaranId`) REFERENCES `pendaftarans` (`id`) ON DELETE NO ACTION ON UPDATE CASCADE,
  ADD CONSTRAINT `laporantengahs_ibfk_21` FOREIGN KEY (`pendaftaranId`) REFERENCES `pendaftarans` (`id`) ON DELETE NO ACTION ON UPDATE CASCADE,
  ADD CONSTRAINT `laporantengahs_ibfk_22` FOREIGN KEY (`pendaftaranId`) REFERENCES `pendaftarans` (`id`) ON DELETE NO ACTION ON UPDATE CASCADE,
  ADD CONSTRAINT `laporantengahs_ibfk_23` FOREIGN KEY (`pendaftaranId`) REFERENCES `pendaftarans` (`id`) ON DELETE NO ACTION ON UPDATE CASCADE,
  ADD CONSTRAINT `laporantengahs_ibfk_24` FOREIGN KEY (`pendaftaranId`) REFERENCES `pendaftarans` (`id`) ON DELETE NO ACTION ON UPDATE CASCADE,
  ADD CONSTRAINT `laporantengahs_ibfk_25` FOREIGN KEY (`pendaftaranId`) REFERENCES `pendaftarans` (`id`) ON DELETE NO ACTION ON UPDATE CASCADE,
  ADD CONSTRAINT `laporantengahs_ibfk_26` FOREIGN KEY (`pendaftaranId`) REFERENCES `pendaftarans` (`id`) ON DELETE NO ACTION ON UPDATE CASCADE,
  ADD CONSTRAINT `laporantengahs_ibfk_27` FOREIGN KEY (`pendaftaranId`) REFERENCES `pendaftarans` (`id`) ON DELETE NO ACTION ON UPDATE CASCADE,
  ADD CONSTRAINT `laporantengahs_ibfk_28` FOREIGN KEY (`pendaftaranId`) REFERENCES `pendaftarans` (`id`) ON DELETE NO ACTION ON UPDATE CASCADE,
  ADD CONSTRAINT `laporantengahs_ibfk_29` FOREIGN KEY (`pendaftaranId`) REFERENCES `pendaftarans` (`id`) ON DELETE NO ACTION ON UPDATE CASCADE,
  ADD CONSTRAINT `laporantengahs_ibfk_3` FOREIGN KEY (`pendaftaranId`) REFERENCES `pendaftarans` (`id`) ON DELETE NO ACTION ON UPDATE CASCADE,
  ADD CONSTRAINT `laporantengahs_ibfk_30` FOREIGN KEY (`pendaftaranId`) REFERENCES `pendaftarans` (`id`) ON DELETE NO ACTION ON UPDATE CASCADE,
  ADD CONSTRAINT `laporantengahs_ibfk_31` FOREIGN KEY (`pendaftaranId`) REFERENCES `pendaftarans` (`id`) ON DELETE NO ACTION ON UPDATE CASCADE,
  ADD CONSTRAINT `laporantengahs_ibfk_32` FOREIGN KEY (`pendaftaranId`) REFERENCES `pendaftarans` (`id`) ON DELETE NO ACTION ON UPDATE CASCADE,
  ADD CONSTRAINT `laporantengahs_ibfk_33` FOREIGN KEY (`pendaftaranId`) REFERENCES `pendaftarans` (`id`) ON DELETE NO ACTION ON UPDATE CASCADE,
  ADD CONSTRAINT `laporantengahs_ibfk_34` FOREIGN KEY (`pendaftaranId`) REFERENCES `pendaftarans` (`id`) ON DELETE NO ACTION ON UPDATE CASCADE,
  ADD CONSTRAINT `laporantengahs_ibfk_35` FOREIGN KEY (`pendaftaranId`) REFERENCES `pendaftarans` (`id`) ON DELETE NO ACTION ON UPDATE CASCADE,
  ADD CONSTRAINT `laporantengahs_ibfk_36` FOREIGN KEY (`pendaftaranId`) REFERENCES `pendaftarans` (`id`) ON DELETE NO ACTION ON UPDATE CASCADE,
  ADD CONSTRAINT `laporantengahs_ibfk_37` FOREIGN KEY (`pendaftaranId`) REFERENCES `pendaftarans` (`id`) ON DELETE NO ACTION ON UPDATE CASCADE,
  ADD CONSTRAINT `laporantengahs_ibfk_38` FOREIGN KEY (`pendaftaranId`) REFERENCES `pendaftarans` (`id`) ON DELETE NO ACTION ON UPDATE CASCADE,
  ADD CONSTRAINT `laporantengahs_ibfk_39` FOREIGN KEY (`pendaftaranId`) REFERENCES `pendaftarans` (`id`) ON DELETE NO ACTION ON UPDATE CASCADE,
  ADD CONSTRAINT `laporantengahs_ibfk_4` FOREIGN KEY (`pendaftaranId`) REFERENCES `pendaftarans` (`id`) ON DELETE NO ACTION ON UPDATE CASCADE,
  ADD CONSTRAINT `laporantengahs_ibfk_40` FOREIGN KEY (`pendaftaranId`) REFERENCES `pendaftarans` (`id`) ON DELETE NO ACTION ON UPDATE CASCADE,
  ADD CONSTRAINT `laporantengahs_ibfk_41` FOREIGN KEY (`pendaftaranId`) REFERENCES `pendaftarans` (`id`) ON DELETE NO ACTION ON UPDATE CASCADE,
  ADD CONSTRAINT `laporantengahs_ibfk_42` FOREIGN KEY (`pendaftaranId`) REFERENCES `pendaftarans` (`id`) ON DELETE NO ACTION ON UPDATE CASCADE,
  ADD CONSTRAINT `laporantengahs_ibfk_43` FOREIGN KEY (`pendaftaranId`) REFERENCES `pendaftarans` (`id`) ON DELETE NO ACTION ON UPDATE CASCADE,
  ADD CONSTRAINT `laporantengahs_ibfk_44` FOREIGN KEY (`pendaftaranId`) REFERENCES `pendaftarans` (`id`) ON DELETE NO ACTION ON UPDATE CASCADE,
  ADD CONSTRAINT `laporantengahs_ibfk_45` FOREIGN KEY (`pendaftaranId`) REFERENCES `pendaftarans` (`id`) ON DELETE NO ACTION ON UPDATE CASCADE,
  ADD CONSTRAINT `laporantengahs_ibfk_46` FOREIGN KEY (`pendaftaranId`) REFERENCES `pendaftarans` (`id`) ON DELETE NO ACTION ON UPDATE CASCADE,
  ADD CONSTRAINT `laporantengahs_ibfk_47` FOREIGN KEY (`pendaftaranId`) REFERENCES `pendaftarans` (`id`) ON DELETE NO ACTION ON UPDATE CASCADE,
  ADD CONSTRAINT `laporantengahs_ibfk_5` FOREIGN KEY (`pendaftaranId`) REFERENCES `pendaftarans` (`id`) ON DELETE NO ACTION ON UPDATE CASCADE,
  ADD CONSTRAINT `laporantengahs_ibfk_6` FOREIGN KEY (`pendaftaranId`) REFERENCES `pendaftarans` (`id`) ON DELETE NO ACTION ON UPDATE CASCADE,
  ADD CONSTRAINT `laporantengahs_ibfk_7` FOREIGN KEY (`pendaftaranId`) REFERENCES `pendaftarans` (`id`) ON DELETE NO ACTION ON UPDATE CASCADE,
  ADD CONSTRAINT `laporantengahs_ibfk_8` FOREIGN KEY (`pendaftaranId`) REFERENCES `pendaftarans` (`id`) ON DELETE NO ACTION ON UPDATE CASCADE,
  ADD CONSTRAINT `laporantengahs_ibfk_9` FOREIGN KEY (`pendaftaranId`) REFERENCES `pendaftarans` (`id`) ON DELETE NO ACTION ON UPDATE CASCADE;

--
-- Ketidakleluasaan untuk tabel `mahasiswas`
--
ALTER TABLE `mahasiswas`
  ADD CONSTRAINT `Mahasiswas_prodiId_foreign_idx` FOREIGN KEY (`prodiId`) REFERENCES `prodis` (`id`) ON DELETE NO ACTION ON UPDATE CASCADE,
  ADD CONSTRAINT `mahasiswas_ibfk_1` FOREIGN KEY (`userId`) REFERENCES `users` (`id`) ON DELETE NO ACTION ON UPDATE CASCADE,
  ADD CONSTRAINT `mahasiswas_ibfk_10` FOREIGN KEY (`userId`) REFERENCES `users` (`id`) ON DELETE NO ACTION ON UPDATE CASCADE,
  ADD CONSTRAINT `mahasiswas_ibfk_11` FOREIGN KEY (`userId`) REFERENCES `users` (`id`) ON DELETE NO ACTION ON UPDATE CASCADE,
  ADD CONSTRAINT `mahasiswas_ibfk_12` FOREIGN KEY (`userId`) REFERENCES `users` (`id`) ON DELETE NO ACTION ON UPDATE CASCADE,
  ADD CONSTRAINT `mahasiswas_ibfk_13` FOREIGN KEY (`userId`) REFERENCES `users` (`id`) ON DELETE NO ACTION ON UPDATE CASCADE,
  ADD CONSTRAINT `mahasiswas_ibfk_14` FOREIGN KEY (`prodiId`) REFERENCES `prodis` (`id`) ON DELETE NO ACTION ON UPDATE CASCADE,
  ADD CONSTRAINT `mahasiswas_ibfk_15` FOREIGN KEY (`userId`) REFERENCES `users` (`id`) ON DELETE NO ACTION ON UPDATE CASCADE,
  ADD CONSTRAINT `mahasiswas_ibfk_16` FOREIGN KEY (`prodiId`) REFERENCES `prodis` (`id`) ON DELETE NO ACTION ON UPDATE CASCADE,
  ADD CONSTRAINT `mahasiswas_ibfk_17` FOREIGN KEY (`userId`) REFERENCES `users` (`id`) ON DELETE NO ACTION ON UPDATE CASCADE,
  ADD CONSTRAINT `mahasiswas_ibfk_18` FOREIGN KEY (`prodiId`) REFERENCES `prodis` (`id`) ON DELETE NO ACTION ON UPDATE CASCADE,
  ADD CONSTRAINT `mahasiswas_ibfk_19` FOREIGN KEY (`userId`) REFERENCES `users` (`id`) ON DELETE NO ACTION ON UPDATE CASCADE,
  ADD CONSTRAINT `mahasiswas_ibfk_2` FOREIGN KEY (`userId`) REFERENCES `users` (`id`) ON DELETE NO ACTION ON UPDATE CASCADE,
  ADD CONSTRAINT `mahasiswas_ibfk_20` FOREIGN KEY (`prodiId`) REFERENCES `prodis` (`id`) ON DELETE NO ACTION ON UPDATE CASCADE,
  ADD CONSTRAINT `mahasiswas_ibfk_21` FOREIGN KEY (`userId`) REFERENCES `users` (`id`) ON DELETE NO ACTION ON UPDATE CASCADE,
  ADD CONSTRAINT `mahasiswas_ibfk_22` FOREIGN KEY (`prodiId`) REFERENCES `prodis` (`id`) ON DELETE NO ACTION ON UPDATE CASCADE,
  ADD CONSTRAINT `mahasiswas_ibfk_23` FOREIGN KEY (`userId`) REFERENCES `users` (`id`) ON DELETE NO ACTION ON UPDATE CASCADE,
  ADD CONSTRAINT `mahasiswas_ibfk_24` FOREIGN KEY (`prodiId`) REFERENCES `prodis` (`id`) ON DELETE NO ACTION ON UPDATE CASCADE,
  ADD CONSTRAINT `mahasiswas_ibfk_25` FOREIGN KEY (`userId`) REFERENCES `users` (`id`) ON DELETE NO ACTION ON UPDATE CASCADE,
  ADD CONSTRAINT `mahasiswas_ibfk_26` FOREIGN KEY (`prodiId`) REFERENCES `prodis` (`id`) ON DELETE NO ACTION ON UPDATE CASCADE,
  ADD CONSTRAINT `mahasiswas_ibfk_27` FOREIGN KEY (`userId`) REFERENCES `users` (`id`) ON DELETE NO ACTION ON UPDATE CASCADE,
  ADD CONSTRAINT `mahasiswas_ibfk_28` FOREIGN KEY (`prodiId`) REFERENCES `prodis` (`id`) ON DELETE NO ACTION ON UPDATE CASCADE,
  ADD CONSTRAINT `mahasiswas_ibfk_29` FOREIGN KEY (`userId`) REFERENCES `users` (`id`) ON DELETE NO ACTION ON UPDATE CASCADE,
  ADD CONSTRAINT `mahasiswas_ibfk_3` FOREIGN KEY (`userId`) REFERENCES `users` (`id`) ON DELETE NO ACTION ON UPDATE CASCADE,
  ADD CONSTRAINT `mahasiswas_ibfk_30` FOREIGN KEY (`prodiId`) REFERENCES `prodis` (`id`) ON DELETE NO ACTION ON UPDATE CASCADE,
  ADD CONSTRAINT `mahasiswas_ibfk_31` FOREIGN KEY (`userId`) REFERENCES `users` (`id`) ON DELETE NO ACTION ON UPDATE CASCADE,
  ADD CONSTRAINT `mahasiswas_ibfk_32` FOREIGN KEY (`prodiId`) REFERENCES `prodis` (`id`) ON DELETE NO ACTION ON UPDATE CASCADE,
  ADD CONSTRAINT `mahasiswas_ibfk_33` FOREIGN KEY (`userId`) REFERENCES `users` (`id`) ON DELETE NO ACTION ON UPDATE CASCADE,
  ADD CONSTRAINT `mahasiswas_ibfk_34` FOREIGN KEY (`prodiId`) REFERENCES `prodis` (`id`) ON DELETE NO ACTION ON UPDATE CASCADE,
  ADD CONSTRAINT `mahasiswas_ibfk_35` FOREIGN KEY (`userId`) REFERENCES `users` (`id`) ON DELETE NO ACTION ON UPDATE CASCADE,
  ADD CONSTRAINT `mahasiswas_ibfk_36` FOREIGN KEY (`prodiId`) REFERENCES `prodis` (`id`) ON DELETE NO ACTION ON UPDATE CASCADE,
  ADD CONSTRAINT `mahasiswas_ibfk_37` FOREIGN KEY (`userId`) REFERENCES `users` (`id`) ON DELETE NO ACTION ON UPDATE CASCADE,
  ADD CONSTRAINT `mahasiswas_ibfk_38` FOREIGN KEY (`prodiId`) REFERENCES `prodis` (`id`) ON DELETE NO ACTION ON UPDATE CASCADE,
  ADD CONSTRAINT `mahasiswas_ibfk_39` FOREIGN KEY (`userId`) REFERENCES `users` (`id`) ON DELETE NO ACTION ON UPDATE CASCADE,
  ADD CONSTRAINT `mahasiswas_ibfk_4` FOREIGN KEY (`userId`) REFERENCES `users` (`id`) ON DELETE NO ACTION ON UPDATE CASCADE,
  ADD CONSTRAINT `mahasiswas_ibfk_40` FOREIGN KEY (`prodiId`) REFERENCES `prodis` (`id`) ON DELETE NO ACTION ON UPDATE CASCADE,
  ADD CONSTRAINT `mahasiswas_ibfk_41` FOREIGN KEY (`userId`) REFERENCES `users` (`id`) ON DELETE NO ACTION ON UPDATE CASCADE,
  ADD CONSTRAINT `mahasiswas_ibfk_42` FOREIGN KEY (`prodiId`) REFERENCES `prodis` (`id`) ON DELETE NO ACTION ON UPDATE CASCADE,
  ADD CONSTRAINT `mahasiswas_ibfk_43` FOREIGN KEY (`userId`) REFERENCES `users` (`id`) ON DELETE NO ACTION ON UPDATE CASCADE,
  ADD CONSTRAINT `mahasiswas_ibfk_44` FOREIGN KEY (`prodiId`) REFERENCES `prodis` (`id`) ON DELETE NO ACTION ON UPDATE CASCADE,
  ADD CONSTRAINT `mahasiswas_ibfk_45` FOREIGN KEY (`userId`) REFERENCES `users` (`id`) ON DELETE NO ACTION ON UPDATE CASCADE,
  ADD CONSTRAINT `mahasiswas_ibfk_46` FOREIGN KEY (`prodiId`) REFERENCES `prodis` (`id`) ON DELETE NO ACTION ON UPDATE CASCADE,
  ADD CONSTRAINT `mahasiswas_ibfk_47` FOREIGN KEY (`userId`) REFERENCES `users` (`id`) ON DELETE NO ACTION ON UPDATE CASCADE,
  ADD CONSTRAINT `mahasiswas_ibfk_48` FOREIGN KEY (`prodiId`) REFERENCES `prodis` (`id`) ON DELETE NO ACTION ON UPDATE CASCADE,
  ADD CONSTRAINT `mahasiswas_ibfk_49` FOREIGN KEY (`userId`) REFERENCES `users` (`id`) ON DELETE NO ACTION ON UPDATE CASCADE,
  ADD CONSTRAINT `mahasiswas_ibfk_5` FOREIGN KEY (`userId`) REFERENCES `users` (`id`) ON DELETE NO ACTION ON UPDATE CASCADE,
  ADD CONSTRAINT `mahasiswas_ibfk_50` FOREIGN KEY (`prodiId`) REFERENCES `prodis` (`id`) ON DELETE NO ACTION ON UPDATE CASCADE,
  ADD CONSTRAINT `mahasiswas_ibfk_51` FOREIGN KEY (`userId`) REFERENCES `users` (`id`) ON DELETE NO ACTION ON UPDATE CASCADE,
  ADD CONSTRAINT `mahasiswas_ibfk_52` FOREIGN KEY (`prodiId`) REFERENCES `prodis` (`id`) ON DELETE NO ACTION ON UPDATE CASCADE,
  ADD CONSTRAINT `mahasiswas_ibfk_53` FOREIGN KEY (`userId`) REFERENCES `users` (`id`) ON DELETE NO ACTION ON UPDATE CASCADE,
  ADD CONSTRAINT `mahasiswas_ibfk_54` FOREIGN KEY (`prodiId`) REFERENCES `prodis` (`id`) ON DELETE NO ACTION ON UPDATE CASCADE,
  ADD CONSTRAINT `mahasiswas_ibfk_55` FOREIGN KEY (`userId`) REFERENCES `users` (`id`) ON DELETE NO ACTION ON UPDATE CASCADE,
  ADD CONSTRAINT `mahasiswas_ibfk_56` FOREIGN KEY (`prodiId`) REFERENCES `prodis` (`id`) ON DELETE NO ACTION ON UPDATE CASCADE,
  ADD CONSTRAINT `mahasiswas_ibfk_57` FOREIGN KEY (`userId`) REFERENCES `users` (`id`) ON DELETE NO ACTION ON UPDATE CASCADE,
  ADD CONSTRAINT `mahasiswas_ibfk_58` FOREIGN KEY (`prodiId`) REFERENCES `prodis` (`id`) ON DELETE NO ACTION ON UPDATE CASCADE,
  ADD CONSTRAINT `mahasiswas_ibfk_59` FOREIGN KEY (`userId`) REFERENCES `users` (`id`) ON DELETE NO ACTION ON UPDATE CASCADE,
  ADD CONSTRAINT `mahasiswas_ibfk_6` FOREIGN KEY (`userId`) REFERENCES `users` (`id`) ON DELETE NO ACTION ON UPDATE CASCADE,
  ADD CONSTRAINT `mahasiswas_ibfk_60` FOREIGN KEY (`prodiId`) REFERENCES `prodis` (`id`) ON DELETE NO ACTION ON UPDATE CASCADE,
  ADD CONSTRAINT `mahasiswas_ibfk_61` FOREIGN KEY (`userId`) REFERENCES `users` (`id`) ON DELETE NO ACTION ON UPDATE CASCADE,
  ADD CONSTRAINT `mahasiswas_ibfk_62` FOREIGN KEY (`prodiId`) REFERENCES `prodis` (`id`) ON DELETE NO ACTION ON UPDATE CASCADE,
  ADD CONSTRAINT `mahasiswas_ibfk_63` FOREIGN KEY (`userId`) REFERENCES `users` (`id`) ON DELETE NO ACTION ON UPDATE CASCADE,
  ADD CONSTRAINT `mahasiswas_ibfk_64` FOREIGN KEY (`prodiId`) REFERENCES `prodis` (`id`) ON DELETE NO ACTION ON UPDATE CASCADE,
  ADD CONSTRAINT `mahasiswas_ibfk_65` FOREIGN KEY (`userId`) REFERENCES `users` (`id`) ON DELETE NO ACTION ON UPDATE CASCADE,
  ADD CONSTRAINT `mahasiswas_ibfk_66` FOREIGN KEY (`prodiId`) REFERENCES `prodis` (`id`) ON DELETE NO ACTION ON UPDATE CASCADE,
  ADD CONSTRAINT `mahasiswas_ibfk_67` FOREIGN KEY (`userId`) REFERENCES `users` (`id`) ON DELETE NO ACTION ON UPDATE CASCADE,
  ADD CONSTRAINT `mahasiswas_ibfk_68` FOREIGN KEY (`prodiId`) REFERENCES `prodis` (`id`) ON DELETE NO ACTION ON UPDATE CASCADE,
  ADD CONSTRAINT `mahasiswas_ibfk_69` FOREIGN KEY (`userId`) REFERENCES `users` (`id`) ON DELETE NO ACTION ON UPDATE CASCADE,
  ADD CONSTRAINT `mahasiswas_ibfk_7` FOREIGN KEY (`userId`) REFERENCES `users` (`id`) ON DELETE NO ACTION ON UPDATE CASCADE,
  ADD CONSTRAINT `mahasiswas_ibfk_70` FOREIGN KEY (`prodiId`) REFERENCES `prodis` (`id`) ON DELETE NO ACTION ON UPDATE CASCADE,
  ADD CONSTRAINT `mahasiswas_ibfk_71` FOREIGN KEY (`userId`) REFERENCES `users` (`id`) ON DELETE NO ACTION ON UPDATE CASCADE,
  ADD CONSTRAINT `mahasiswas_ibfk_72` FOREIGN KEY (`userId`) REFERENCES `users` (`id`) ON DELETE NO ACTION ON UPDATE CASCADE,
  ADD CONSTRAINT `mahasiswas_ibfk_73` FOREIGN KEY (`prodiId`) REFERENCES `prodis` (`id`) ON DELETE NO ACTION ON UPDATE CASCADE,
  ADD CONSTRAINT `mahasiswas_ibfk_74` FOREIGN KEY (`userId`) REFERENCES `users` (`id`) ON DELETE NO ACTION ON UPDATE CASCADE,
  ADD CONSTRAINT `mahasiswas_ibfk_75` FOREIGN KEY (`prodiId`) REFERENCES `prodis` (`id`) ON DELETE NO ACTION ON UPDATE CASCADE,
  ADD CONSTRAINT `mahasiswas_ibfk_76` FOREIGN KEY (`userId`) REFERENCES `users` (`id`) ON DELETE NO ACTION ON UPDATE CASCADE,
  ADD CONSTRAINT `mahasiswas_ibfk_77` FOREIGN KEY (`prodiId`) REFERENCES `prodis` (`id`) ON DELETE NO ACTION ON UPDATE CASCADE,
  ADD CONSTRAINT `mahasiswas_ibfk_78` FOREIGN KEY (`userId`) REFERENCES `users` (`id`) ON DELETE NO ACTION ON UPDATE CASCADE,
  ADD CONSTRAINT `mahasiswas_ibfk_79` FOREIGN KEY (`prodiId`) REFERENCES `prodis` (`id`) ON DELETE NO ACTION ON UPDATE CASCADE,
  ADD CONSTRAINT `mahasiswas_ibfk_8` FOREIGN KEY (`userId`) REFERENCES `users` (`id`) ON DELETE NO ACTION ON UPDATE CASCADE,
  ADD CONSTRAINT `mahasiswas_ibfk_80` FOREIGN KEY (`userId`) REFERENCES `users` (`id`) ON DELETE NO ACTION ON UPDATE CASCADE,
  ADD CONSTRAINT `mahasiswas_ibfk_81` FOREIGN KEY (`prodiId`) REFERENCES `prodis` (`id`) ON DELETE NO ACTION ON UPDATE CASCADE,
  ADD CONSTRAINT `mahasiswas_ibfk_82` FOREIGN KEY (`userId`) REFERENCES `users` (`id`) ON DELETE NO ACTION ON UPDATE CASCADE,
  ADD CONSTRAINT `mahasiswas_ibfk_83` FOREIGN KEY (`prodiId`) REFERENCES `prodis` (`id`) ON DELETE NO ACTION ON UPDATE CASCADE,
  ADD CONSTRAINT `mahasiswas_ibfk_84` FOREIGN KEY (`userId`) REFERENCES `users` (`id`) ON DELETE NO ACTION ON UPDATE CASCADE,
  ADD CONSTRAINT `mahasiswas_ibfk_85` FOREIGN KEY (`prodiId`) REFERENCES `prodis` (`id`) ON DELETE NO ACTION ON UPDATE CASCADE,
  ADD CONSTRAINT `mahasiswas_ibfk_86` FOREIGN KEY (`userId`) REFERENCES `users` (`id`) ON DELETE NO ACTION ON UPDATE CASCADE,
  ADD CONSTRAINT `mahasiswas_ibfk_87` FOREIGN KEY (`prodiId`) REFERENCES `prodis` (`id`) ON DELETE NO ACTION ON UPDATE CASCADE,
  ADD CONSTRAINT `mahasiswas_ibfk_88` FOREIGN KEY (`userId`) REFERENCES `users` (`id`) ON DELETE NO ACTION ON UPDATE CASCADE,
  ADD CONSTRAINT `mahasiswas_ibfk_89` FOREIGN KEY (`prodiId`) REFERENCES `prodis` (`id`) ON DELETE NO ACTION ON UPDATE CASCADE,
  ADD CONSTRAINT `mahasiswas_ibfk_9` FOREIGN KEY (`userId`) REFERENCES `users` (`id`) ON DELETE NO ACTION ON UPDATE CASCADE,
  ADD CONSTRAINT `mahasiswas_ibfk_90` FOREIGN KEY (`userId`) REFERENCES `users` (`id`) ON DELETE NO ACTION ON UPDATE CASCADE,
  ADD CONSTRAINT `mahasiswas_ibfk_91` FOREIGN KEY (`prodiId`) REFERENCES `prodis` (`id`) ON DELETE NO ACTION ON UPDATE CASCADE,
  ADD CONSTRAINT `mahasiswas_ibfk_92` FOREIGN KEY (`userId`) REFERENCES `users` (`id`) ON DELETE NO ACTION ON UPDATE CASCADE,
  ADD CONSTRAINT `mahasiswas_ibfk_93` FOREIGN KEY (`prodiId`) REFERENCES `prodis` (`id`) ON DELETE NO ACTION ON UPDATE CASCADE,
  ADD CONSTRAINT `mahasiswas_ibfk_94` FOREIGN KEY (`userId`) REFERENCES `users` (`id`) ON DELETE NO ACTION ON UPDATE CASCADE,
  ADD CONSTRAINT `mahasiswas_ibfk_95` FOREIGN KEY (`prodiId`) REFERENCES `prodis` (`id`) ON DELETE NO ACTION ON UPDATE CASCADE,
  ADD CONSTRAINT `mahasiswas_ibfk_96` FOREIGN KEY (`userId`) REFERENCES `users` (`id`) ON DELETE NO ACTION ON UPDATE CASCADE,
  ADD CONSTRAINT `mahasiswas_ibfk_97` FOREIGN KEY (`prodiId`) REFERENCES `prodis` (`id`) ON DELETE NO ACTION ON UPDATE CASCADE,
  ADD CONSTRAINT `mahasiswas_ibfk_98` FOREIGN KEY (`userId`) REFERENCES `users` (`id`) ON DELETE NO ACTION ON UPDATE CASCADE,
  ADD CONSTRAINT `mahasiswas_ibfk_99` FOREIGN KEY (`prodiId`) REFERENCES `prodis` (`id`) ON DELETE NO ACTION ON UPDATE CASCADE;

--
-- Ketidakleluasaan untuk tabel `pendaftarans`
--
ALTER TABLE `pendaftarans`
  ADD CONSTRAINT `pendaftarans_ibfk_1` FOREIGN KEY (`mahasiswaId`) REFERENCES `mahasiswas` (`id`) ON DELETE CASCADE ON UPDATE CASCADE,
  ADD CONSTRAINT `pendaftarans_ibfk_10` FOREIGN KEY (`instansiId`) REFERENCES `instansis` (`id`) ON DELETE SET NULL ON UPDATE CASCADE,
  ADD CONSTRAINT `pendaftarans_ibfk_100` FOREIGN KEY (`mahasiswaId`) REFERENCES `mahasiswas` (`id`) ON DELETE CASCADE ON UPDATE CASCADE,
  ADD CONSTRAINT `pendaftarans_ibfk_101` FOREIGN KEY (`instansiId`) REFERENCES `instansis` (`id`) ON DELETE SET NULL ON UPDATE CASCADE,
  ADD CONSTRAINT `pendaftarans_ibfk_102` FOREIGN KEY (`dosenPembimbingId`) REFERENCES `dosens` (`id`) ON DELETE SET NULL ON UPDATE CASCADE,
  ADD CONSTRAINT `pendaftarans_ibfk_103` FOREIGN KEY (`periodeId`) REFERENCES `periodes` (`id`) ON DELETE SET NULL ON UPDATE CASCADE,
  ADD CONSTRAINT `pendaftarans_ibfk_104` FOREIGN KEY (`mahasiswaId`) REFERENCES `mahasiswas` (`id`) ON DELETE CASCADE ON UPDATE CASCADE,
  ADD CONSTRAINT `pendaftarans_ibfk_105` FOREIGN KEY (`instansiId`) REFERENCES `instansis` (`id`) ON DELETE SET NULL ON UPDATE CASCADE,
  ADD CONSTRAINT `pendaftarans_ibfk_106` FOREIGN KEY (`dosenPembimbingId`) REFERENCES `dosens` (`id`) ON DELETE SET NULL ON UPDATE CASCADE,
  ADD CONSTRAINT `pendaftarans_ibfk_107` FOREIGN KEY (`periodeId`) REFERENCES `periodes` (`id`) ON DELETE SET NULL ON UPDATE CASCADE,
  ADD CONSTRAINT `pendaftarans_ibfk_108` FOREIGN KEY (`mahasiswaId`) REFERENCES `mahasiswas` (`id`) ON DELETE CASCADE ON UPDATE CASCADE,
  ADD CONSTRAINT `pendaftarans_ibfk_109` FOREIGN KEY (`instansiId`) REFERENCES `instansis` (`id`) ON DELETE SET NULL ON UPDATE CASCADE,
  ADD CONSTRAINT `pendaftarans_ibfk_11` FOREIGN KEY (`dosenPembimbingId`) REFERENCES `dosens` (`id`) ON DELETE SET NULL ON UPDATE CASCADE,
  ADD CONSTRAINT `pendaftarans_ibfk_110` FOREIGN KEY (`dosenPembimbingId`) REFERENCES `dosens` (`id`) ON DELETE SET NULL ON UPDATE CASCADE,
  ADD CONSTRAINT `pendaftarans_ibfk_111` FOREIGN KEY (`periodeId`) REFERENCES `periodes` (`id`) ON DELETE SET NULL ON UPDATE CASCADE,
  ADD CONSTRAINT `pendaftarans_ibfk_112` FOREIGN KEY (`mahasiswaId`) REFERENCES `mahasiswas` (`id`) ON DELETE CASCADE ON UPDATE CASCADE,
  ADD CONSTRAINT `pendaftarans_ibfk_113` FOREIGN KEY (`instansiId`) REFERENCES `instansis` (`id`) ON DELETE SET NULL ON UPDATE CASCADE,
  ADD CONSTRAINT `pendaftarans_ibfk_114` FOREIGN KEY (`dosenPembimbingId`) REFERENCES `dosens` (`id`) ON DELETE SET NULL ON UPDATE CASCADE,
  ADD CONSTRAINT `pendaftarans_ibfk_115` FOREIGN KEY (`periodeId`) REFERENCES `periodes` (`id`) ON DELETE SET NULL ON UPDATE CASCADE,
  ADD CONSTRAINT `pendaftarans_ibfk_116` FOREIGN KEY (`mahasiswaId`) REFERENCES `mahasiswas` (`id`) ON DELETE CASCADE ON UPDATE CASCADE,
  ADD CONSTRAINT `pendaftarans_ibfk_117` FOREIGN KEY (`instansiId`) REFERENCES `instansis` (`id`) ON DELETE SET NULL ON UPDATE CASCADE,
  ADD CONSTRAINT `pendaftarans_ibfk_118` FOREIGN KEY (`dosenPembimbingId`) REFERENCES `dosens` (`id`) ON DELETE SET NULL ON UPDATE CASCADE,
  ADD CONSTRAINT `pendaftarans_ibfk_119` FOREIGN KEY (`periodeId`) REFERENCES `periodes` (`id`) ON DELETE SET NULL ON UPDATE CASCADE,
  ADD CONSTRAINT `pendaftarans_ibfk_12` FOREIGN KEY (`periodeId`) REFERENCES `periodes` (`id`) ON DELETE SET NULL ON UPDATE CASCADE,
  ADD CONSTRAINT `pendaftarans_ibfk_120` FOREIGN KEY (`mahasiswaId`) REFERENCES `mahasiswas` (`id`) ON DELETE CASCADE ON UPDATE CASCADE,
  ADD CONSTRAINT `pendaftarans_ibfk_121` FOREIGN KEY (`instansiId`) REFERENCES `instansis` (`id`) ON DELETE SET NULL ON UPDATE CASCADE,
  ADD CONSTRAINT `pendaftarans_ibfk_122` FOREIGN KEY (`dosenPembimbingId`) REFERENCES `dosens` (`id`) ON DELETE SET NULL ON UPDATE CASCADE,
  ADD CONSTRAINT `pendaftarans_ibfk_123` FOREIGN KEY (`periodeId`) REFERENCES `periodes` (`id`) ON DELETE SET NULL ON UPDATE CASCADE,
  ADD CONSTRAINT `pendaftarans_ibfk_124` FOREIGN KEY (`mahasiswaId`) REFERENCES `mahasiswas` (`id`) ON DELETE CASCADE ON UPDATE CASCADE,
  ADD CONSTRAINT `pendaftarans_ibfk_125` FOREIGN KEY (`instansiId`) REFERENCES `instansis` (`id`) ON DELETE SET NULL ON UPDATE CASCADE,
  ADD CONSTRAINT `pendaftarans_ibfk_126` FOREIGN KEY (`dosenPembimbingId`) REFERENCES `dosens` (`id`) ON DELETE SET NULL ON UPDATE CASCADE,
  ADD CONSTRAINT `pendaftarans_ibfk_127` FOREIGN KEY (`periodeId`) REFERENCES `periodes` (`id`) ON DELETE SET NULL ON UPDATE CASCADE,
  ADD CONSTRAINT `pendaftarans_ibfk_128` FOREIGN KEY (`mahasiswaId`) REFERENCES `mahasiswas` (`id`) ON DELETE CASCADE ON UPDATE CASCADE,
  ADD CONSTRAINT `pendaftarans_ibfk_129` FOREIGN KEY (`instansiId`) REFERENCES `instansis` (`id`) ON DELETE SET NULL ON UPDATE CASCADE,
  ADD CONSTRAINT `pendaftarans_ibfk_13` FOREIGN KEY (`mahasiswaId`) REFERENCES `mahasiswas` (`id`) ON DELETE CASCADE ON UPDATE CASCADE,
  ADD CONSTRAINT `pendaftarans_ibfk_130` FOREIGN KEY (`dosenPembimbingId`) REFERENCES `dosens` (`id`) ON DELETE SET NULL ON UPDATE CASCADE,
  ADD CONSTRAINT `pendaftarans_ibfk_131` FOREIGN KEY (`periodeId`) REFERENCES `periodes` (`id`) ON DELETE SET NULL ON UPDATE CASCADE,
  ADD CONSTRAINT `pendaftarans_ibfk_132` FOREIGN KEY (`mahasiswaId`) REFERENCES `mahasiswas` (`id`) ON DELETE CASCADE ON UPDATE CASCADE,
  ADD CONSTRAINT `pendaftarans_ibfk_133` FOREIGN KEY (`instansiId`) REFERENCES `instansis` (`id`) ON DELETE SET NULL ON UPDATE CASCADE,
  ADD CONSTRAINT `pendaftarans_ibfk_134` FOREIGN KEY (`dosenPembimbingId`) REFERENCES `dosens` (`id`) ON DELETE SET NULL ON UPDATE CASCADE,
  ADD CONSTRAINT `pendaftarans_ibfk_135` FOREIGN KEY (`periodeId`) REFERENCES `periodes` (`id`) ON DELETE SET NULL ON UPDATE CASCADE,
  ADD CONSTRAINT `pendaftarans_ibfk_136` FOREIGN KEY (`mahasiswaId`) REFERENCES `mahasiswas` (`id`) ON DELETE CASCADE ON UPDATE CASCADE,
  ADD CONSTRAINT `pendaftarans_ibfk_137` FOREIGN KEY (`instansiId`) REFERENCES `instansis` (`id`) ON DELETE SET NULL ON UPDATE CASCADE,
  ADD CONSTRAINT `pendaftarans_ibfk_138` FOREIGN KEY (`dosenPembimbingId`) REFERENCES `dosens` (`id`) ON DELETE SET NULL ON UPDATE CASCADE,
  ADD CONSTRAINT `pendaftarans_ibfk_139` FOREIGN KEY (`periodeId`) REFERENCES `periodes` (`id`) ON DELETE SET NULL ON UPDATE CASCADE,
  ADD CONSTRAINT `pendaftarans_ibfk_14` FOREIGN KEY (`instansiId`) REFERENCES `instansis` (`id`) ON DELETE SET NULL ON UPDATE CASCADE,
  ADD CONSTRAINT `pendaftarans_ibfk_140` FOREIGN KEY (`mahasiswaId`) REFERENCES `mahasiswas` (`id`) ON DELETE CASCADE ON UPDATE CASCADE,
  ADD CONSTRAINT `pendaftarans_ibfk_141` FOREIGN KEY (`instansiId`) REFERENCES `instansis` (`id`) ON DELETE SET NULL ON UPDATE CASCADE,
  ADD CONSTRAINT `pendaftarans_ibfk_142` FOREIGN KEY (`dosenPembimbingId`) REFERENCES `dosens` (`id`) ON DELETE SET NULL ON UPDATE CASCADE,
  ADD CONSTRAINT `pendaftarans_ibfk_143` FOREIGN KEY (`periodeId`) REFERENCES `periodes` (`id`) ON DELETE SET NULL ON UPDATE CASCADE,
  ADD CONSTRAINT `pendaftarans_ibfk_144` FOREIGN KEY (`mahasiswaId`) REFERENCES `mahasiswas` (`id`) ON DELETE CASCADE ON UPDATE CASCADE,
  ADD CONSTRAINT `pendaftarans_ibfk_145` FOREIGN KEY (`instansiId`) REFERENCES `instansis` (`id`) ON DELETE SET NULL ON UPDATE CASCADE,
  ADD CONSTRAINT `pendaftarans_ibfk_146` FOREIGN KEY (`dosenPembimbingId`) REFERENCES `dosens` (`id`) ON DELETE SET NULL ON UPDATE CASCADE,
  ADD CONSTRAINT `pendaftarans_ibfk_147` FOREIGN KEY (`periodeId`) REFERENCES `periodes` (`id`) ON DELETE SET NULL ON UPDATE CASCADE,
  ADD CONSTRAINT `pendaftarans_ibfk_148` FOREIGN KEY (`mahasiswaId`) REFERENCES `mahasiswas` (`id`) ON DELETE CASCADE ON UPDATE CASCADE,
  ADD CONSTRAINT `pendaftarans_ibfk_149` FOREIGN KEY (`instansiId`) REFERENCES `instansis` (`id`) ON DELETE SET NULL ON UPDATE CASCADE,
  ADD CONSTRAINT `pendaftarans_ibfk_15` FOREIGN KEY (`dosenPembimbingId`) REFERENCES `dosens` (`id`) ON DELETE SET NULL ON UPDATE CASCADE,
  ADD CONSTRAINT `pendaftarans_ibfk_150` FOREIGN KEY (`dosenPembimbingId`) REFERENCES `dosens` (`id`) ON DELETE SET NULL ON UPDATE CASCADE,
  ADD CONSTRAINT `pendaftarans_ibfk_151` FOREIGN KEY (`periodeId`) REFERENCES `periodes` (`id`) ON DELETE SET NULL ON UPDATE CASCADE,
  ADD CONSTRAINT `pendaftarans_ibfk_152` FOREIGN KEY (`mahasiswaId`) REFERENCES `mahasiswas` (`id`) ON DELETE CASCADE ON UPDATE CASCADE,
  ADD CONSTRAINT `pendaftarans_ibfk_153` FOREIGN KEY (`instansiId`) REFERENCES `instansis` (`id`) ON DELETE SET NULL ON UPDATE CASCADE,
  ADD CONSTRAINT `pendaftarans_ibfk_154` FOREIGN KEY (`dosenPembimbingId`) REFERENCES `dosens` (`id`) ON DELETE SET NULL ON UPDATE CASCADE,
  ADD CONSTRAINT `pendaftarans_ibfk_155` FOREIGN KEY (`periodeId`) REFERENCES `periodes` (`id`) ON DELETE SET NULL ON UPDATE CASCADE,
  ADD CONSTRAINT `pendaftarans_ibfk_156` FOREIGN KEY (`mahasiswaId`) REFERENCES `mahasiswas` (`id`) ON DELETE CASCADE ON UPDATE CASCADE,
  ADD CONSTRAINT `pendaftarans_ibfk_157` FOREIGN KEY (`instansiId`) REFERENCES `instansis` (`id`) ON DELETE SET NULL ON UPDATE CASCADE,
  ADD CONSTRAINT `pendaftarans_ibfk_158` FOREIGN KEY (`dosenPembimbingId`) REFERENCES `dosens` (`id`) ON DELETE SET NULL ON UPDATE CASCADE,
  ADD CONSTRAINT `pendaftarans_ibfk_159` FOREIGN KEY (`periodeId`) REFERENCES `periodes` (`id`) ON DELETE SET NULL ON UPDATE CASCADE,
  ADD CONSTRAINT `pendaftarans_ibfk_16` FOREIGN KEY (`periodeId`) REFERENCES `periodes` (`id`) ON DELETE SET NULL ON UPDATE CASCADE,
  ADD CONSTRAINT `pendaftarans_ibfk_160` FOREIGN KEY (`mahasiswaId`) REFERENCES `mahasiswas` (`id`) ON DELETE CASCADE ON UPDATE CASCADE,
  ADD CONSTRAINT `pendaftarans_ibfk_161` FOREIGN KEY (`instansiId`) REFERENCES `instansis` (`id`) ON DELETE SET NULL ON UPDATE CASCADE,
  ADD CONSTRAINT `pendaftarans_ibfk_162` FOREIGN KEY (`dosenPembimbingId`) REFERENCES `dosens` (`id`) ON DELETE SET NULL ON UPDATE CASCADE,
  ADD CONSTRAINT `pendaftarans_ibfk_163` FOREIGN KEY (`periodeId`) REFERENCES `periodes` (`id`) ON DELETE SET NULL ON UPDATE CASCADE,
  ADD CONSTRAINT `pendaftarans_ibfk_164` FOREIGN KEY (`mahasiswaId`) REFERENCES `mahasiswas` (`id`) ON DELETE CASCADE ON UPDATE CASCADE,
  ADD CONSTRAINT `pendaftarans_ibfk_165` FOREIGN KEY (`instansiId`) REFERENCES `instansis` (`id`) ON DELETE SET NULL ON UPDATE CASCADE,
  ADD CONSTRAINT `pendaftarans_ibfk_166` FOREIGN KEY (`dosenPembimbingId`) REFERENCES `dosens` (`id`) ON DELETE SET NULL ON UPDATE CASCADE,
  ADD CONSTRAINT `pendaftarans_ibfk_167` FOREIGN KEY (`periodeId`) REFERENCES `periodes` (`id`) ON DELETE SET NULL ON UPDATE CASCADE,
  ADD CONSTRAINT `pendaftarans_ibfk_168` FOREIGN KEY (`mahasiswaId`) REFERENCES `mahasiswas` (`id`) ON DELETE CASCADE ON UPDATE CASCADE,
  ADD CONSTRAINT `pendaftarans_ibfk_169` FOREIGN KEY (`instansiId`) REFERENCES `instansis` (`id`) ON DELETE SET NULL ON UPDATE CASCADE,
  ADD CONSTRAINT `pendaftarans_ibfk_17` FOREIGN KEY (`mahasiswaId`) REFERENCES `mahasiswas` (`id`) ON DELETE CASCADE ON UPDATE CASCADE,
  ADD CONSTRAINT `pendaftarans_ibfk_170` FOREIGN KEY (`dosenPembimbingId`) REFERENCES `dosens` (`id`) ON DELETE SET NULL ON UPDATE CASCADE,
  ADD CONSTRAINT `pendaftarans_ibfk_171` FOREIGN KEY (`periodeId`) REFERENCES `periodes` (`id`) ON DELETE SET NULL ON UPDATE CASCADE,
  ADD CONSTRAINT `pendaftarans_ibfk_172` FOREIGN KEY (`mahasiswaId`) REFERENCES `mahasiswas` (`id`) ON DELETE CASCADE ON UPDATE CASCADE,
  ADD CONSTRAINT `pendaftarans_ibfk_173` FOREIGN KEY (`instansiId`) REFERENCES `instansis` (`id`) ON DELETE SET NULL ON UPDATE CASCADE,
  ADD CONSTRAINT `pendaftarans_ibfk_174` FOREIGN KEY (`dosenPembimbingId`) REFERENCES `dosens` (`id`) ON DELETE SET NULL ON UPDATE CASCADE,
  ADD CONSTRAINT `pendaftarans_ibfk_175` FOREIGN KEY (`periodeId`) REFERENCES `periodes` (`id`) ON DELETE SET NULL ON UPDATE CASCADE,
  ADD CONSTRAINT `pendaftarans_ibfk_176` FOREIGN KEY (`mahasiswaId`) REFERENCES `mahasiswas` (`id`) ON DELETE CASCADE ON UPDATE CASCADE,
  ADD CONSTRAINT `pendaftarans_ibfk_177` FOREIGN KEY (`instansiId`) REFERENCES `instansis` (`id`) ON DELETE SET NULL ON UPDATE CASCADE,
  ADD CONSTRAINT `pendaftarans_ibfk_178` FOREIGN KEY (`dosenPembimbingId`) REFERENCES `dosens` (`id`) ON DELETE SET NULL ON UPDATE CASCADE,
  ADD CONSTRAINT `pendaftarans_ibfk_179` FOREIGN KEY (`periodeId`) REFERENCES `periodes` (`id`) ON DELETE SET NULL ON UPDATE CASCADE,
  ADD CONSTRAINT `pendaftarans_ibfk_18` FOREIGN KEY (`instansiId`) REFERENCES `instansis` (`id`) ON DELETE SET NULL ON UPDATE CASCADE,
  ADD CONSTRAINT `pendaftarans_ibfk_180` FOREIGN KEY (`mahasiswaId`) REFERENCES `mahasiswas` (`id`) ON DELETE CASCADE ON UPDATE CASCADE,
  ADD CONSTRAINT `pendaftarans_ibfk_181` FOREIGN KEY (`instansiId`) REFERENCES `instansis` (`id`) ON DELETE SET NULL ON UPDATE CASCADE,
  ADD CONSTRAINT `pendaftarans_ibfk_182` FOREIGN KEY (`mahasiswaId`) REFERENCES `mahasiswas` (`id`) ON DELETE CASCADE ON UPDATE CASCADE,
  ADD CONSTRAINT `pendaftarans_ibfk_183` FOREIGN KEY (`instansiId`) REFERENCES `instansis` (`id`) ON DELETE SET NULL ON UPDATE CASCADE,
  ADD CONSTRAINT `pendaftarans_ibfk_184` FOREIGN KEY (`dosenPembimbingId`) REFERENCES `dosens` (`id`) ON DELETE SET NULL ON UPDATE CASCADE,
  ADD CONSTRAINT `pendaftarans_ibfk_185` FOREIGN KEY (`periodeId`) REFERENCES `periodes` (`id`) ON DELETE SET NULL ON UPDATE CASCADE,
  ADD CONSTRAINT `pendaftarans_ibfk_186` FOREIGN KEY (`mahasiswaId`) REFERENCES `mahasiswas` (`id`) ON DELETE CASCADE ON UPDATE CASCADE,
  ADD CONSTRAINT `pendaftarans_ibfk_187` FOREIGN KEY (`instansiId`) REFERENCES `instansis` (`id`) ON DELETE SET NULL ON UPDATE CASCADE,
  ADD CONSTRAINT `pendaftarans_ibfk_188` FOREIGN KEY (`dosenPembimbingId`) REFERENCES `dosens` (`id`) ON DELETE SET NULL ON UPDATE CASCADE,
  ADD CONSTRAINT `pendaftarans_ibfk_189` FOREIGN KEY (`periodeId`) REFERENCES `periodes` (`id`) ON DELETE SET NULL ON UPDATE CASCADE,
  ADD CONSTRAINT `pendaftarans_ibfk_19` FOREIGN KEY (`dosenPembimbingId`) REFERENCES `dosens` (`id`) ON DELETE SET NULL ON UPDATE CASCADE,
  ADD CONSTRAINT `pendaftarans_ibfk_190` FOREIGN KEY (`mahasiswaId`) REFERENCES `mahasiswas` (`id`) ON DELETE CASCADE ON UPDATE CASCADE,
  ADD CONSTRAINT `pendaftarans_ibfk_191` FOREIGN KEY (`instansiId`) REFERENCES `instansis` (`id`) ON DELETE SET NULL ON UPDATE CASCADE,
  ADD CONSTRAINT `pendaftarans_ibfk_192` FOREIGN KEY (`dosenPembimbingId`) REFERENCES `dosens` (`id`) ON DELETE SET NULL ON UPDATE CASCADE,
  ADD CONSTRAINT `pendaftarans_ibfk_193` FOREIGN KEY (`periodeId`) REFERENCES `periodes` (`id`) ON DELETE SET NULL ON UPDATE CASCADE,
  ADD CONSTRAINT `pendaftarans_ibfk_194` FOREIGN KEY (`mahasiswaId`) REFERENCES `mahasiswas` (`id`) ON DELETE CASCADE ON UPDATE CASCADE,
  ADD CONSTRAINT `pendaftarans_ibfk_195` FOREIGN KEY (`instansiId`) REFERENCES `instansis` (`id`) ON DELETE SET NULL ON UPDATE CASCADE,
  ADD CONSTRAINT `pendaftarans_ibfk_196` FOREIGN KEY (`dosenPembimbingId`) REFERENCES `dosens` (`id`) ON DELETE SET NULL ON UPDATE CASCADE,
  ADD CONSTRAINT `pendaftarans_ibfk_197` FOREIGN KEY (`periodeId`) REFERENCES `periodes` (`id`) ON DELETE SET NULL ON UPDATE CASCADE,
  ADD CONSTRAINT `pendaftarans_ibfk_198` FOREIGN KEY (`mahasiswaId`) REFERENCES `mahasiswas` (`id`) ON DELETE CASCADE ON UPDATE CASCADE,
  ADD CONSTRAINT `pendaftarans_ibfk_199` FOREIGN KEY (`instansiId`) REFERENCES `instansis` (`id`) ON DELETE SET NULL ON UPDATE CASCADE,
  ADD CONSTRAINT `pendaftarans_ibfk_2` FOREIGN KEY (`instansiId`) REFERENCES `instansis` (`id`) ON DELETE SET NULL ON UPDATE CASCADE,
  ADD CONSTRAINT `pendaftarans_ibfk_20` FOREIGN KEY (`periodeId`) REFERENCES `periodes` (`id`) ON DELETE SET NULL ON UPDATE CASCADE,
  ADD CONSTRAINT `pendaftarans_ibfk_200` FOREIGN KEY (`dosenPembimbingId`) REFERENCES `dosens` (`id`) ON DELETE SET NULL ON UPDATE CASCADE,
  ADD CONSTRAINT `pendaftarans_ibfk_201` FOREIGN KEY (`periodeId`) REFERENCES `periodes` (`id`) ON DELETE SET NULL ON UPDATE CASCADE,
  ADD CONSTRAINT `pendaftarans_ibfk_202` FOREIGN KEY (`mahasiswaId`) REFERENCES `mahasiswas` (`id`) ON DELETE CASCADE ON UPDATE CASCADE,
  ADD CONSTRAINT `pendaftarans_ibfk_203` FOREIGN KEY (`instansiId`) REFERENCES `instansis` (`id`) ON DELETE SET NULL ON UPDATE CASCADE,
  ADD CONSTRAINT `pendaftarans_ibfk_204` FOREIGN KEY (`dosenPembimbingId`) REFERENCES `dosens` (`id`) ON DELETE SET NULL ON UPDATE CASCADE,
  ADD CONSTRAINT `pendaftarans_ibfk_205` FOREIGN KEY (`periodeId`) REFERENCES `periodes` (`id`) ON DELETE SET NULL ON UPDATE CASCADE,
  ADD CONSTRAINT `pendaftarans_ibfk_206` FOREIGN KEY (`mahasiswaId`) REFERENCES `mahasiswas` (`id`) ON DELETE CASCADE ON UPDATE CASCADE,
  ADD CONSTRAINT `pendaftarans_ibfk_207` FOREIGN KEY (`instansiId`) REFERENCES `instansis` (`id`) ON DELETE SET NULL ON UPDATE CASCADE,
  ADD CONSTRAINT `pendaftarans_ibfk_208` FOREIGN KEY (`dosenPembimbingId`) REFERENCES `dosens` (`id`) ON DELETE SET NULL ON UPDATE CASCADE,
  ADD CONSTRAINT `pendaftarans_ibfk_209` FOREIGN KEY (`periodeId`) REFERENCES `periodes` (`id`) ON DELETE SET NULL ON UPDATE CASCADE,
  ADD CONSTRAINT `pendaftarans_ibfk_21` FOREIGN KEY (`mahasiswaId`) REFERENCES `mahasiswas` (`id`) ON DELETE CASCADE ON UPDATE CASCADE,
  ADD CONSTRAINT `pendaftarans_ibfk_210` FOREIGN KEY (`mahasiswaId`) REFERENCES `mahasiswas` (`id`) ON DELETE CASCADE ON UPDATE CASCADE,
  ADD CONSTRAINT `pendaftarans_ibfk_211` FOREIGN KEY (`instansiId`) REFERENCES `instansis` (`id`) ON DELETE SET NULL ON UPDATE CASCADE,
  ADD CONSTRAINT `pendaftarans_ibfk_212` FOREIGN KEY (`dosenPembimbingId`) REFERENCES `dosens` (`id`) ON DELETE SET NULL ON UPDATE CASCADE,
  ADD CONSTRAINT `pendaftarans_ibfk_213` FOREIGN KEY (`periodeId`) REFERENCES `periodes` (`id`) ON DELETE SET NULL ON UPDATE CASCADE,
  ADD CONSTRAINT `pendaftarans_ibfk_22` FOREIGN KEY (`instansiId`) REFERENCES `instansis` (`id`) ON DELETE SET NULL ON UPDATE CASCADE,
  ADD CONSTRAINT `pendaftarans_ibfk_23` FOREIGN KEY (`dosenPembimbingId`) REFERENCES `dosens` (`id`) ON DELETE SET NULL ON UPDATE CASCADE,
  ADD CONSTRAINT `pendaftarans_ibfk_24` FOREIGN KEY (`periodeId`) REFERENCES `periodes` (`id`) ON DELETE SET NULL ON UPDATE CASCADE,
  ADD CONSTRAINT `pendaftarans_ibfk_25` FOREIGN KEY (`mahasiswaId`) REFERENCES `mahasiswas` (`id`) ON DELETE CASCADE ON UPDATE CASCADE,
  ADD CONSTRAINT `pendaftarans_ibfk_26` FOREIGN KEY (`instansiId`) REFERENCES `instansis` (`id`) ON DELETE SET NULL ON UPDATE CASCADE,
  ADD CONSTRAINT `pendaftarans_ibfk_27` FOREIGN KEY (`dosenPembimbingId`) REFERENCES `dosens` (`id`) ON DELETE SET NULL ON UPDATE CASCADE,
  ADD CONSTRAINT `pendaftarans_ibfk_28` FOREIGN KEY (`periodeId`) REFERENCES `periodes` (`id`) ON DELETE SET NULL ON UPDATE CASCADE,
  ADD CONSTRAINT `pendaftarans_ibfk_29` FOREIGN KEY (`mahasiswaId`) REFERENCES `mahasiswas` (`id`) ON DELETE CASCADE ON UPDATE CASCADE,
  ADD CONSTRAINT `pendaftarans_ibfk_3` FOREIGN KEY (`dosenPembimbingId`) REFERENCES `dosens` (`id`) ON DELETE SET NULL ON UPDATE CASCADE,
  ADD CONSTRAINT `pendaftarans_ibfk_30` FOREIGN KEY (`instansiId`) REFERENCES `instansis` (`id`) ON DELETE SET NULL ON UPDATE CASCADE,
  ADD CONSTRAINT `pendaftarans_ibfk_31` FOREIGN KEY (`dosenPembimbingId`) REFERENCES `dosens` (`id`) ON DELETE SET NULL ON UPDATE CASCADE,
  ADD CONSTRAINT `pendaftarans_ibfk_32` FOREIGN KEY (`periodeId`) REFERENCES `periodes` (`id`) ON DELETE SET NULL ON UPDATE CASCADE,
  ADD CONSTRAINT `pendaftarans_ibfk_33` FOREIGN KEY (`mahasiswaId`) REFERENCES `mahasiswas` (`id`) ON DELETE CASCADE ON UPDATE CASCADE,
  ADD CONSTRAINT `pendaftarans_ibfk_34` FOREIGN KEY (`instansiId`) REFERENCES `instansis` (`id`) ON DELETE SET NULL ON UPDATE CASCADE,
  ADD CONSTRAINT `pendaftarans_ibfk_35` FOREIGN KEY (`dosenPembimbingId`) REFERENCES `dosens` (`id`) ON DELETE SET NULL ON UPDATE CASCADE,
  ADD CONSTRAINT `pendaftarans_ibfk_36` FOREIGN KEY (`periodeId`) REFERENCES `periodes` (`id`) ON DELETE SET NULL ON UPDATE CASCADE,
  ADD CONSTRAINT `pendaftarans_ibfk_37` FOREIGN KEY (`mahasiswaId`) REFERENCES `mahasiswas` (`id`) ON DELETE CASCADE ON UPDATE CASCADE,
  ADD CONSTRAINT `pendaftarans_ibfk_38` FOREIGN KEY (`instansiId`) REFERENCES `instansis` (`id`) ON DELETE SET NULL ON UPDATE CASCADE,
  ADD CONSTRAINT `pendaftarans_ibfk_39` FOREIGN KEY (`dosenPembimbingId`) REFERENCES `dosens` (`id`) ON DELETE SET NULL ON UPDATE CASCADE,
  ADD CONSTRAINT `pendaftarans_ibfk_4` FOREIGN KEY (`periodeId`) REFERENCES `periodes` (`id`) ON DELETE SET NULL ON UPDATE CASCADE,
  ADD CONSTRAINT `pendaftarans_ibfk_40` FOREIGN KEY (`periodeId`) REFERENCES `periodes` (`id`) ON DELETE SET NULL ON UPDATE CASCADE,
  ADD CONSTRAINT `pendaftarans_ibfk_41` FOREIGN KEY (`mahasiswaId`) REFERENCES `mahasiswas` (`id`) ON DELETE CASCADE ON UPDATE CASCADE,
  ADD CONSTRAINT `pendaftarans_ibfk_42` FOREIGN KEY (`instansiId`) REFERENCES `instansis` (`id`) ON DELETE SET NULL ON UPDATE CASCADE,
  ADD CONSTRAINT `pendaftarans_ibfk_43` FOREIGN KEY (`dosenPembimbingId`) REFERENCES `dosens` (`id`) ON DELETE SET NULL ON UPDATE CASCADE,
  ADD CONSTRAINT `pendaftarans_ibfk_44` FOREIGN KEY (`periodeId`) REFERENCES `periodes` (`id`) ON DELETE SET NULL ON UPDATE CASCADE,
  ADD CONSTRAINT `pendaftarans_ibfk_45` FOREIGN KEY (`mahasiswaId`) REFERENCES `mahasiswas` (`id`) ON DELETE CASCADE ON UPDATE CASCADE,
  ADD CONSTRAINT `pendaftarans_ibfk_46` FOREIGN KEY (`instansiId`) REFERENCES `instansis` (`id`) ON DELETE SET NULL ON UPDATE CASCADE,
  ADD CONSTRAINT `pendaftarans_ibfk_47` FOREIGN KEY (`dosenPembimbingId`) REFERENCES `dosens` (`id`) ON DELETE SET NULL ON UPDATE CASCADE,
  ADD CONSTRAINT `pendaftarans_ibfk_48` FOREIGN KEY (`periodeId`) REFERENCES `periodes` (`id`) ON DELETE SET NULL ON UPDATE CASCADE,
  ADD CONSTRAINT `pendaftarans_ibfk_49` FOREIGN KEY (`mahasiswaId`) REFERENCES `mahasiswas` (`id`) ON DELETE CASCADE ON UPDATE CASCADE,
  ADD CONSTRAINT `pendaftarans_ibfk_5` FOREIGN KEY (`mahasiswaId`) REFERENCES `mahasiswas` (`id`) ON DELETE CASCADE ON UPDATE CASCADE,
  ADD CONSTRAINT `pendaftarans_ibfk_50` FOREIGN KEY (`instansiId`) REFERENCES `instansis` (`id`) ON DELETE SET NULL ON UPDATE CASCADE,
  ADD CONSTRAINT `pendaftarans_ibfk_51` FOREIGN KEY (`dosenPembimbingId`) REFERENCES `dosens` (`id`) ON DELETE SET NULL ON UPDATE CASCADE,
  ADD CONSTRAINT `pendaftarans_ibfk_52` FOREIGN KEY (`periodeId`) REFERENCES `periodes` (`id`) ON DELETE SET NULL ON UPDATE CASCADE,
  ADD CONSTRAINT `pendaftarans_ibfk_53` FOREIGN KEY (`mahasiswaId`) REFERENCES `mahasiswas` (`id`) ON DELETE CASCADE ON UPDATE CASCADE,
  ADD CONSTRAINT `pendaftarans_ibfk_54` FOREIGN KEY (`instansiId`) REFERENCES `instansis` (`id`) ON DELETE SET NULL ON UPDATE CASCADE,
  ADD CONSTRAINT `pendaftarans_ibfk_55` FOREIGN KEY (`dosenPembimbingId`) REFERENCES `dosens` (`id`) ON DELETE SET NULL ON UPDATE CASCADE,
  ADD CONSTRAINT `pendaftarans_ibfk_56` FOREIGN KEY (`periodeId`) REFERENCES `periodes` (`id`) ON DELETE SET NULL ON UPDATE CASCADE,
  ADD CONSTRAINT `pendaftarans_ibfk_57` FOREIGN KEY (`mahasiswaId`) REFERENCES `mahasiswas` (`id`) ON DELETE CASCADE ON UPDATE CASCADE,
  ADD CONSTRAINT `pendaftarans_ibfk_58` FOREIGN KEY (`instansiId`) REFERENCES `instansis` (`id`) ON DELETE SET NULL ON UPDATE CASCADE,
  ADD CONSTRAINT `pendaftarans_ibfk_59` FOREIGN KEY (`dosenPembimbingId`) REFERENCES `dosens` (`id`) ON DELETE SET NULL ON UPDATE CASCADE,
  ADD CONSTRAINT `pendaftarans_ibfk_6` FOREIGN KEY (`instansiId`) REFERENCES `instansis` (`id`) ON DELETE SET NULL ON UPDATE CASCADE,
  ADD CONSTRAINT `pendaftarans_ibfk_60` FOREIGN KEY (`periodeId`) REFERENCES `periodes` (`id`) ON DELETE SET NULL ON UPDATE CASCADE,
  ADD CONSTRAINT `pendaftarans_ibfk_61` FOREIGN KEY (`mahasiswaId`) REFERENCES `mahasiswas` (`id`) ON DELETE CASCADE ON UPDATE CASCADE,
  ADD CONSTRAINT `pendaftarans_ibfk_62` FOREIGN KEY (`instansiId`) REFERENCES `instansis` (`id`) ON DELETE SET NULL ON UPDATE CASCADE,
  ADD CONSTRAINT `pendaftarans_ibfk_63` FOREIGN KEY (`dosenPembimbingId`) REFERENCES `dosens` (`id`) ON DELETE SET NULL ON UPDATE CASCADE,
  ADD CONSTRAINT `pendaftarans_ibfk_64` FOREIGN KEY (`periodeId`) REFERENCES `periodes` (`id`) ON DELETE SET NULL ON UPDATE CASCADE,
  ADD CONSTRAINT `pendaftarans_ibfk_65` FOREIGN KEY (`mahasiswaId`) REFERENCES `mahasiswas` (`id`) ON DELETE CASCADE ON UPDATE CASCADE,
  ADD CONSTRAINT `pendaftarans_ibfk_66` FOREIGN KEY (`instansiId`) REFERENCES `instansis` (`id`) ON DELETE SET NULL ON UPDATE CASCADE,
  ADD CONSTRAINT `pendaftarans_ibfk_67` FOREIGN KEY (`dosenPembimbingId`) REFERENCES `dosens` (`id`) ON DELETE SET NULL ON UPDATE CASCADE,
  ADD CONSTRAINT `pendaftarans_ibfk_68` FOREIGN KEY (`periodeId`) REFERENCES `periodes` (`id`) ON DELETE SET NULL ON UPDATE CASCADE,
  ADD CONSTRAINT `pendaftarans_ibfk_69` FOREIGN KEY (`mahasiswaId`) REFERENCES `mahasiswas` (`id`) ON DELETE CASCADE ON UPDATE CASCADE,
  ADD CONSTRAINT `pendaftarans_ibfk_7` FOREIGN KEY (`dosenPembimbingId`) REFERENCES `dosens` (`id`) ON DELETE SET NULL ON UPDATE CASCADE,
  ADD CONSTRAINT `pendaftarans_ibfk_70` FOREIGN KEY (`instansiId`) REFERENCES `instansis` (`id`) ON DELETE SET NULL ON UPDATE CASCADE,
  ADD CONSTRAINT `pendaftarans_ibfk_71` FOREIGN KEY (`dosenPembimbingId`) REFERENCES `dosens` (`id`) ON DELETE SET NULL ON UPDATE CASCADE,
  ADD CONSTRAINT `pendaftarans_ibfk_72` FOREIGN KEY (`periodeId`) REFERENCES `periodes` (`id`) ON DELETE SET NULL ON UPDATE CASCADE,
  ADD CONSTRAINT `pendaftarans_ibfk_73` FOREIGN KEY (`mahasiswaId`) REFERENCES `mahasiswas` (`id`) ON DELETE CASCADE ON UPDATE CASCADE,
  ADD CONSTRAINT `pendaftarans_ibfk_74` FOREIGN KEY (`instansiId`) REFERENCES `instansis` (`id`) ON DELETE SET NULL ON UPDATE CASCADE,
  ADD CONSTRAINT `pendaftarans_ibfk_75` FOREIGN KEY (`dosenPembimbingId`) REFERENCES `dosens` (`id`) ON DELETE SET NULL ON UPDATE CASCADE,
  ADD CONSTRAINT `pendaftarans_ibfk_76` FOREIGN KEY (`periodeId`) REFERENCES `periodes` (`id`) ON DELETE SET NULL ON UPDATE CASCADE,
  ADD CONSTRAINT `pendaftarans_ibfk_77` FOREIGN KEY (`mahasiswaId`) REFERENCES `mahasiswas` (`id`) ON DELETE CASCADE ON UPDATE CASCADE,
  ADD CONSTRAINT `pendaftarans_ibfk_78` FOREIGN KEY (`instansiId`) REFERENCES `instansis` (`id`) ON DELETE SET NULL ON UPDATE CASCADE,
  ADD CONSTRAINT `pendaftarans_ibfk_79` FOREIGN KEY (`dosenPembimbingId`) REFERENCES `dosens` (`id`) ON DELETE SET NULL ON UPDATE CASCADE,
  ADD CONSTRAINT `pendaftarans_ibfk_8` FOREIGN KEY (`periodeId`) REFERENCES `periodes` (`id`) ON DELETE SET NULL ON UPDATE CASCADE,
  ADD CONSTRAINT `pendaftarans_ibfk_80` FOREIGN KEY (`periodeId`) REFERENCES `periodes` (`id`) ON DELETE SET NULL ON UPDATE CASCADE,
  ADD CONSTRAINT `pendaftarans_ibfk_81` FOREIGN KEY (`mahasiswaId`) REFERENCES `mahasiswas` (`id`) ON DELETE CASCADE ON UPDATE CASCADE,
  ADD CONSTRAINT `pendaftarans_ibfk_82` FOREIGN KEY (`instansiId`) REFERENCES `instansis` (`id`) ON DELETE SET NULL ON UPDATE CASCADE,
  ADD CONSTRAINT `pendaftarans_ibfk_83` FOREIGN KEY (`dosenPembimbingId`) REFERENCES `dosens` (`id`) ON DELETE SET NULL ON UPDATE CASCADE,
  ADD CONSTRAINT `pendaftarans_ibfk_84` FOREIGN KEY (`periodeId`) REFERENCES `periodes` (`id`) ON DELETE SET NULL ON UPDATE CASCADE,
  ADD CONSTRAINT `pendaftarans_ibfk_85` FOREIGN KEY (`mahasiswaId`) REFERENCES `mahasiswas` (`id`) ON DELETE CASCADE ON UPDATE CASCADE,
  ADD CONSTRAINT `pendaftarans_ibfk_86` FOREIGN KEY (`instansiId`) REFERENCES `instansis` (`id`) ON DELETE SET NULL ON UPDATE CASCADE,
  ADD CONSTRAINT `pendaftarans_ibfk_87` FOREIGN KEY (`dosenPembimbingId`) REFERENCES `dosens` (`id`) ON DELETE SET NULL ON UPDATE CASCADE,
  ADD CONSTRAINT `pendaftarans_ibfk_88` FOREIGN KEY (`periodeId`) REFERENCES `periodes` (`id`) ON DELETE SET NULL ON UPDATE CASCADE,
  ADD CONSTRAINT `pendaftarans_ibfk_89` FOREIGN KEY (`mahasiswaId`) REFERENCES `mahasiswas` (`id`) ON DELETE CASCADE ON UPDATE CASCADE,
  ADD CONSTRAINT `pendaftarans_ibfk_9` FOREIGN KEY (`mahasiswaId`) REFERENCES `mahasiswas` (`id`) ON DELETE CASCADE ON UPDATE CASCADE,
  ADD CONSTRAINT `pendaftarans_ibfk_90` FOREIGN KEY (`instansiId`) REFERENCES `instansis` (`id`) ON DELETE SET NULL ON UPDATE CASCADE,
  ADD CONSTRAINT `pendaftarans_ibfk_91` FOREIGN KEY (`dosenPembimbingId`) REFERENCES `dosens` (`id`) ON DELETE SET NULL ON UPDATE CASCADE,
  ADD CONSTRAINT `pendaftarans_ibfk_92` FOREIGN KEY (`periodeId`) REFERENCES `periodes` (`id`) ON DELETE SET NULL ON UPDATE CASCADE,
  ADD CONSTRAINT `pendaftarans_ibfk_93` FOREIGN KEY (`mahasiswaId`) REFERENCES `mahasiswas` (`id`) ON DELETE CASCADE ON UPDATE CASCADE,
  ADD CONSTRAINT `pendaftarans_ibfk_94` FOREIGN KEY (`instansiId`) REFERENCES `instansis` (`id`) ON DELETE SET NULL ON UPDATE CASCADE,
  ADD CONSTRAINT `pendaftarans_ibfk_95` FOREIGN KEY (`dosenPembimbingId`) REFERENCES `dosens` (`id`) ON DELETE SET NULL ON UPDATE CASCADE,
  ADD CONSTRAINT `pendaftarans_ibfk_96` FOREIGN KEY (`mahasiswaId`) REFERENCES `mahasiswas` (`id`) ON DELETE CASCADE ON UPDATE CASCADE,
  ADD CONSTRAINT `pendaftarans_ibfk_97` FOREIGN KEY (`instansiId`) REFERENCES `instansis` (`id`) ON DELETE SET NULL ON UPDATE CASCADE,
  ADD CONSTRAINT `pendaftarans_ibfk_98` FOREIGN KEY (`dosenPembimbingId`) REFERENCES `dosens` (`id`) ON DELETE SET NULL ON UPDATE CASCADE,
  ADD CONSTRAINT `pendaftarans_ibfk_99` FOREIGN KEY (`periodeId`) REFERENCES `periodes` (`id`) ON DELETE SET NULL ON UPDATE CASCADE;

--
-- Ketidakleluasaan untuk tabel `sidangs`
--
ALTER TABLE `sidangs`
  ADD CONSTRAINT `sidangs_ibfk_1` FOREIGN KEY (`pendaftaranId`) REFERENCES `pendaftarans` (`id`) ON DELETE NO ACTION ON UPDATE CASCADE,
  ADD CONSTRAINT `sidangs_ibfk_10` FOREIGN KEY (`dosenPengujiId`) REFERENCES `dosens` (`id`) ON DELETE SET NULL ON UPDATE CASCADE,
  ADD CONSTRAINT `sidangs_ibfk_11` FOREIGN KEY (`pendaftaranId`) REFERENCES `pendaftarans` (`id`) ON DELETE NO ACTION ON UPDATE CASCADE,
  ADD CONSTRAINT `sidangs_ibfk_12` FOREIGN KEY (`dosenPengujiId`) REFERENCES `dosens` (`id`) ON DELETE SET NULL ON UPDATE CASCADE,
  ADD CONSTRAINT `sidangs_ibfk_13` FOREIGN KEY (`pendaftaranId`) REFERENCES `pendaftarans` (`id`) ON DELETE NO ACTION ON UPDATE CASCADE,
  ADD CONSTRAINT `sidangs_ibfk_14` FOREIGN KEY (`dosenPengujiId`) REFERENCES `dosens` (`id`) ON DELETE SET NULL ON UPDATE CASCADE,
  ADD CONSTRAINT `sidangs_ibfk_15` FOREIGN KEY (`pendaftaranId`) REFERENCES `pendaftarans` (`id`) ON DELETE NO ACTION ON UPDATE CASCADE,
  ADD CONSTRAINT `sidangs_ibfk_16` FOREIGN KEY (`dosenPengujiId`) REFERENCES `dosens` (`id`) ON DELETE SET NULL ON UPDATE CASCADE,
  ADD CONSTRAINT `sidangs_ibfk_17` FOREIGN KEY (`pendaftaranId`) REFERENCES `pendaftarans` (`id`) ON DELETE NO ACTION ON UPDATE CASCADE,
  ADD CONSTRAINT `sidangs_ibfk_18` FOREIGN KEY (`dosenPengujiId`) REFERENCES `dosens` (`id`) ON DELETE SET NULL ON UPDATE CASCADE,
  ADD CONSTRAINT `sidangs_ibfk_19` FOREIGN KEY (`pendaftaranId`) REFERENCES `pendaftarans` (`id`) ON DELETE NO ACTION ON UPDATE CASCADE,
  ADD CONSTRAINT `sidangs_ibfk_2` FOREIGN KEY (`dosenPengujiId`) REFERENCES `dosens` (`id`) ON DELETE SET NULL ON UPDATE CASCADE,
  ADD CONSTRAINT `sidangs_ibfk_20` FOREIGN KEY (`dosenPengujiId`) REFERENCES `dosens` (`id`) ON DELETE SET NULL ON UPDATE CASCADE,
  ADD CONSTRAINT `sidangs_ibfk_21` FOREIGN KEY (`pendaftaranId`) REFERENCES `pendaftarans` (`id`) ON DELETE NO ACTION ON UPDATE CASCADE,
  ADD CONSTRAINT `sidangs_ibfk_22` FOREIGN KEY (`dosenPengujiId`) REFERENCES `dosens` (`id`) ON DELETE SET NULL ON UPDATE CASCADE,
  ADD CONSTRAINT `sidangs_ibfk_23` FOREIGN KEY (`pendaftaranId`) REFERENCES `pendaftarans` (`id`) ON DELETE NO ACTION ON UPDATE CASCADE,
  ADD CONSTRAINT `sidangs_ibfk_24` FOREIGN KEY (`dosenPengujiId`) REFERENCES `dosens` (`id`) ON DELETE SET NULL ON UPDATE CASCADE,
  ADD CONSTRAINT `sidangs_ibfk_25` FOREIGN KEY (`pendaftaranId`) REFERENCES `pendaftarans` (`id`) ON DELETE NO ACTION ON UPDATE CASCADE,
  ADD CONSTRAINT `sidangs_ibfk_26` FOREIGN KEY (`dosenPengujiId`) REFERENCES `dosens` (`id`) ON DELETE SET NULL ON UPDATE CASCADE,
  ADD CONSTRAINT `sidangs_ibfk_27` FOREIGN KEY (`pendaftaranId`) REFERENCES `pendaftarans` (`id`) ON DELETE NO ACTION ON UPDATE CASCADE,
  ADD CONSTRAINT `sidangs_ibfk_28` FOREIGN KEY (`dosenPengujiId`) REFERENCES `dosens` (`id`) ON DELETE SET NULL ON UPDATE CASCADE,
  ADD CONSTRAINT `sidangs_ibfk_29` FOREIGN KEY (`pendaftaranId`) REFERENCES `pendaftarans` (`id`) ON DELETE NO ACTION ON UPDATE CASCADE,
  ADD CONSTRAINT `sidangs_ibfk_3` FOREIGN KEY (`pendaftaranId`) REFERENCES `pendaftarans` (`id`) ON DELETE NO ACTION ON UPDATE CASCADE,
  ADD CONSTRAINT `sidangs_ibfk_30` FOREIGN KEY (`dosenPengujiId`) REFERENCES `dosens` (`id`) ON DELETE SET NULL ON UPDATE CASCADE,
  ADD CONSTRAINT `sidangs_ibfk_31` FOREIGN KEY (`pendaftaranId`) REFERENCES `pendaftarans` (`id`) ON DELETE NO ACTION ON UPDATE CASCADE,
  ADD CONSTRAINT `sidangs_ibfk_32` FOREIGN KEY (`dosenPengujiId`) REFERENCES `dosens` (`id`) ON DELETE SET NULL ON UPDATE CASCADE,
  ADD CONSTRAINT `sidangs_ibfk_33` FOREIGN KEY (`pendaftaranId`) REFERENCES `pendaftarans` (`id`) ON DELETE NO ACTION ON UPDATE CASCADE,
  ADD CONSTRAINT `sidangs_ibfk_34` FOREIGN KEY (`dosenPengujiId`) REFERENCES `dosens` (`id`) ON DELETE SET NULL ON UPDATE CASCADE,
  ADD CONSTRAINT `sidangs_ibfk_35` FOREIGN KEY (`pendaftaranId`) REFERENCES `pendaftarans` (`id`) ON DELETE NO ACTION ON UPDATE CASCADE,
  ADD CONSTRAINT `sidangs_ibfk_36` FOREIGN KEY (`dosenPengujiId`) REFERENCES `dosens` (`id`) ON DELETE SET NULL ON UPDATE CASCADE,
  ADD CONSTRAINT `sidangs_ibfk_37` FOREIGN KEY (`pendaftaranId`) REFERENCES `pendaftarans` (`id`) ON DELETE NO ACTION ON UPDATE CASCADE,
  ADD CONSTRAINT `sidangs_ibfk_38` FOREIGN KEY (`dosenPengujiId`) REFERENCES `dosens` (`id`) ON DELETE SET NULL ON UPDATE CASCADE,
  ADD CONSTRAINT `sidangs_ibfk_39` FOREIGN KEY (`pendaftaranId`) REFERENCES `pendaftarans` (`id`) ON DELETE NO ACTION ON UPDATE CASCADE,
  ADD CONSTRAINT `sidangs_ibfk_4` FOREIGN KEY (`dosenPengujiId`) REFERENCES `dosens` (`id`) ON DELETE SET NULL ON UPDATE CASCADE,
  ADD CONSTRAINT `sidangs_ibfk_40` FOREIGN KEY (`dosenPengujiId`) REFERENCES `dosens` (`id`) ON DELETE SET NULL ON UPDATE CASCADE,
  ADD CONSTRAINT `sidangs_ibfk_41` FOREIGN KEY (`pendaftaranId`) REFERENCES `pendaftarans` (`id`) ON DELETE NO ACTION ON UPDATE CASCADE,
  ADD CONSTRAINT `sidangs_ibfk_42` FOREIGN KEY (`dosenPengujiId`) REFERENCES `dosens` (`id`) ON DELETE SET NULL ON UPDATE CASCADE,
  ADD CONSTRAINT `sidangs_ibfk_43` FOREIGN KEY (`pendaftaranId`) REFERENCES `pendaftarans` (`id`) ON DELETE NO ACTION ON UPDATE CASCADE,
  ADD CONSTRAINT `sidangs_ibfk_44` FOREIGN KEY (`dosenPengujiId`) REFERENCES `dosens` (`id`) ON DELETE SET NULL ON UPDATE CASCADE,
  ADD CONSTRAINT `sidangs_ibfk_45` FOREIGN KEY (`pendaftaranId`) REFERENCES `pendaftarans` (`id`) ON DELETE NO ACTION ON UPDATE CASCADE,
  ADD CONSTRAINT `sidangs_ibfk_46` FOREIGN KEY (`dosenPengujiId`) REFERENCES `dosens` (`id`) ON DELETE SET NULL ON UPDATE CASCADE,
  ADD CONSTRAINT `sidangs_ibfk_47` FOREIGN KEY (`pendaftaranId`) REFERENCES `pendaftarans` (`id`) ON DELETE NO ACTION ON UPDATE CASCADE,
  ADD CONSTRAINT `sidangs_ibfk_48` FOREIGN KEY (`dosenPengujiId`) REFERENCES `dosens` (`id`) ON DELETE SET NULL ON UPDATE CASCADE,
  ADD CONSTRAINT `sidangs_ibfk_49` FOREIGN KEY (`pendaftaranId`) REFERENCES `pendaftarans` (`id`) ON DELETE NO ACTION ON UPDATE CASCADE,
  ADD CONSTRAINT `sidangs_ibfk_5` FOREIGN KEY (`pendaftaranId`) REFERENCES `pendaftarans` (`id`) ON DELETE NO ACTION ON UPDATE CASCADE,
  ADD CONSTRAINT `sidangs_ibfk_50` FOREIGN KEY (`dosenPengujiId`) REFERENCES `dosens` (`id`) ON DELETE SET NULL ON UPDATE CASCADE,
  ADD CONSTRAINT `sidangs_ibfk_51` FOREIGN KEY (`pendaftaranId`) REFERENCES `pendaftarans` (`id`) ON DELETE NO ACTION ON UPDATE CASCADE,
  ADD CONSTRAINT `sidangs_ibfk_52` FOREIGN KEY (`dosenPengujiId`) REFERENCES `dosens` (`id`) ON DELETE SET NULL ON UPDATE CASCADE,
  ADD CONSTRAINT `sidangs_ibfk_53` FOREIGN KEY (`pendaftaranId`) REFERENCES `pendaftarans` (`id`) ON DELETE NO ACTION ON UPDATE CASCADE,
  ADD CONSTRAINT `sidangs_ibfk_54` FOREIGN KEY (`dosenPengujiId`) REFERENCES `dosens` (`id`) ON DELETE SET NULL ON UPDATE CASCADE,
  ADD CONSTRAINT `sidangs_ibfk_55` FOREIGN KEY (`pendaftaranId`) REFERENCES `pendaftarans` (`id`) ON DELETE NO ACTION ON UPDATE CASCADE,
  ADD CONSTRAINT `sidangs_ibfk_56` FOREIGN KEY (`dosenPengujiId`) REFERENCES `dosens` (`id`) ON DELETE SET NULL ON UPDATE CASCADE,
  ADD CONSTRAINT `sidangs_ibfk_57` FOREIGN KEY (`pendaftaranId`) REFERENCES `pendaftarans` (`id`) ON DELETE NO ACTION ON UPDATE CASCADE,
  ADD CONSTRAINT `sidangs_ibfk_58` FOREIGN KEY (`dosenPengujiId`) REFERENCES `dosens` (`id`) ON DELETE SET NULL ON UPDATE CASCADE,
  ADD CONSTRAINT `sidangs_ibfk_59` FOREIGN KEY (`pendaftaranId`) REFERENCES `pendaftarans` (`id`) ON DELETE NO ACTION ON UPDATE CASCADE,
  ADD CONSTRAINT `sidangs_ibfk_6` FOREIGN KEY (`dosenPengujiId`) REFERENCES `dosens` (`id`) ON DELETE SET NULL ON UPDATE CASCADE,
  ADD CONSTRAINT `sidangs_ibfk_60` FOREIGN KEY (`dosenPengujiId`) REFERENCES `dosens` (`id`) ON DELETE SET NULL ON UPDATE CASCADE,
  ADD CONSTRAINT `sidangs_ibfk_61` FOREIGN KEY (`pendaftaranId`) REFERENCES `pendaftarans` (`id`) ON DELETE NO ACTION ON UPDATE CASCADE,
  ADD CONSTRAINT `sidangs_ibfk_62` FOREIGN KEY (`dosenPengujiId`) REFERENCES `dosens` (`id`) ON DELETE SET NULL ON UPDATE CASCADE,
  ADD CONSTRAINT `sidangs_ibfk_63` FOREIGN KEY (`pendaftaranId`) REFERENCES `pendaftarans` (`id`) ON DELETE NO ACTION ON UPDATE CASCADE,
  ADD CONSTRAINT `sidangs_ibfk_64` FOREIGN KEY (`dosenPengujiId`) REFERENCES `dosens` (`id`) ON DELETE SET NULL ON UPDATE CASCADE,
  ADD CONSTRAINT `sidangs_ibfk_65` FOREIGN KEY (`pendaftaranId`) REFERENCES `pendaftarans` (`id`) ON DELETE NO ACTION ON UPDATE CASCADE,
  ADD CONSTRAINT `sidangs_ibfk_66` FOREIGN KEY (`dosenPengujiId`) REFERENCES `dosens` (`id`) ON DELETE SET NULL ON UPDATE CASCADE,
  ADD CONSTRAINT `sidangs_ibfk_67` FOREIGN KEY (`pendaftaranId`) REFERENCES `pendaftarans` (`id`) ON DELETE NO ACTION ON UPDATE CASCADE,
  ADD CONSTRAINT `sidangs_ibfk_68` FOREIGN KEY (`dosenPengujiId`) REFERENCES `dosens` (`id`) ON DELETE SET NULL ON UPDATE CASCADE,
  ADD CONSTRAINT `sidangs_ibfk_69` FOREIGN KEY (`pendaftaranId`) REFERENCES `pendaftarans` (`id`) ON DELETE NO ACTION ON UPDATE CASCADE,
  ADD CONSTRAINT `sidangs_ibfk_7` FOREIGN KEY (`pendaftaranId`) REFERENCES `pendaftarans` (`id`) ON DELETE NO ACTION ON UPDATE CASCADE,
  ADD CONSTRAINT `sidangs_ibfk_70` FOREIGN KEY (`dosenPengujiId`) REFERENCES `dosens` (`id`) ON DELETE SET NULL ON UPDATE CASCADE,
  ADD CONSTRAINT `sidangs_ibfk_71` FOREIGN KEY (`pendaftaranId`) REFERENCES `pendaftarans` (`id`) ON DELETE NO ACTION ON UPDATE CASCADE,
  ADD CONSTRAINT `sidangs_ibfk_72` FOREIGN KEY (`dosenPengujiId`) REFERENCES `dosens` (`id`) ON DELETE SET NULL ON UPDATE CASCADE,
  ADD CONSTRAINT `sidangs_ibfk_73` FOREIGN KEY (`pendaftaranId`) REFERENCES `pendaftarans` (`id`) ON DELETE NO ACTION ON UPDATE CASCADE,
  ADD CONSTRAINT `sidangs_ibfk_74` FOREIGN KEY (`dosenPengujiId`) REFERENCES `dosens` (`id`) ON DELETE SET NULL ON UPDATE CASCADE,
  ADD CONSTRAINT `sidangs_ibfk_75` FOREIGN KEY (`pendaftaranId`) REFERENCES `pendaftarans` (`id`) ON DELETE NO ACTION ON UPDATE CASCADE,
  ADD CONSTRAINT `sidangs_ibfk_76` FOREIGN KEY (`dosenPengujiId`) REFERENCES `dosens` (`id`) ON DELETE SET NULL ON UPDATE CASCADE,
  ADD CONSTRAINT `sidangs_ibfk_77` FOREIGN KEY (`pendaftaranId`) REFERENCES `pendaftarans` (`id`) ON DELETE NO ACTION ON UPDATE CASCADE,
  ADD CONSTRAINT `sidangs_ibfk_78` FOREIGN KEY (`dosenPengujiId`) REFERENCES `dosens` (`id`) ON DELETE SET NULL ON UPDATE CASCADE,
  ADD CONSTRAINT `sidangs_ibfk_79` FOREIGN KEY (`pendaftaranId`) REFERENCES `pendaftarans` (`id`) ON DELETE NO ACTION ON UPDATE CASCADE,
  ADD CONSTRAINT `sidangs_ibfk_8` FOREIGN KEY (`dosenPengujiId`) REFERENCES `dosens` (`id`) ON DELETE SET NULL ON UPDATE CASCADE,
  ADD CONSTRAINT `sidangs_ibfk_80` FOREIGN KEY (`dosenPengujiId`) REFERENCES `dosens` (`id`) ON DELETE SET NULL ON UPDATE CASCADE,
  ADD CONSTRAINT `sidangs_ibfk_81` FOREIGN KEY (`pendaftaranId`) REFERENCES `pendaftarans` (`id`) ON DELETE NO ACTION ON UPDATE CASCADE,
  ADD CONSTRAINT `sidangs_ibfk_82` FOREIGN KEY (`dosenPengujiId`) REFERENCES `dosens` (`id`) ON DELETE SET NULL ON UPDATE CASCADE,
  ADD CONSTRAINT `sidangs_ibfk_83` FOREIGN KEY (`pendaftaranId`) REFERENCES `pendaftarans` (`id`) ON DELETE NO ACTION ON UPDATE CASCADE,
  ADD CONSTRAINT `sidangs_ibfk_84` FOREIGN KEY (`dosenPengujiId`) REFERENCES `dosens` (`id`) ON DELETE SET NULL ON UPDATE CASCADE,
  ADD CONSTRAINT `sidangs_ibfk_85` FOREIGN KEY (`pendaftaranId`) REFERENCES `pendaftarans` (`id`) ON DELETE NO ACTION ON UPDATE CASCADE,
  ADD CONSTRAINT `sidangs_ibfk_86` FOREIGN KEY (`dosenPengujiId`) REFERENCES `dosens` (`id`) ON DELETE SET NULL ON UPDATE CASCADE,
  ADD CONSTRAINT `sidangs_ibfk_87` FOREIGN KEY (`pendaftaranId`) REFERENCES `pendaftarans` (`id`) ON DELETE NO ACTION ON UPDATE CASCADE,
  ADD CONSTRAINT `sidangs_ibfk_88` FOREIGN KEY (`dosenPengujiId`) REFERENCES `dosens` (`id`) ON DELETE SET NULL ON UPDATE CASCADE,
  ADD CONSTRAINT `sidangs_ibfk_89` FOREIGN KEY (`pendaftaranId`) REFERENCES `pendaftarans` (`id`) ON DELETE NO ACTION ON UPDATE CASCADE,
  ADD CONSTRAINT `sidangs_ibfk_9` FOREIGN KEY (`pendaftaranId`) REFERENCES `pendaftarans` (`id`) ON DELETE NO ACTION ON UPDATE CASCADE,
  ADD CONSTRAINT `sidangs_ibfk_90` FOREIGN KEY (`dosenPengujiId`) REFERENCES `dosens` (`id`) ON DELETE SET NULL ON UPDATE CASCADE,
  ADD CONSTRAINT `sidangs_ibfk_91` FOREIGN KEY (`pendaftaranId`) REFERENCES `pendaftarans` (`id`) ON DELETE NO ACTION ON UPDATE CASCADE,
  ADD CONSTRAINT `sidangs_ibfk_92` FOREIGN KEY (`dosenPengujiId`) REFERENCES `dosens` (`id`) ON DELETE SET NULL ON UPDATE CASCADE,
  ADD CONSTRAINT `sidangs_ibfk_93` FOREIGN KEY (`pendaftaranId`) REFERENCES `pendaftarans` (`id`) ON DELETE NO ACTION ON UPDATE CASCADE,
  ADD CONSTRAINT `sidangs_ibfk_94` FOREIGN KEY (`dosenPengujiId`) REFERENCES `dosens` (`id`) ON DELETE SET NULL ON UPDATE CASCADE;
COMMIT;

/*!40101 SET CHARACTER_SET_CLIENT=@OLD_CHARACTER_SET_CLIENT */;
/*!40101 SET CHARACTER_SET_RESULTS=@OLD_CHARACTER_SET_RESULTS */;
/*!40101 SET COLLATION_CONNECTION=@OLD_COLLATION_CONNECTION */;
